{"0": {"goal_first_found": 538.0, "goal_after_found_std": 0.0, "num_ep": 100, "reward_std": 4.6883275616019366, "num_goal": 0.17000000000000001, "num_goals_std": 0.40137264480778961, "goal_after_found": 521.0, "reward": -1.4185747480392457, "goal_first_found_std": 0.0}}