{"0": {"goal_first_found": 269.52173913043481, "goal_after_found_std": 155.79093248417362, "num_ep": 100, "reward_std": 12.743782874964353, "num_goal": 3.3199999999999998, "num_goals_std": 1.2639620247459968, "goal_after_found": 307.26938396951425, "reward": 32.759488940238953, "goal_first_found_std": 143.49954387602631}}