{"0": {"prob_shortest_per_episode": 0.0, "reward": 0.98441621825098991, "dist_ratio_per_episode_std": 1.302607754434512, "goal_after_found_std": 177.5, "num_ep": 100, "reward_per_dist_std": 0.0015540966874587011, "dist_ratio_per_episode": 4.589881968577421, "reward_std": 4.0063430396688293, "num_goal": 0.14000000000000001, "num_goals_std": 0.40049968789001567, "goal_after_found": 535.5, "goal_first_found": 310.0, "prob_shortest_per_episode_std": 0.0, "goal_first_found_std": 19.0, "reward_per_dist": 0.0054874834231604854}}