{"0": {"goal_first_found": 140.71000000000001, "goal_after_found_std": 19.663348984495915, "num_ep": 100, "reward_std": 12.570305184902351, "num_goal": 8.6699999999999999, "num_goals_std": 1.2574179893734623, "goal_after_found": 130.76114097595215, "reward": 86.123442192077633, "goal_first_found_std": 51.506561717901533}}