{"0": {"prob_shortest_per_episode": 0.0, "reward": 14.965455359257758, "dist_ratio_per_episode_std": 0.43629377743677117, "goal_after_found_std": 130.16751697264186, "num_ep": 100, "reward_per_dist_std": 0.0022365005932942256, "dist_ratio_per_episode": 1.9942107644022935, "reward_std": 11.254389328233456, "num_goal": 1.5900000000000001, "num_goals_std": 1.1322102278287369, "goal_after_found": 285.08333343505859, "goal_first_found": 521.84000000000003, "prob_shortest_per_episode_std": 0.0, "goal_first_found_std": 213.46553445462806, "reward_per_dist": 0.010352100013707692}}