{"0": {"prob_shortest_per_episode": NaN, "reward": 13.164833690822125, "dist_ratio_per_episode_std": NaN, "goal_after_found_std": 171.42255045952359, "num_ep": 100, "reward_per_dist_std": NaN, "dist_ratio_per_episode": NaN, "reward_std": 13.598959335959401, "num_goal": 1.3899999999999999, "num_goals_std": 1.3556917053666735, "goal_after_found": 351.04761941092357, "goal_first_found": 353.61904761904759, "prob_shortest_per_episode_std": NaN, "goal_first_found_std": 202.96152020717437, "reward_per_dist": -Infinity}}