{"0": {"prob_shortest_per_episode": 0.0, "reward": 18.303765957355498, "dist_ratio_per_episode_std": 0.48324891116066593, "goal_after_found_std": 82.845275806365208, "num_ep": 100, "reward_per_dist_std": 0.001019971316772115, "dist_ratio_per_episode": 2.776243896928976, "reward_std": 8.0441617831081427, "num_goal": 3.0600000000000001, "num_goals_std": 0.67557383016218153, "goal_after_found": 328.31313115900213, "goal_first_found": 315.49494949494948, "prob_shortest_per_episode_std": 0.0, "goal_first_found_std": 86.886943113354533, "reward_per_dist": 0.0024964727934395025}}