{"0": {"prob_shortest_per_episode": 0.64821825396825394, "reward": 79.125628128051758, "dist_ratio_per_episode_std": 0.061676964097024514, "goal_after_found_std": 21.253240405622865, "num_ep": 100, "reward_per_dist_std": 0.0014299331390099247, "dist_ratio_per_episode": 0.90494534119251058, "reward_std": 12.597133020541984, "num_goal": 7.9699999999999998, "num_goals_std": 1.2526372180324199, "goal_after_found": 142.3957024383545, "goal_first_found": 140.84, "prob_shortest_per_episode_std": 0.17159465697015588, "goal_first_found_std": 78.824833650316052, "reward_per_dist": 0.013937262895553661}}