{"0": {"goal_first_found": 843.0, "goal_after_found_std": 0.0, "num_ep": 100, "reward_std": 5.4787561178760189, "num_goal": 0.22, "num_goals_std": 0.54000000000000004, "goal_after_found": 64.0, "reward": 0.2216515862941742, "goal_first_found_std": 0.0}}