{"0": {"prob_shortest_per_episode": 0.83333333333333337, "reward": -0.12763364791870116, "dist_ratio_per_episode_std": 0.19603246219352635, "goal_after_found_std": 61.958767651470353, "num_ep": 100, "reward_per_dist_std": 0.018302445077429761, "dist_ratio_per_episode": 1.147271507414571, "reward_std": 5.049265600582971, "num_goal": 0.17999999999999999, "num_goals_std": 0.49759421218498917, "goal_after_found": 116.33333333333333, "goal_first_found": 338.66666666666669, "prob_shortest_per_episode_std": 0.23570226039551584, "goal_first_found_std": 199.68196936350785, "reward_per_dist": 0.036438443371918233}}