{"0": {"prob_shortest_per_episode": NaN, "reward": 11.076756131350994, "dist_ratio_per_episode_std": NaN, "goal_after_found_std": 174.3005842919344, "num_ep": 100, "reward_per_dist_std": NaN, "dist_ratio_per_episode": NaN, "reward_std": 15.218484142567318, "num_goal": 1.1799999999999999, "num_goals_std": 1.5190786681406596, "goal_after_found": 385.93434281782669, "goal_first_found": 304.84848484848487, "prob_shortest_per_episode_std": NaN, "goal_first_found_std": 127.16491826403325, "reward_per_dist": NaN}}