{"0": {"prob_shortest_per_episode": NaN, "reward": 42.123985738754271, "dist_ratio_per_episode_std": NaN, "goal_after_found_std": 136.09517852673164, "num_ep": 100, "reward_per_dist_std": NaN, "dist_ratio_per_episode": NaN, "reward_std": 16.602709291942034, "num_goal": 4.2599999999999998, "num_goals_std": 1.6590358645912393, "goal_after_found": 248.1649877447831, "goal_first_found": 213.43157894736842, "prob_shortest_per_episode_std": NaN, "goal_first_found_std": 152.40539102438731, "reward_per_dist": Infinity}}