{"0": {"prob_shortest_per_episode": 0.61457030623697284, "reward": 83.944231619834895, "dist_ratio_per_episode_std": 0.073453507363436518, "goal_after_found_std": 36.926133563239759, "num_ep": 100, "reward_per_dist_std": 0.0016171820038159374, "dist_ratio_per_episode": 0.93037342349019525, "reward_std": 17.120020300721695, "num_goal": 8.4600000000000009, "num_goals_std": 1.6817847662528043, "goal_after_found": 136.60900223857226, "goal_first_found": 136.38383838383839, "prob_shortest_per_episode_std": 0.16396490874190003, "goal_first_found_std": 57.919607655122938, "reward_per_dist": 0.011300259273026032}}