{"0": {"goal_first_found": 134.47999999999999, "goal_after_found_std": 21.045867978474163, "num_ep": 100, "reward_std": 12.666692644884087, "num_goal": 8.3499999999999996, "num_goals_std": 1.2678722333105967, "goal_after_found": 138.0188558959961, "reward": 82.950813102722165, "goal_first_found_std": 54.990086379273848}}