{"0": {"prob_shortest_per_episode": 0.093085106382978719, "reward": 36.442524118423464, "dist_ratio_per_episode_std": 1.160278543456676, "goal_after_found_std": 140.83353658387838, "num_ep": 100, "reward_per_dist_std": 0.0023150844568321058, "dist_ratio_per_episode": 2.5988156901907851, "reward_std": 14.031336078538263, "num_goal": 3.6899999999999999, "num_goals_std": 1.4049555153100044, "goal_after_found": 299.03138359556806, "goal_first_found": 188.11702127659575, "prob_shortest_per_episode_std": 0.16578507217608815, "goal_first_found_std": 94.07657093898483, "reward_per_dist": 0.0072382641511358429}}