{"0": {"prob_shortest_per_episode": 0.01075268817204301, "reward": 11.85478278785944, "dist_ratio_per_episode_std": 0.57776263501201408, "goal_after_found_std": 119.92327343835117, "num_ep": 100, "reward_per_dist_std": 0.0026184087703401133, "dist_ratio_per_episode": 1.5162043054878456, "reward_std": 15.003585762451571, "num_goal": 1.26, "num_goals_std": 1.5007997867803686, "goal_after_found": 305.42473134686873, "goal_first_found": 311.29032258064518, "prob_shortest_per_episode_std": 0.058894898656469477, "goal_first_found_std": 172.52212453692613, "reward_per_dist": 0.0069763193825149398}}