{"0": {"goal_first_found": 118.69, "goal_after_found_std": 23.791290150792122, "num_ep": 100, "reward_std": 12.567043400317875, "num_goal": 8.2200000000000006, "num_goals_std": 1.2615863030328129, "goal_after_found": 142.42057044982911, "reward": 81.622235298156738, "goal_first_found_std": 61.365575854871594}}