{"0": {"prob_shortest_per_episode": NaN, "reward": 27.679493883252142, "dist_ratio_per_episode_std": NaN, "goal_after_found_std": 175.65988786409849, "num_ep": 100, "reward_per_dist_std": NaN, "dist_ratio_per_episode": NaN, "reward_std": 12.960140128792052, "num_goal": 2.8900000000000001, "num_goals_std": 1.3106868428423319, "goal_after_found": 332.38703673562884, "goal_first_found": 285.8641975308642, "prob_shortest_per_episode_std": NaN, "goal_first_found_std": 170.91552697212302, "reward_per_dist": NaN}}