{"0": {"goal_first_found": 898.0, "goal_after_found_std": 0.0, "num_ep": 100, "reward_std": 3.8425497884244595, "num_goal": 0.14000000000000001, "num_goals_std": 0.37469987990390385, "goal_after_found": 196.0, "reward": -0.57534464478492742, "goal_first_found_std": 0.0}}