{"0": {"prob_shortest_per_episode": NaN, "reward": 21.504673543125392, "dist_ratio_per_episode_std": NaN, "goal_after_found_std": 152.83012041928896, "num_ep": 100, "reward_per_dist_std": NaN, "dist_ratio_per_episode": NaN, "reward_std": 15.280591896096475, "num_goal": 2.2799999999999998, "num_goals_std": 1.5432433379088339, "goal_after_found": 304.12435913085938, "goal_first_found": 409.47692307692307, "prob_shortest_per_episode_std": NaN, "goal_first_found_std": 231.87092614325874, "reward_per_dist": NaN}}