{"0": {"goal_first_found": 33.0, "goal_after_found_std": 0.0, "num_ep": 100, "reward_std": 4.5843059702870388, "num_goal": 0.23999999999999999, "num_goals_std": 0.44988887516807974, "goal_after_found": 1106.0, "reward": 0.36344800829887391, "goal_first_found_std": 0.0}}