{"0": {"prob_shortest_per_episode": NaN, "reward": 17.970129734426738, "dist_ratio_per_episode_std": NaN, "goal_after_found_std": 112.20806155181106, "num_ep": 100, "reward_per_dist_std": NaN, "dist_ratio_per_episode": NaN, "reward_std": 12.528155385421265, "num_goal": 1.8999999999999999, "num_goals_std": 1.2688577540449522, "goal_after_found": 273.37158428254673, "goal_first_found": 514.62295081967216, "prob_shortest_per_episode_std": NaN, "goal_first_found_std": 199.86874085664456, "reward_per_dist": -Infinity}}