{"0": {"prob_shortest_per_episode": 0.080120481927710832, "reward": 28.540695888698099, "dist_ratio_per_episode_std": 0.49545102954117209, "goal_after_found_std": 102.55972862474104, "num_ep": 100, "reward_per_dist_std": 0.0038739561597862962, "dist_ratio_per_episode": 1.4676267940961416, "reward_std": 14.685470992077946, "num_goal": 2.9900000000000002, "num_goals_std": 1.4798310714402507, "goal_after_found": 289.27630541698045, "goal_first_found": 307.08433734939757, "prob_shortest_per_episode_std": 0.20274980181836152, "goal_first_found_std": 188.86204596287681, "reward_per_dist": 0.012618190216648617}}