{"0": {"prob_shortest_per_episode": 0.27558922558922555, "reward": 36.896592597961423, "dist_ratio_per_episode_std": 7.163633757762315, "goal_after_found_std": 99.079526936977189, "num_ep": 100, "reward_per_dist_std": 0.0019671659445583854, "dist_ratio_per_episode": 2.9852914513648643, "reward_std": 12.249529061099549, "num_goal": 3.7200000000000002, "num_goals_std": 1.2253978945632311, "goal_after_found": 299.114814527107, "goal_first_found": 263.66666666666669, "prob_shortest_per_episode_std": 0.24854586222720443, "goal_first_found_std": 158.83598045426825, "reward_per_dist": 0.0067017665831856071}}