{"0": {"prob_shortest_per_episode": NaN, "reward": 44.493928639292719, "dist_ratio_per_episode_std": NaN, "goal_after_found_std": 114.73953555515621, "num_ep": 100, "reward_per_dist_std": NaN, "dist_ratio_per_episode": NaN, "reward_std": 17.860788092461682, "num_goal": 4.5, "num_goals_std": 1.7860571099491751, "goal_after_found": 238.00829636423211, "goal_first_found": 164.51578947368421, "prob_shortest_per_episode_std": NaN, "goal_first_found_std": 160.13151589325403, "reward_per_dist": -Infinity}}