{"0": {"prob_shortest_per_episode": 0.034375000000000003, "reward": 24.569670410156249, "dist_ratio_per_episode_std": 0.6796604264711843, "goal_after_found_std": 186.1142782766693, "num_ep": 100, "reward_per_dist_std": 0.0029582119981794832, "dist_ratio_per_episode": 1.8588325888463928, "reward_std": 10.598655191028366, "num_goal": 2.5699999999999998, "num_goals_std": 1.0793979803575695, "goal_after_found": 390.38541736602781, "goal_first_found": 280.58749999999998, "prob_shortest_per_episode_std": 0.11463540483492292, "goal_first_found_std": 140.24475870331128, "reward_per_dist": 0.01061624518100588}}