{"0": {"goal_first_found": 0, "goal_after_found_std": 0, "num_ep": 1000, "reward_std": 0.93483519089369993, "num_goal": 0.002, "num_goals_std": 0.044676615807377355, "goal_after_found": 0, "reward": -0.75471423889510336, "goal_first_found_std": 0}}