{"0": {"prob_shortest_per_episode": NaN, "reward": -2.2932429233193399, "dist_ratio_per_episode_std": NaN, "goal_after_found_std": 184.01609208620718, "num_ep": 100, "reward_per_dist_std": NaN, "dist_ratio_per_episode": NaN, "reward_std": 9.8725172420862499, "num_goal": 1.23, "num_goals_std": 0.91493169143931175, "goal_after_found": 467.78921553667851, "goal_first_found": 470.41176470588238, "prob_shortest_per_episode_std": NaN, "goal_first_found_std": 183.08999999149546, "reward_per_dist": -Infinity}}