{"0": {"prob_shortest_per_episode": 0.58150396825396822, "reward": 101.79731246948242, "dist_ratio_per_episode_std": 0.062311066319757857, "goal_after_found_std": 7.5721311344266864, "num_ep": 100, "reward_per_dist_std": 0.000696614060862901, "dist_ratio_per_episode": 1.0014575038721205, "reward_std": 7.3774137731724272, "num_goal": 10.199999999999999, "num_goals_std": 0.73484692283495345, "goal_after_found": 111.44992462158203, "goal_first_found": 113.59999999999999, "prob_shortest_per_episode_std": 0.17488622345202945, "goal_first_found_std": 32.567775484364908, "reward_per_dist": 0.013049826830960625}}