{"0": {"prob_shortest_per_episode": 0.25371348509646385, "reward": 82.275764943808312, "dist_ratio_per_episode_std": 0.93391737462295221, "goal_after_found_std": 81.284151805814886, "num_ep": 100, "reward_per_dist_std": 0.0060792806015007948, "dist_ratio_per_episode": 1.998505894484669, "reward_std": 32.819671451219413, "num_goal": 8.2599999999999998, "num_goals_std": 3.2851788383587279, "goal_after_found": 134.71807309414478, "goal_first_found": 165.27659574468086, "prob_shortest_per_episode_std": 0.22177553386299706, "goal_first_found_std": 116.10169829015359, "reward_per_dist": 0.016190153267835666}}