{"0": {"prob_shortest_per_episode": 0.30208008658008656, "reward": 82.101493225097656, "dist_ratio_per_episode_std": 0.3021551722836448, "goal_after_found_std": 27.713963188358392, "num_ep": 100, "reward_per_dist_std": 0.0021848993299009335, "dist_ratio_per_episode": 1.3204452517089988, "reward_std": 17.246251504768949, "num_goal": 8.2300000000000004, "num_goals_std": 1.7254274832632055, "goal_after_found": 142.90327743530273, "goal_first_found": 145.53999999999999, "prob_shortest_per_episode_std": 0.3054706107710855, "goal_first_found_std": 40.110701813855115, "reward_per_dist": 0.0093833307263947088}}