{"0": {"prob_shortest_per_episode": 0.22461904761904761, "reward": 34.164232733100654, "dist_ratio_per_episode_std": 5.0348995094566611, "goal_after_found_std": 161.32972938098206, "num_ep": 100, "reward_per_dist_std": 0.017203086561675216, "dist_ratio_per_episode": 3.7408613136469127, "reward_std": 27.384830508982553, "num_goal": 3.52, "num_goals_std": 2.6776108753887295, "goal_after_found": 248.87467732747396, "goal_first_found": 190.84, "prob_shortest_per_episode_std": 0.29328748038285563, "goal_first_found_std": 154.40829338693783, "reward_per_dist": 0.013480810203934395}}