{"0": {"prob_shortest_per_episode": 0.27604166666666663, "reward": 11.129974039793014, "dist_ratio_per_episode_std": 9.989787293439699, "goal_after_found_std": 200.06886800795979, "num_ep": 100, "reward_per_dist_std": 0.042256970655220522, "dist_ratio_per_episode": 4.794301755391098, "reward_std": 15.571383049780318, "num_goal": 1.26, "num_goals_std": 1.5531902652283138, "goal_after_found": 246.14843773841858, "goal_first_found": 277.625, "prob_shortest_per_episode_std": 0.32771137951540363, "goal_first_found_std": 252.22841210894541, "reward_per_dist": 0.029550720743663991}}