{"0": {"goal_first_found": 167.1875, "goal_after_found_std": 123.75560197538393, "num_ep": 100, "reward_std": 30.609667491586269, "num_goal": 3.3100000000000001, "num_goals_std": 3.0288446642242977, "goal_after_found": 196.74205029010773, "reward": 32.218085519224402, "goal_first_found_std": 152.12452495817365}}