{"0": {"prob_shortest_per_episode": 0.0, "reward": 3.821906244987622, "dist_ratio_per_episode_std": 0.9051710874121317, "goal_after_found_std": 251.119770008036, "num_ep": 100, "reward_per_dist_std": 0.0020655588428701815, "dist_ratio_per_episode": 3.0526793280942504, "reward_std": 6.3320260559013422, "num_goal": 0.46999999999999997, "num_goals_std": 0.67014923711066043, "goal_after_found": 456.33333333333331, "goal_first_found": 213.33333333333334, "prob_shortest_per_episode_std": 0.0, "goal_first_found_std": 82.639108309699367, "reward_per_dist": 0.0073437870793448441}}