{"0": {"prob_shortest_per_episode": NaN, "reward": 12.19434822589159, "dist_ratio_per_episode_std": NaN, "goal_after_found_std": 159.68868166149892, "num_ep": 100, "reward_per_dist_std": NaN, "dist_ratio_per_episode": NaN, "reward_std": 18.155171600937756, "num_goal": 1.3600000000000001, "num_goals_std": 1.8084247288731707, "goal_after_found": 251.58425509545111, "goal_first_found": 172.38709677419354, "prob_shortest_per_episode_std": NaN, "goal_first_found_std": 183.65969186011372, "reward_per_dist": NaN}}