{"0": {"prob_shortest_per_episode": 0.20988095238095233, "reward": 67.587944374084472, "dist_ratio_per_episode_std": 0.21778495519268878, "goal_after_found_std": 23.591405603761469, "num_ep": 100, "reward_per_dist_std": 0.0008789662777944938, "dist_ratio_per_episode": 1.6488797172860528, "reward_std": 8.6776080985185349, "num_goal": 6.79, "num_goals_std": 0.86365502372185632, "goal_after_found": 163.94590553283692, "goal_first_found": 166.77000000000001, "prob_shortest_per_episode_std": 0.14016728546216553, "goal_first_found_std": 21.471308763091269, "reward_per_dist": 0.0084709171229081382}}