{"0": {"goal_first_found": 279.29166666666669, "goal_after_found_std": 235.64886450535874, "num_ep": 100, "reward_std": 15.268873732778134, "num_goal": 0.97999999999999998, "num_goals_std": 1.5164432069813889, "goal_after_found": 260.71354166666669, "reward": 8.3125467896461487, "goal_first_found_std": 225.47366423573484}}