{"0": {"prob_shortest_per_episode": 0.12714285714285711, "reward": 71.688209724426272, "dist_ratio_per_episode_std": 0.13948956073453364, "goal_after_found_std": 17.778565241802561, "num_ep": 100, "reward_per_dist_std": 0.00057132733124126505, "dist_ratio_per_episode": 1.6049302571931663, "reward_std": 7.3981984882127474, "num_goal": 7.2000000000000002, "num_goals_std": 0.73484692283495345, "goal_after_found": 156.86340469360351, "goal_first_found": 169.03, "prob_shortest_per_episode_std": 0.0905525993145994, "goal_first_found_std": 14.309056572674525, "reward_per_dist": 0.0073469899662334951}}