{"0": {"prob_shortest_per_episode": 0.21004253056884634, "reward": 73.026661479398612, "dist_ratio_per_episode_std": 9.2111865206412435, "goal_after_found_std": 103.80658498587759, "num_ep": 100, "reward_per_dist_std": 0.0025433176989795594, "dist_ratio_per_episode": 4.0441792516472574, "reward_std": 28.281895234702876, "num_goal": 7.3300000000000001, "num_goals_std": 2.8321546567940108, "goal_after_found": 162.7580780832391, "goal_first_found": 162.44210526315788, "prob_shortest_per_episode_std": 0.18818521940526534, "goal_first_found_std": 123.93977449080271, "reward_per_dist": 0.010261572262340162}}