{"0": {"prob_shortest_per_episode": 0.19910714285714284, "reward": 21.156987643539907, "dist_ratio_per_episode_std": 2.7459428463098052, "goal_after_found_std": 204.69592590086282, "num_ep": 100, "reward_per_dist_std": 0.02414038875748253, "dist_ratio_per_episode": 3.3269837929417259, "reward_std": 18.765256497903067, "num_goal": 2.2000000000000002, "num_goals_std": 1.8761663039293719, "goal_after_found": 289.93630930355619, "goal_first_found": 248.41071428571428, "prob_shortest_per_episode_std": 0.29046384024291583, "goal_first_found_std": 270.00673118499122, "reward_per_dist": 0.019084062213121655}}