{"0": {"prob_shortest_per_episode": NaN, "reward": 18.189976537227629, "dist_ratio_per_episode_std": NaN, "goal_after_found_std": 300.72692970729986, "num_ep": 100, "reward_per_dist_std": NaN, "dist_ratio_per_episode": NaN, "reward_std": 13.928201338730265, "num_goal": 2.0499999999999998, "num_goals_std": 1.3219304066402284, "goal_after_found": 424.71299459166448, "goal_first_found": 188.4406779661017, "prob_shortest_per_episode_std": NaN, "goal_first_found_std": 163.4500152886057, "reward_per_dist": NaN}}