{"0": {"prob_shortest_per_episode": NaN, "reward": 12.311303408965468, "dist_ratio_per_episode_std": NaN, "goal_after_found_std": 314.62464298769152, "num_ep": 100, "reward_per_dist_std": NaN, "dist_ratio_per_episode": NaN, "reward_std": 12.73385528079382, "num_goal": 1.3700000000000001, "num_goals_std": 1.2857293649909376, "goal_after_found": 495.82522459287901, "goal_first_found": 185.24324324324326, "prob_shortest_per_episode_std": NaN, "goal_first_found_std": 163.70002318106549, "reward_per_dist": NaN}}