{"0": {"goal_first_found": 288.22727272727275, "goal_after_found_std": 155.63750942241751, "num_ep": 100, "reward_std": 15.200320768826636, "num_goal": 1.0, "num_goals_std": 1.4966629547095767, "goal_after_found": 262.86136349764735, "reward": 8.3507256254553788, "goal_first_found_std": 221.76931745687739}}