{"0": {"prob_shortest_per_episode": 0.2391428571428571, "reward": 65.038149986267086, "dist_ratio_per_episode_std": 0.23278460216520919, "goal_after_found_std": 24.851320899153066, "num_ep": 100, "reward_per_dist_std": 0.00093342404109613135, "dist_ratio_per_episode": 1.7203607993950547, "reward_std": 8.6797979532052398, "num_goal": 6.54, "num_goals_std": 0.86510115015528688, "goal_after_found": 172.27869064331054, "goal_first_found": 166.47999999999999, "prob_shortest_per_episode_std": 0.15432881526129413, "goal_first_found_std": 9.5472299647594117, "reward_per_dist": 0.0081829241214601313}}