{"0": {"prob_shortest_per_episode": 0.18844444444444444, "reward": 18.721882118582727, "dist_ratio_per_episode_std": 2.0067734723082737, "goal_after_found_std": 185.76990014262395, "num_ep": 100, "reward_per_dist_std": 0.030265562840377194, "dist_ratio_per_episode": 2.6157802544360509, "reward_std": 19.38192707975454, "num_goal": 1.97, "num_goals_std": 1.9362592801585226, "goal_after_found": 277.22422180175784, "goal_first_found": 281.75999999999999, "prob_shortest_per_episode_std": 0.27802620002660638, "goal_first_found_std": 275.77023479701359, "reward_per_dist": 0.026921873054114451}}