{"0": {"prob_shortest_per_episode": 0.018666666666666668, "reward": 65.946258735656741, "dist_ratio_per_episode_std": 0.12204066877757391, "goal_after_found_std": 15.405176573322777, "num_ep": 100, "reward_per_dist_std": 0.00046590294651139956, "dist_ratio_per_episode": 1.625455212016333, "reward_std": 6.0013913727701134, "num_goal": 6.6100000000000003, "num_goals_std": 0.59824744044584088, "goal_after_found": 173.08399993896484, "goal_first_found": 172.5, "prob_shortest_per_episode_std": 0.053191478014183169, "goal_first_found_std": 27.950491945581209, "reward_per_dist": 0.008558901871851609}}