{"0": {"prob_shortest_per_episode": NaN, "reward": 33.398290677145127, "dist_ratio_per_episode_std": NaN, "goal_after_found_std": 150.31958753757908, "num_ep": 100, "reward_per_dist_std": NaN, "dist_ratio_per_episode": NaN, "reward_std": 30.921847574428419, "num_goal": 3.46, "num_goals_std": 3.054242950388852, "goal_after_found": 217.44286792379029, "goal_first_found": 190.52112676056339, "prob_shortest_per_episode_std": NaN, "goal_first_found_std": 153.91353518850565, "reward_per_dist": NaN}}