{"0": {"goal_first_found": 259.1904761904762, "goal_after_found_std": 133.97880871352848, "num_ep": 100, "reward_std": 14.967293013735926, "num_goal": 1.03, "num_goals_std": 1.4659809002848569, "goal_after_found": 239.69841348557244, "reward": 8.7496375653147691, "goal_first_found_std": 228.59396714274629}}