{"0": {"prob_shortest_per_episode": 0.2802749044936545, "reward": 89.545648421198123, "dist_ratio_per_episode_std": 2.1779349322789683, "goal_after_found_std": 76.66666102781366, "num_ep": 100, "reward_per_dist_std": 0.0026302650683123477, "dist_ratio_per_episode": 1.9504102853239971, "reward_std": 31.088965704320838, "num_goal": 8.9900000000000002, "num_goals_std": 3.1128604208990804, "goal_after_found": 124.54411355654399, "goal_first_found": 179.61458333333334, "prob_shortest_per_episode_std": 0.18001536421402181, "goal_first_found_std": 135.11803249009012, "reward_per_dist": 0.012986020545126034}}