{"0": {"prob_shortest_per_episode": NaN, "reward": 8.5486613035202019, "dist_ratio_per_episode_std": NaN, "goal_after_found_std": 154.9758039868596, "num_ep": 100, "reward_per_dist_std": NaN, "dist_ratio_per_episode": NaN, "reward_std": 16.101313461891156, "num_goal": 1.04, "num_goals_std": 1.5742934923323542, "goal_after_found": 258.42121193625712, "goal_first_found": 290.86363636363637, "prob_shortest_per_episode_std": NaN, "goal_first_found_std": 220.60233565370012, "reward_per_dist": -Infinity}}