{"0": {"prob_shortest_per_episode": 0.025380952380952379, "reward": 67.93832092285156, "dist_ratio_per_episode_std": 0.078433885159212097, "goal_after_found_std": 10.128475282282606, "num_ep": 100, "reward_per_dist_std": 0.00037751342493356035, "dist_ratio_per_episode": 1.5874435026519831, "reward_std": 5.4357292741427345, "num_goal": 6.8099999999999996, "num_goals_std": 0.5421254467371921, "goal_after_found": 168.40983322143555, "goal_first_found": 154.93000000000001, "prob_shortest_per_episode_std": 0.065361561998227, "goal_first_found_std": 38.427400380457684, "reward_per_dist": 0.0086954302419041726}}