{"0": {"prob_shortest_per_episode": 0.27116402116402116, "reward": 9.5112206375598909, "dist_ratio_per_episode_std": 1.5686728619038348, "goal_after_found_std": 171.58353405598336, "num_ep": 100, "reward_per_dist_std": 0.048026677976504659, "dist_ratio_per_episode": 2.4657417182476205, "reward_std": 16.799463537251125, "num_goal": 1.1299999999999999, "num_goals_std": 1.6288339387426822, "goal_after_found": 251.96119859483508, "goal_first_found": 250.5185185185185, "prob_shortest_per_episode_std": 0.31595764289594958, "goal_first_found_std": 235.55204982250311, "reward_per_dist": 0.031769102450547086}}