{"0": {"prob_shortest_per_episode": 0.2583333333333333, "reward": 14.332505019865931, "dist_ratio_per_episode_std": 0.85646602996178633, "goal_after_found_std": 185.74902797421259, "num_ep": 100, "reward_per_dist_std": 0.0021031310643992306, "dist_ratio_per_episode": 1.8070138642578628, "reward_std": 17.249026333910937, "num_goal": 1.6100000000000001, "num_goals_std": 1.702321943699252, "goal_after_found": 315.88589712289661, "goal_first_found": 216.69230769230768, "prob_shortest_per_episode_std": 0.26839384570115687, "goal_first_found_std": 184.40419009730712, "reward_per_dist": 0.0095751920157271034}}