{"0": {"prob_shortest_per_episode": NaN, "reward": 17.378164823502303, "dist_ratio_per_episode_std": NaN, "goal_after_found_std": 63.028787863605693, "num_ep": 100, "reward_per_dist_std": NaN, "dist_ratio_per_episode": NaN, "reward_std": 17.73331792317159, "num_goal": 1.8899999999999999, "num_goals_std": 1.754394482435464, "goal_after_found": 205.32083379305325, "goal_first_found": 340.63461538461536, "prob_shortest_per_episode_std": NaN, "goal_first_found_std": 231.55835191207569, "reward_per_dist": -Infinity}}