{"0": {"prob_shortest_per_episode": NaN, "reward": 34.868560547400264, "dist_ratio_per_episode_std": NaN, "goal_after_found_std": 167.39346138133345, "num_ep": 100, "reward_per_dist_std": NaN, "dist_ratio_per_episode": NaN, "reward_std": 28.036040507747828, "num_goal": 3.5600000000000001, "num_goals_std": 2.7832355272236664, "goal_after_found": 238.19317583970621, "goal_first_found": 203.78873239436621, "prob_shortest_per_episode_std": NaN, "goal_first_found_std": 210.28075903306021, "reward_per_dist": -Infinity}}