{"0": {"prob_shortest_per_episode": 0.27361507936507934, "reward": 79.326558876037595, "dist_ratio_per_episode_std": 0.31966753375708934, "goal_after_found_std": 32.460383515275694, "num_ep": 100, "reward_per_dist_std": 0.0022725983559406891, "dist_ratio_per_episode": 1.3527172275476358, "reward_std": 18.436885675315693, "num_goal": 7.9500000000000002, "num_goals_std": 1.8459414941974732, "goal_after_found": 148.48967826843261, "goal_first_found": 155.43000000000001, "prob_shortest_per_episode_std": 0.30571071866892452, "goal_first_found_std": 40.691585125182826, "reward_per_dist": 0.010545246050080477}}