{"0": {"prob_shortest_per_episode": 0.17857142857142855, "reward": 12.761247997283936, "dist_ratio_per_episode_std": 0.39853565147757231, "goal_after_found_std": 248.62081919140914, "num_ep": 100, "reward_per_dist_std": 0.0025834393691579996, "dist_ratio_per_episode": 1.7650687903466373, "reward_std": 10.952136292405394, "num_goal": 1.55, "num_goals_std": 1.0428326807307107, "goal_after_found": 416.62142813546319, "goal_first_found": 411.37142857142857, "prob_shortest_per_episode_std": 0.30088682227474517, "goal_first_found_std": 197.03459967576191, "reward_per_dist": 0.011030676116221856}}