{"0": {"prob_shortest_per_episode": 0.33282936507936506, "reward": 83.105661621093745, "dist_ratio_per_episode_std": 0.29386849121550979, "goal_after_found_std": 27.346758640856986, "num_ep": 100, "reward_per_dist_std": 0.002172752416267739, "dist_ratio_per_episode": 1.2825545653757424, "reward_std": 16.53034492382147, "num_goal": 8.3300000000000001, "num_goals_std": 1.655626769534728, "goal_after_found": 141.88265090942383, "goal_first_found": 141.22, "prob_shortest_per_episode_std": 0.30438496579867086, "goal_first_found_std": 41.612877814445859, "reward_per_dist": 0.010960915142694769}}