{"0": {"goal_first_found": 217.50724637681159, "goal_after_found_std": 146.33811093530161, "num_ep": 100, "reward_std": 29.995531848556713, "num_goal": 3.48, "num_goals_std": 2.9512031444819247, "goal_after_found": 248.85106393565303, "reward": 33.775552913695577, "goal_first_found_std": 173.41753444169899}}