{"0": {"prob_shortest_per_episode": 0.0025000000000000001, "reward": 41.756042556762694, "dist_ratio_per_episode_std": 0.064811145705951798, "goal_after_found_std": 8.5670260402351222, "num_ep": 100, "reward_per_dist_std": 0.00021605187296510961, "dist_ratio_per_episode": 2.2767305785076961, "reward_std": 3.9371363397861643, "num_goal": 4.1900000000000004, "num_goals_std": 0.39230090491866065, "goal_after_found": 245.71083282470704, "goal_first_found": 241.59, "prob_shortest_per_episode_std": 0.024874685927665497, "goal_first_found_std": 50.940179622769286, "reward_per_dist": 0.0067883179000611648}}