{"0": {"prob_shortest_per_episode": 0.41345454545454552, "reward": 76.15086685180664, "dist_ratio_per_episode_std": 0.65678687059081364, "goal_after_found_std": 73.387602295026554, "num_ep": 100, "reward_per_dist_std": 0.0035232063066130896, "dist_ratio_per_episode": 1.5796652611351707, "reward_std": 33.770614261054071, "num_goal": 7.6299999999999999, "num_goals_std": 3.3753666467511345, "goal_after_found": 175.92794418334961, "goal_first_found": 169.66, "prob_shortest_per_episode_std": 0.39562165748069028, "goal_first_found_std": 70.006316857837902, "reward_per_dist": 0.0088912775969390376}}