{"0": {"goal_first_found": 317.44444444444446, "goal_after_found_std": 210.9868442623455, "num_ep": 26, "reward_std": 24.717813524548472, "num_goal": 3.0769230769230771, "num_goals_std": 2.4639411350841485, "goal_after_found": 228.12433963351779, "reward": 30.409332359926058, "goal_first_found_std": 308.78223578405948}}