{"0": {"prob_shortest_per_episode": 0.24292980102839259, "reward": 33.517880749739703, "dist_ratio_per_episode_std": 3.6710412513046191, "goal_after_found_std": 166.82518309801483, "num_ep": 100, "reward_per_dist_std": 0.010397301598917989, "dist_ratio_per_episode": 3.1071847845172664, "reward_std": 25.556206149082747, "num_goal": 3.3799999999999999, "num_goals_std": 2.5564819576910769, "goal_after_found": 234.85455547923772, "goal_first_found": 292.38028169014086, "prob_shortest_per_episode_std": 0.27343508476176043, "goal_first_found_std": 245.27503195663658, "reward_per_dist": 0.012237749686954002}}