{"0": {"prob_shortest_per_episode": 0.80974999999999997, "reward": 105.52567314147949, "dist_ratio_per_episode_std": 0.010970868835919134, "goal_after_found_std": 2.1098653638579439, "num_ep": 100, "reward_per_dist_std": 0.00014496323648850216, "dist_ratio_per_episode": 0.96660378264654501, "reward_std": 5.1668526695120827, "num_goal": 10.57, "num_goals_std": 0.5148786264742401, "goal_after_found": 109.63069412231445, "goal_first_found": 100.37, "prob_shortest_per_episode_std": 0.13023986358984424, "goal_first_found_std": 17.631026629212492, "reward_per_dist": 0.013425900517894905}}