{"0": {"prob_shortest_per_episode": 0.17396943852167734, "reward": 33.994015191458168, "dist_ratio_per_episode_std": 2.0590631744062846, "goal_after_found_std": 211.9493835831, "num_ep": 100, "reward_per_dist_std": 0.012879036380641251, "dist_ratio_per_episode": 3.1844756757885175, "reward_std": 29.790152113312544, "num_goal": 3.4199999999999999, "num_goals_std": 2.9805368643920511, "goal_after_found": 272.92139269700692, "goal_first_found": 194.91044776119404, "prob_shortest_per_episode_std": 0.1938561496805756, "goal_first_found_std": 209.82037316552911, "reward_per_dist": 0.011170437945915842}}