{"0": {"prob_shortest_per_episode": 0.34126984126984128, "reward": 68.183552703857416, "dist_ratio_per_episode_std": 0.23783481885309582, "goal_after_found_std": 23.450539737544261, "num_ep": 100, "reward_per_dist_std": 0.00096510986023838456, "dist_ratio_per_episode": 1.7120155347609687, "reward_std": 10.913801055346564, "num_goal": 6.8399999999999999, "num_goals_std": 1.0928860873851403, "goal_after_found": 168.34525016784667, "goal_first_found": 145.18000000000001, "prob_shortest_per_episode_std": 0.13519872135297717, "goal_first_found_std": 41.199606794240161, "reward_per_dist": 0.0081959349187085678}}