{"0": {"prob_shortest_per_episode": 0.0, "reward": 42.57452637434006, "dist_ratio_per_episode_std": 0.97357291598687445, "goal_after_found_std": 41.123085499766738, "num_ep": 100, "reward_per_dist_std": 0.0022654379701943406, "dist_ratio_per_episode": 1.8719770578688391, "reward_std": 17.470121734879555, "num_goal": 5.5700000000000003, "num_goals_std": 1.6688618876348036, "goal_after_found": 184.85046872225675, "goal_first_found": 301.90909090909093, "prob_shortest_per_episode_std": 0.0, "goal_first_found_std": 217.84713808981064, "reward_per_dist": 0.0055406373589591551}}