{"0": {"prob_shortest_per_episode": 0.20290476190476189, "reward": 34.744321830421683, "dist_ratio_per_episode_std": 1.5392848626351787, "goal_after_found_std": 140.37082964881566, "num_ep": 100, "reward_per_dist_std": 0.011393725609298324, "dist_ratio_per_episode": 2.8650268101097214, "reward_std": 25.484025406096009, "num_goal": 3.5, "num_goals_std": 2.5475478405713994, "goal_after_found": 257.80841746012368, "goal_first_found": 239.85333333333332, "prob_shortest_per_episode_std": 0.244981622708424, "goal_first_found_std": 208.53352685413014, "reward_per_dist": 0.014195644293913151}}