{"0": {"goal_first_found": 286.60000000000002, "goal_after_found_std": 199.05854431404362, "num_ep": 100, "reward_std": 28.235898125546999, "num_goal": 2.7400000000000002, "num_goals_std": 2.8235438725119892, "goal_after_found": 260.43730189005532, "reward": 27.099497542837636, "goal_first_found_std": 262.52207526225294}}