{"0": {"goal_first_found": 238.15254237288136, "goal_after_found_std": 236.32053677744165, "num_ep": 100, "reward_std": 26.261689355273955, "num_goal": 2.8399999999999999, "num_goals_std": 2.6257189491642094, "goal_after_found": 266.29924709514034, "reward": 28.052121781259775, "goal_first_found_std": 198.59829257969523}}