{"0": {"prob_shortest_per_episode": 0.33711507936507951, "reward": 71.533675880432128, "dist_ratio_per_episode_std": 0.36281263376397727, "goal_after_found_std": 39.991240137187191, "num_ep": 100, "reward_per_dist_std": 0.002045737526544212, "dist_ratio_per_episode": 1.5102206325834959, "reward_std": 16.561323817877732, "num_goal": 7.1699999999999999, "num_goals_std": 1.6556267695347282, "goal_after_found": 167.27601989746094, "goal_first_found": 137.78999999999999, "prob_shortest_per_episode_std": 0.2638532823274824, "goal_first_found_std": 30.220951341743032, "reward_per_dist": 0.0096052663644825235}}