{"0": {"prob_shortest_per_episode": 0.39187301587301582, "reward": 73.502169075012205, "dist_ratio_per_episode_std": 0.27266991371226634, "goal_after_found_std": 40.574885419145666, "num_ep": 100, "reward_per_dist_std": 0.001610090925624976, "dist_ratio_per_episode": 1.4031272353963282, "reward_std": 16.617975995542821, "num_goal": 7.3700000000000001, "num_goals_std": 1.6652627420320192, "goal_after_found": 162.92972648620605, "goal_first_found": 135.13, "prob_shortest_per_episode_std": 0.21002184585647624, "goal_first_found_std": 29.788808301105298, "reward_per_dist": 0.008669730165799085}}