{"0": {"prob_shortest_per_episode": 0.55007936507936506, "reward": 86.736438598632816, "dist_ratio_per_episode_std": 0.14490479732383993, "goal_after_found_std": 13.800017103810573, "num_ep": 100, "reward_per_dist_std": 0.0012068518049451432, "dist_ratio_per_episode": 1.1894642350550471, "reward_std": 7.5678647324912403, "num_goal": 8.6899999999999995, "num_goals_std": 0.75756187866074687, "goal_after_found": 128.65253952026367, "goal_first_found": 147.44, "prob_shortest_per_episode_std": 0.17940921637033949, "goal_first_found_std": 30.280132100108148, "reward_per_dist": 0.011314338688888986}}