{"0": {"goal_first_found": 321.78947368421052, "goal_after_found_std": 210.7528226886642, "num_ep": 26, "reward_std": 17.097937911534583, "num_goal": 3.0, "num_goals_std": 1.7097008285302207, "goal_after_found": 277.30701727616162, "reward": 29.772126381213848, "goal_first_found_std": 289.5645694645612}}