{"0": {"prob_shortest_per_episode": 0.0, "reward": 34.982270898999737, "dist_ratio_per_episode_std": 0.0, "goal_after_found_std": 154.72872779294565, "num_ep": 61, "reward_per_dist_std": 0.0, "dist_ratio_per_episode": 0.0, "reward_std": 21.389749059184719, "num_goal": 3.5245901639344264, "num_goals_std": 2.1394541771902231, "goal_after_found": 223.1306110456878, "goal_first_found": 305.98039215686276, "prob_shortest_per_episode_std": 0.0, "goal_first_found_std": 248.60524580745169, "reward_per_dist": 0.0}}