{"0": {"prob_shortest_per_episode": NaN, "reward": 15.712916467487812, "dist_ratio_per_episode_std": NaN, "goal_after_found_std": 171.94621624473618, "num_ep": 100, "reward_per_dist_std": NaN, "dist_ratio_per_episode": NaN, "reward_std": 11.321818603149254, "num_goal": 1.6000000000000001, "num_goals_std": 1.131370849898476, "goal_after_found": 330.29705840466067, "goal_first_found": 331.03921568627453, "prob_shortest_per_episode_std": NaN, "goal_first_found_std": 154.2243032632403, "reward_per_dist": NaN}}