{"0": {"goal_first_found": 190.45454545454547, "goal_after_found_std": 74.61905939311977, "num_ep": 100, "reward_std": 22.386998778147241, "num_goal": 6.5899999999999999, "num_goals_std": 2.240959615878876, "goal_after_found": 175.584760723692, "reward": 65.58744086265564, "goal_first_found_std": 142.33239462661663}}