{"0": {"prob_shortest_per_episode": 0.42101587301587301, "reward": 82.836166191101071, "dist_ratio_per_episode_std": 0.3215983011601079, "goal_after_found_std": 36.509513684239089, "num_ep": 100, "reward_per_dist_std": 0.001710248116731741, "dist_ratio_per_episode": 1.3567060861832607, "reward_std": 15.32551676547323, "num_goal": 8.3000000000000007, "num_goals_std": 1.532970971675589, "goal_after_found": 142.97834930419921, "goal_first_found": 131.09999999999999, "prob_shortest_per_episode_std": 0.24054594514536209, "goal_first_found_std": 30.867296609842594, "reward_per_dist": 0.010292975921138576}}