{"0": {"prob_shortest_per_episode": 0.22524110910186856, "reward": 39.792320449501275, "dist_ratio_per_episode_std": 1.6875993095474124, "goal_after_found_std": 170.64934242043552, "num_ep": 100, "reward_per_dist_std": 0.036781573680227116, "dist_ratio_per_episode": 2.9243847642689431, "reward_std": 27.308946239161138, "num_goal": 4.0, "num_goals_std": 2.7349588662354689, "goal_after_found": 237.81056290638597, "goal_first_found": 220.31645569620252, "prob_shortest_per_episode_std": 0.22049940347048624, "goal_first_found_std": 201.61697891027495, "reward_per_dist": 0.018118104341110067}}