{"0": {"prob_shortest_per_episode": NaN, "reward": 22.960954182334245, "dist_ratio_per_episode_std": NaN, "goal_after_found_std": 205.90280436294211, "num_ep": 100, "reward_per_dist_std": NaN, "dist_ratio_per_episode": NaN, "reward_std": 24.908301213743659, "num_goal": 2.3399999999999999, "num_goals_std": 2.4828209762284512, "goal_after_found": 241.54368807234854, "goal_first_found": 226.32075471698113, "prob_shortest_per_episode_std": NaN, "goal_first_found_std": 217.34554468784683, "reward_per_dist": NaN}}