{"0": {"prob_shortest_per_episode": NaN, "reward": 20.009688912928105, "dist_ratio_per_episode_std": NaN, "goal_after_found_std": 187.13132423071187, "num_ep": 100, "reward_per_dist_std": NaN, "dist_ratio_per_episode": NaN, "reward_std": 14.70122417926553, "num_goal": 2.0299999999999998, "num_goals_std": 1.4659809002848572, "goal_after_found": 350.55480751624475, "goal_first_found": 289.36538461538464, "prob_shortest_per_episode_std": NaN, "goal_first_found_std": 165.90440120815566, "reward_per_dist": -Infinity}}