{"0": {"prob_shortest_per_episode": 0.34404761904761905, "reward": 78.365737419128422, "dist_ratio_per_episode_std": 0.2182188021926279, "goal_after_found_std": 21.860749116234505, "num_ep": 100, "reward_per_dist_std": 0.00095640996303957915, "dist_ratio_per_episode": 1.4968599925220889, "reward_std": 10.580035325921235, "num_goal": 7.8600000000000003, "num_goals_std": 1.0584894897919395, "goal_after_found": 141.33286567687989, "goal_first_found": 177.19999999999999, "prob_shortest_per_episode_std": 0.12678323643155853, "goal_first_found_std": 48.16575547004323, "reward_per_dist": 0.0079725272862500966}}