{"0": {"prob_shortest_per_episode": 0.0049019607843137254, "reward": 17.915011922717095, "dist_ratio_per_episode_std": 0.82814308340432785, "goal_after_found_std": 203.46164949922616, "num_ep": 100, "reward_per_dist_std": 0.0029377697027451644, "dist_ratio_per_episode": 1.500323845330388, "reward_std": 12.35504271333466, "num_goal": 1.8200000000000001, "num_goals_std": 1.2359611644384303, "goal_after_found": 333.41143768908933, "goal_first_found": 275.27450980392155, "prob_shortest_per_episode_std": 0.034662097116987624, "goal_first_found_std": 109.48938142289211, "reward_per_dist": 0.008605680197973609}}