{"0": {"prob_shortest_per_episode": 0.1907990438293469, "reward": 64.26232621192932, "dist_ratio_per_episode_std": 1.7105208573231683, "goal_after_found_std": 98.670426832592227, "num_ep": 100, "reward_per_dist_std": 0.0031907012120926249, "dist_ratio_per_episode": 2.6320526672951785, "reward_std": 30.07934363360426, "num_goal": 6.4500000000000002, "num_goals_std": 3.0145480589965721, "goal_after_found": 199.55848632195983, "goal_first_found": 204.8989898989899, "prob_shortest_per_episode_std": 0.17677040586463991, "goal_first_found_std": 158.95552360276187, "reward_per_dist": 0.0093399644512089132}}