{"0": {"prob_shortest_per_episode": 0.20550144300144299, "reward": 35.380623483359813, "dist_ratio_per_episode_std": 3.3989154341677308, "goal_after_found_std": 168.72010365149089, "num_ep": 100, "reward_per_dist_std": 0.045793883069510946, "dist_ratio_per_episode": 3.4869481710823651, "reward_std": 31.030414493597299, "num_goal": 3.5699999999999998, "num_goals_std": 3.1024345279151335, "goal_after_found": 228.47001534700394, "goal_first_found": 213.515625, "prob_shortest_per_episode_std": 0.21698876876220355, "goal_first_found_std": 201.06987219834645, "reward_per_dist": 0.021313668460538362}}