{"0": {"prob_shortest_per_episode": 0.5628968253968254, "reward": 87.128599624633793, "dist_ratio_per_episode_std": 0.13158617129119521, "goal_after_found_std": 13.643537851328036, "num_ep": 100, "reward_per_dist_std": 0.0011181323416818156, "dist_ratio_per_episode": 1.1684538004270586, "reward_std": 7.9822494828055106, "num_goal": 8.7300000000000004, "num_goals_std": 0.79818544211229503, "goal_after_found": 129.8563095855713, "goal_first_found": 138.71000000000001, "prob_shortest_per_episode_std": 0.17786577948757767, "goal_first_found_std": 30.077664470500363, "reward_per_dist": 0.011488025497257203}}