{"0": {"prob_shortest_per_episode": 0.0025000000000000001, "reward": 40.457742729187011, "dist_ratio_per_episode_std": 0.11432321808191166, "goal_after_found_std": 13.588725141247581, "num_ep": 100, "reward_per_dist_std": 0.0004325169719568359, "dist_ratio_per_episode": 2.2837704994837411, "reward_std": 3.9762310584714329, "num_goal": 4.0599999999999996, "num_goals_std": 0.39547439866570377, "goal_after_found": 251.39750000000001, "goal_first_found": 243.86000000000001, "prob_shortest_per_episode_std": 0.024874685927665497, "goal_first_found_std": 63.361347839199254, "reward_per_dist": 0.006862669930827717}}