{"0": {"prob_shortest_per_episode": 0.42339151033399292, "reward": 102.5122849521041, "dist_ratio_per_episode_std": 0.99348884278188498, "goal_after_found_std": 29.65406523367789, "num_ep": 100, "reward_per_dist_std": 0.0037878185985557788, "dist_ratio_per_episode": 1.4770583599222216, "reward_std": 42.344568113948448, "num_goal": 10.279999999999999, "num_goals_std": 4.2428292447375258, "goal_after_found": 102.86877922217052, "goal_first_found": 228.91666666666666, "prob_shortest_per_episode_std": 0.21743252385983752, "goal_first_found_std": 211.75342710069393, "reward_per_dist": 0.015081024830478759}}