{"0": {"prob_shortest_per_episode": 0.36877777777777782, "reward": 72.861982307434076, "dist_ratio_per_episode_std": 0.65195513261774873, "goal_after_found_std": 68.405824422391532, "num_ep": 100, "reward_per_dist_std": 0.0032871456882662136, "dist_ratio_per_episode": 1.6522624291669319, "reward_std": 33.833510619996908, "num_goal": 7.2999999999999998, "num_goals_std": 3.3837848631377265, "goal_after_found": 178.57480567932129, "goal_first_found": 181.16999999999999, "prob_shortest_per_episode_std": 0.39766275494024667, "goal_first_found_std": 72.379700883604102, "reward_per_dist": 0.0099497438435930952}}