{"0": {"prob_shortest_per_episode": 0.37777777777777771, "reward": 72.356878719329828, "dist_ratio_per_episode_std": 0.66281312871916687, "goal_after_found_std": 68.233822953009167, "num_ep": 100, "reward_per_dist_std": 0.0033262552444889913, "dist_ratio_per_episode": 1.6467963812926993, "reward_std": 32.41190145114075, "num_goal": 7.25, "num_goals_std": 3.2415274177461466, "goal_after_found": 180.42363822937011, "goal_first_found": 169.09, "prob_shortest_per_episode_std": 0.39731273250099525, "goal_first_found_std": 71.524694336991047, "reward_per_dist": 0.010007093780379218}}