{"0": {"prob_shortest_per_episode": NaN, "reward": 39.751476582586768, "dist_ratio_per_episode_std": NaN, "goal_after_found_std": 127.83768479253285, "num_ep": 100, "reward_per_dist_std": NaN, "dist_ratio_per_episode": NaN, "reward_std": 28.122982698372059, "num_goal": 4.04, "num_goals_std": 2.7565195446432083, "goal_after_found": 220.37918129945413, "goal_first_found": 223.75641025641025, "prob_shortest_per_episode_std": NaN, "goal_first_found_std": 219.59147301981278, "reward_per_dist": NaN}}