{"0": {"prob_shortest_per_episode": 0.26534523809523808, "reward": 63.596821365356448, "dist_ratio_per_episode_std": 0.40025735821108577, "goal_after_found_std": 45.73704930192384, "num_ep": 100, "reward_per_dist_std": 0.0014051549824211074, "dist_ratio_per_episode": 1.7088130923159752, "reward_std": 11.778988285721702, "num_goal": 6.3799999999999999, "num_goals_std": 1.1813551540497886, "goal_after_found": 191.98882232666017, "goal_first_found": 122.23, "prob_shortest_per_episode_std": 0.19841184170449963, "goal_first_found_std": 29.218779919770778, "reward_per_dist": 0.0085268649407378855}}