{"0": {"prob_shortest_per_episode": 0.42714099054631621, "reward": 106.13139624416829, "dist_ratio_per_episode_std": 0.31346612253569262, "goal_after_found_std": 25.619880258691413, "num_ep": 100, "reward_per_dist_std": 0.0036010105588881462, "dist_ratio_per_episode": 1.365705920441896, "reward_std": 41.306678473436975, "num_goal": 10.640000000000001, "num_goals_std": 4.1364719266544041, "goal_after_found": 98.684443615852516, "goal_first_found": 187.45744680851064, "prob_shortest_per_episode_std": 0.20215173746586348, "goal_first_found_std": 158.01519351225454, "reward_per_dist": 0.018304293382100434}}