{"0": {"goal_first_found": 288.1320754716981, "goal_after_found_std": 222.98309848868294, "num_ep": 77, "reward_std": 26.689870391130871, "num_goal": 3.0259740259740258, "num_goals_std": 2.6085475182885793, "goal_after_found": 279.7595479713296, "reward": 29.494466637345877, "goal_first_found_std": 283.24841005970853}}