{"0": {"goal_first_found": 199.82258064516128, "goal_after_found_std": 196.11667892284399, "num_ep": 100, "reward_std": 25.729850234454926, "num_goal": 2.9199999999999999, "num_goals_std": 2.5716920499935441, "goal_after_found": 269.69535372334144, "reward": 28.895101076848803, "goal_first_found_std": 190.46187699087881}}