{"0": {"prob_shortest_per_episode": NaN, "reward": 23.742728043198586, "dist_ratio_per_episode_std": NaN, "goal_after_found_std": 139.12943949193456, "num_ep": 100, "reward_per_dist_std": NaN, "dist_ratio_per_episode": NaN, "reward_std": 23.931680535168802, "num_goal": 2.4100000000000001, "num_goals_std": 2.3878651553217995, "goal_after_found": 214.83807270343488, "goal_first_found": 206.71153846153845, "prob_shortest_per_episode_std": NaN, "goal_first_found_std": 180.0713893195676, "reward_per_dist": -Infinity}}