{"0": {"prob_shortest_per_episode": 0.45065476190476189, "reward": 73.821639595031741, "dist_ratio_per_episode_std": 0.2181809670740717, "goal_after_found_std": 21.078670526529685, "num_ep": 100, "reward_per_dist_std": 0.00104053604798088, "dist_ratio_per_episode": 1.5453481206290889, "reward_std": 9.6935471849680361, "num_goal": 7.4000000000000004, "num_goals_std": 0.96953597148326576, "goal_after_found": 150.2877342224121, "goal_first_found": 186.13999999999999, "prob_shortest_per_episode_std": 0.14981804676736446, "goal_first_found_std": 56.40284035401055, "reward_per_dist": 0.0089532334044532327}}