{"0": {"goal_first_found": 256.97222222222223, "goal_after_found_std": 170.92643155121408, "num_ep": 100, "reward_std": 23.877185938471907, "num_goal": 3.2999999999999998, "num_goals_std": 2.3895606290697042, "goal_after_found": 258.73700375027124, "reward": 32.740234041661026, "goal_first_found_std": 232.057821591362}}