{"0": {"prob_shortest_per_episode": 0.20715608465608462, "reward": 26.134090129174293, "dist_ratio_per_episode_std": 3.0970535245956619, "goal_after_found_std": 147.85314352897731, "num_ep": 100, "reward_per_dist_std": 0.016584904031175598, "dist_ratio_per_episode": 3.6830273690512381, "reward_std": 25.885399939442308, "num_goal": 2.6400000000000001, "num_goals_std": 2.5865807545870281, "goal_after_found": 252.11123631795246, "goal_first_found": 157.05000000000001, "prob_shortest_per_episode_std": 0.26305557218389669, "goal_first_found_std": 166.52581631687022, "reward_per_dist": 0.013668310455778524}}