{"0": {"goal_first_found": 282.98000000000002, "goal_after_found_std": 32.565858699598721, "num_ep": 100, "reward_std": 4.2291751312270627, "num_goal": 3.96, "num_goals_std": 0.42237424163885751, "goal_after_found": 250.21833312988281, "reward": 39.420893344879147, "goal_first_found_std": 75.968411856507842}}