{"0": {"prob_shortest_per_episode": 0.46224924005303264, "reward": 156.1546782684326, "dist_ratio_per_episode_std": 0.088413941768417756, "goal_after_found_std": 10.365175911462147, "num_ep": 100, "reward_per_dist_std": 0.0027208955907917867, "dist_ratio_per_episode": 1.0185200471432903, "reward_std": 21.39186306008359, "num_goal": 15.69, "num_goals_std": 2.1386678096422549, "goal_after_found": 74.228807334899898, "goal_first_found": 78.049999999999997, "prob_shortest_per_episode_std": 0.12361824146087681, "goal_first_found_std": 41.845280498522179, "reward_per_dist": 0.018894665883917468}}