{"0": {"prob_shortest_per_episode": 0.45730582489406019, "reward": 153.03652854919434, "dist_ratio_per_episode_std": 0.093499073685030035, "goal_after_found_std": 9.8348761901358106, "num_ep": 100, "reward_per_dist_std": 0.0025020650687615355, "dist_ratio_per_episode": 1.0447036784439931, "reward_std": 18.651210341745347, "num_goal": 15.380000000000001, "num_goals_std": 1.8642961138188321, "goal_after_found": 75.793651618957526, "goal_first_found": 76.329999999999998, "prob_shortest_per_episode_std": 0.13109036710369615, "goal_first_found_std": 42.171804561815946, "reward_per_dist": 0.020965167965558567}}