{"0": {"prob_shortest_per_episode": 0.0, "reward": 5.9179864364862445, "dist_ratio_per_episode_std": 1.1364283373996145, "goal_after_found_std": 149.39628509437577, "num_ep": 100, "reward_per_dist_std": 0.0061196436897854884, "dist_ratio_per_episode": 2.5016153603464306, "reward_std": 6.5265782484620596, "num_goal": 0.67000000000000004, "num_goals_std": 0.64892218331630491, "goal_after_found": 300.5, "goal_first_found": 644.70000000000005, "prob_shortest_per_episode_std": 0.0, "goal_first_found_std": 219.58235357150173, "reward_per_dist": 0.011488575393151634}}