{"0": {"prob_shortest_per_episode": 0.0, "reward": 2.4581513471249492, "dist_ratio_per_episode_std": 12.744189501418386, "goal_after_found_std": 123.7520535233145, "num_ep": 100, "reward_per_dist_std": 0.0064637006268028303, "dist_ratio_per_episode": 13.020670362855265, "reward_std": 8.5198954388888257, "num_goal": 0.40000000000000002, "num_goals_std": 0.86023252670426265, "goal_after_found": 320.94444274902344, "goal_first_found": 164.33333333333334, "prob_shortest_per_episode_std": 0.0, "goal_first_found_std": 76.558619516173493, "reward_per_dist": 0.012856243344738302}}