{"0": {"prob_shortest_per_episode": 0.0, "reward": 43.596757202148439, "dist_ratio_per_episode_std": 0.53821549282200121, "goal_after_found_std": 69.838410901504318, "num_ep": 100, "reward_per_dist_std": 0.0017538779472978225, "dist_ratio_per_episode": 2.0057719930632478, "reward_std": 11.779291454517796, "num_goal": 4.4000000000000004, "num_goals_std": 1.1661903789690602, "goal_after_found": 238.73366638183595, "goal_first_found": 306.19, "prob_shortest_per_episode_std": 0.0, "goal_first_found_std": 172.63410410460617, "reward_per_dist": 0.0081677285584401526}}