{"0": {"goal_first_found": 93.239999999999995, "goal_after_found_std": 10.804385188348052, "num_ep": 100, "reward_std": 19.577447062046755, "num_goal": 14.779999999999999, "num_goals_std": 1.9574473172987314, "goal_after_found": 78.035292663574225, "reward": 147.04137893676759, "goal_first_found_std": 38.737351484065094}}