{"80": {"goal_first_found": 0, "goal_after_found_std": 0, "num_ep": 100, "reward_std": 2.7798697227183906, "num_goal": 0.080000000000000002, "num_goals_std": 0.27129319932501073, "goal_after_found": 0, "reward": -0.4476566709578037, "goal_first_found_std": 0}}