{"0": {"prob_shortest_per_episode": NaN, "reward": 8.4165642923116692, "dist_ratio_per_episode_std": NaN, "goal_after_found_std": 263.49255540055236, "num_ep": 100, "reward_per_dist_std": NaN, "dist_ratio_per_episode": NaN, "reward_std": 8.9891799118670139, "num_goal": 1.26, "num_goals_std": 0.8901685233707155, "goal_after_found": 379.38978527438258, "goal_first_found": 173.61290322580646, "prob_shortest_per_episode_std": NaN, "goal_first_found_std": 71.339568452964102, "reward_per_dist": NaN}}