{"0": {"prob_shortest_per_episode": NaN, "reward": 6.3117616704106334, "dist_ratio_per_episode_std": NaN, "goal_after_found_std": 206.13356561947887, "num_ep": 100, "reward_per_dist_std": NaN, "dist_ratio_per_episode": NaN, "reward_std": 7.298193294367711, "num_goal": 0.69999999999999996, "num_goals_std": 0.72801098892805194, "goal_after_found": 397.375, "goal_first_found": 529.0, "prob_shortest_per_episode_std": NaN, "goal_first_found_std": 212.13949812957196, "reward_per_dist": NaN}}