{"0": {"goal_first_found": 84.019999999999996, "goal_after_found_std": 11.349504616394901, "num_ep": 100, "reward_std": 22.320917989062579, "num_goal": 15.199999999999999, "num_goals_std": 2.2360679774997894, "goal_after_found": 77.03032707214355, "reward": 151.32018196105957, "goal_first_found_std": 37.959183342111039}}