{"0": {"prob_shortest_per_episode": 0.20588235294117646, "reward": 5.9490186587709468, "dist_ratio_per_episode_std": 2.4460187254545649, "goal_after_found_std": 80.927466512469252, "num_ep": 100, "reward_per_dist_std": 0.05228264238593093, "dist_ratio_per_episode": 4.0390737048749115, "reward_std": 10.119771970729106, "num_goal": 0.77000000000000002, "num_goals_std": 1.0085137579626764, "goal_after_found": 154.93137135225183, "goal_first_found": 192.52941176470588, "prob_shortest_per_episode_std": 0.38573167790011775, "goal_first_found_std": 102.1884750305324, "reward_per_dist": 0.037849954353823573}}