{"0": {"prob_shortest_per_episode": 0.17283333333333331, "reward": 52.237290744781497, "dist_ratio_per_episode_std": 0.62725697239665423, "goal_after_found_std": 68.280612283105725, "num_ep": 100, "reward_per_dist_std": 0.0023561108895868328, "dist_ratio_per_episode": 1.9389273428123772, "reward_std": 15.5428396555837, "num_goal": 5.2699999999999996, "num_goals_std": 1.5482570845954493, "goal_after_found": 207.43083259582519, "goal_first_found": 201.00999999999999, "prob_shortest_per_episode_std": 0.18081200538824022, "goal_first_found_std": 119.76748264867221, "reward_per_dist": 0.0082507147872649313}}