{"0": {"prob_shortest_per_episode": 0.0, "reward": 35.368986568450929, "dist_ratio_per_episode_std": 0.11794307145784443, "goal_after_found_std": 15.321337551855365, "num_ep": 100, "reward_per_dist_std": 0.00034579678279117519, "dist_ratio_per_episode": 2.2471722764954492, "reward_std": 5.1804906953318666, "num_goal": 4.6200000000000001, "num_goals_std": 0.48538644398046393, "goal_after_found": 234.2350001525879, "goal_first_found": 241.16999999999999, "prob_shortest_per_episode_std": 0.0, "goal_first_found_std": 35.366666509582153, "reward_per_dist": 0.0040056531427839345}}