{"0": {"goal_first_found": 530.5, "goal_after_found_std": 41.5, "num_ep": 100, "reward_std": 5.7198720514435806, "num_goal": 0.37, "num_goals_std": 0.55955339334151133, "goal_after_found": 332.5, "reward": 3.0840934747457505, "goal_first_found_std": 111.5}}