{"0": {"prob_shortest_per_episode": NaN, "reward": 8.68612700343132, "dist_ratio_per_episode_std": NaN, "goal_after_found_std": 168.83275840188594, "num_ep": 100, "reward_per_dist_std": NaN, "dist_ratio_per_episode": NaN, "reward_std": 12.81310762371829, "num_goal": 1.3, "num_goals_std": 1.2041594578792296, "goal_after_found": 251.68918960158891, "goal_first_found": 294.2162162162162, "prob_shortest_per_episode_std": NaN, "goal_first_found_std": 228.66559262501175, "reward_per_dist": -Infinity}}