{"0": {"goal_first_found": 499.0, "goal_after_found_std": 156.0, "num_ep": 100, "reward_std": 4.946893802097879, "num_goal": 0.23000000000000001, "num_goals_std": 0.46593991028886977, "goal_after_found": 462.0, "reward": 0.51730443954467775, "goal_first_found_std": 70.0}}