{"0": {"goal_first_found": 188.09090909090909, "goal_after_found_std": 66.878189782535003, "num_ep": 100, "reward_std": 9.180729621950638, "num_goal": 0.62, "num_goals_std": 0.92498648638777414, "goal_after_found": 193.95454545454547, "reward": 4.472925909393525, "goal_first_found_std": 66.160211258119546}}