{"0": {"prob_shortest_per_episode": 0.12782539682539681, "reward": 47.318801794052121, "dist_ratio_per_episode_std": 0.80229616647180568, "goal_after_found_std": 144.03074042967151, "num_ep": 100, "reward_per_dist_std": 0.0017961901406707561, "dist_ratio_per_episode": 2.1741975930735964, "reward_std": 16.06185248470829, "num_goal": 4.7800000000000002, "num_goals_std": 1.5973728431396343, "goal_after_found": 259.01390075683594, "goal_first_found": 187.85858585858585, "prob_shortest_per_episode_std": 0.17300113050631369, "goal_first_found_std": 138.58950432522411, "reward_per_dist": 0.0059512805539897219}}