{"0": {"prob_shortest_per_episode": NaN, "reward": 2.2051683747768402, "dist_ratio_per_episode_std": NaN, "goal_after_found_std": 188.12496945443314, "num_ep": 100, "reward_per_dist_std": NaN, "dist_ratio_per_episode": NaN, "reward_std": 8.1105395316992404, "num_goal": 0.59999999999999998, "num_goals_std": 0.82462112512353214, "goal_after_found": 260.86363636363637, "goal_first_found": 116.36363636363636, "prob_shortest_per_episode_std": NaN, "goal_first_found_std": 12.593452319452123, "reward_per_dist": NaN}}