{"0": {"prob_shortest_per_episode": 0.17756024531024533, "reward": 89.354075622558597, "dist_ratio_per_episode_std": 0.54458475259776673, "goal_after_found_std": 25.15657954409339, "num_ep": 100, "reward_per_dist_std": 0.0018998097459865025, "dist_ratio_per_episode": 1.7878866961731681, "reward_std": 16.33286100897525, "num_goal": 8.9700000000000006, "num_goals_std": 1.6337380450978058, "goal_after_found": 131.19017608642579, "goal_first_found": 108.84, "prob_shortest_per_episode_std": 0.12825505251517771, "goal_first_found_std": 71.239275684133688, "reward_per_dist": 0.011208693625774599}}