{"0": {"prob_shortest_per_episode": 0.34567901234567899, "reward": 8.0599669873714443, "dist_ratio_per_episode_std": 0.48649583875786923, "goal_after_found_std": 313.92961716559228, "num_ep": 100, "reward_per_dist_std": 0.0048070408671653311, "dist_ratio_per_episode": 1.4405054806588813, "reward_std": 14.086207342655937, "num_goal": 1.2, "num_goals_std": 1.3564659966250534, "goal_after_found": 389.19753124095774, "goal_first_found": 123.74074074074075, "prob_shortest_per_episode_std": 0.3793158394009189, "goal_first_found_std": 47.367431061619008, "reward_per_dist": 0.013146695815754441}}