{"53": {"reward": 170.85070190429687, "goal_after_found_std": 11.128564976187887, "num_ep": 1000, "reward_std": 18.586636112815746, "num_goal": 15.082, "num_goals_std": 1.9897929540532602, "goal_after_found": 78.51730058670044, "goal_first_found": 66.33, "goal_first_found_std": 34.28088534445982}, "79": {"goal_first_found": 66.35164835164835, "goal_after_found_std": 11.124845583761381, "num_ep": 1001, "reward_std": 19.752896971680549, "num_goal": 15.080919080919081, "num_goals_std": 1.9890925230818635, "goal_after_found": 78.523699967177592, "reward": 172.40688186645508, "goal_first_found_std": 34.270595939291539}}