{"0": {"goal_first_found": 93.620000000000005, "goal_after_found_std": 12.30488901516725, "num_ep": 100, "reward_std": 21.896407157704889, "num_goal": 14.869999999999999, "num_goals_std": 2.1893149613520664, "goal_after_found": 78.216605377197268, "reward": 147.9554123687744, "goal_first_found_std": 38.83446407509701}}