{"0": {"goal_first_found": 147.77000000000001, "goal_after_found_std": 24.630982908120732, "num_ep": 100, "reward_std": 17.840868491485104, "num_goal": 9.0500000000000007, "num_goals_std": 1.7853571071357126, "goal_after_found": 124.13119049072266, "reward": 90.143831558227532, "goal_first_found_std": 59.690008376611914}}