{"0": {"goal_first_found": 275.875, "goal_after_found_std": 143.98744329063132, "num_ep": 100, "reward_std": 11.403288303094667, "num_goal": 0.96999999999999997, "num_goals_std": 1.1441590798486021, "goal_after_found": 207.5625, "reward": 7.9365987336239776, "goal_first_found_std": 126.16831103067574}}