{"0": {"prob_shortest_per_episode": 0.0, "reward": 24.696991981565951, "dist_ratio_per_episode_std": 0.94396879317838767, "goal_after_found_std": 120.20543082251889, "num_ep": 100, "reward_per_dist_std": 0.0027550402223892943, "dist_ratio_per_episode": 2.2417257632301562, "reward_std": 18.428936296292907, "num_goal": 2.5299999999999998, "num_goals_std": 1.8245821439441963, "goal_after_found": 279.91164022778707, "goal_first_found": 374.92063492063494, "prob_shortest_per_episode_std": 0.0, "goal_first_found_std": 203.04978680955665, "reward_per_dist": 0.0084843520921993962}}