{"0": {"prob_shortest_per_episode": 0.5, "reward": -0.73177619338035582, "dist_ratio_per_episode_std": 0.073128586281380428, "goal_after_found_std": 153.82103146911422, "num_ep": 100, "reward_per_dist_std": 0.0023514914990849637, "dist_ratio_per_episode": 1.0175286853748879, "reward_std": 7.9620171024747277, "num_goal": 0.38, "num_goals_std": 0.74538580614336891, "goal_after_found": 200.41666666666666, "goal_first_found": 328.08333333333331, "prob_shortest_per_episode_std": 0.45643546458763845, "goal_first_found_std": 270.068959814999, "reward_per_dist": 0.018318431925441355}}