{"80": {"goal_first_found": 0, "goal_after_found_std": 0, "num_ep": 100, "reward_std": 2.3232179873329843, "num_goal": 0.029999999999999999, "num_goals_std": 0.17058722109231983, "goal_after_found": 0, "reward": -2.2966950365900995, "goal_first_found_std": 0}}