{"0": {"prob_shortest_per_episode": 0.0, "reward": 0.15232260435819625, "dist_ratio_per_episode_std": 0.0, "goal_after_found_std": 0.0, "num_ep": 100, "reward_per_dist_std": 0.0, "dist_ratio_per_episode": 1.1769902303144359, "reward_std": 4.1697579635528088, "num_goal": 0.13, "num_goals_std": 0.41605288125429435, "goal_after_found": 252.5, "goal_first_found": 258.0, "prob_shortest_per_episode_std": 0.0, "goal_first_found_std": 0.0, "reward_per_dist": 0.0080011216468040287}}