{"0": {"prob_shortest_per_episode": 0.29749999999999999, "reward": 30.25092089653015, "dist_ratio_per_episode_std": 0.50105421630319025, "goal_after_found_std": 67.028850579499178, "num_ep": 100, "reward_per_dist_std": 0.0043158720080416118, "dist_ratio_per_episode": 1.5570600429945862, "reward_std": 15.558249106193657, "num_goal": 3.3399999999999999, "num_goals_std": 1.4437451298619159, "goal_after_found": 181.19183319091798, "goal_first_found": 209.78999999999999, "prob_shortest_per_episode_std": 0.35051846519754765, "goal_first_found_std": 86.241207667796502, "reward_per_dist": 0.011752945993967718}}