{"0": {"prob_shortest_per_episode": NaN, "reward": 22.968606040179729, "dist_ratio_per_episode_std": NaN, "goal_after_found_std": 144.76229217968913, "num_ep": 100, "reward_per_dist_std": NaN, "dist_ratio_per_episode": NaN, "reward_std": 21.61175077302914, "num_goal": 2.3500000000000001, "num_goals_std": 2.1465087933665679, "goal_after_found": 269.27019207294171, "goal_first_found": 325.55769230769232, "prob_shortest_per_episode_std": NaN, "goal_first_found_std": 180.79891225225231, "reward_per_dist": -Infinity}}