{"0": {"prob_shortest_per_episode": NaN, "reward": 57.976936950683594, "dist_ratio_per_episode_std": NaN, "goal_after_found_std": 104.75259001748549, "num_ep": 100, "reward_per_dist_std": NaN, "dist_ratio_per_episode": NaN, "reward_std": 18.555739215189774, "num_goal": 5.8499999999999996, "num_goals_std": 1.8459414941974734, "goal_after_found": 210.16469412138969, "goal_first_found": 157.56565656565655, "prob_shortest_per_episode_std": NaN, "goal_first_found_std": 114.66280486944542, "reward_per_dist": Infinity}}