{"0": {"goal_first_found": 269.60000000000002, "goal_after_found_std": 72.874193394735769, "num_ep": 100, "reward_std": 9.6483459028933733, "num_goal": 0.56999999999999995, "num_goals_std": 0.97216253785053852, "goal_after_found": 143.46999969482422, "reward": 4.3405371663428376, "goal_first_found_std": 221.42727925890253}}