{"0": {"prob_shortest_per_episode": NaN, "reward": 22.342696551084519, "dist_ratio_per_episode_std": NaN, "goal_after_found_std": 115.87059645535543, "num_ep": 100, "reward_per_dist_std": NaN, "dist_ratio_per_episode": NaN, "reward_std": 19.326384337349172, "num_goal": 2.29, "num_goals_std": 1.9146540157427925, "goal_after_found": 273.86800048828127, "goal_first_found": 313.57999999999998, "prob_shortest_per_episode_std": NaN, "goal_first_found_std": 183.36020178871968, "reward_per_dist": NaN}}