{"0": {"goal_first_found": 69.120000000000005, "goal_after_found_std": 11.372776651853361, "num_ep": 100, "reward_std": 20.425044636199686, "num_goal": 14.92, "num_goals_std": 2.0380382724571193, "goal_after_found": 79.28745304107666, "reward": 148.42260391235351, "goal_first_found_std": 38.522274076175719}}