{"0": {"prob_shortest_per_episode": 0.0, "reward": 8.1617712454311544, "dist_ratio_per_episode_std": 1.3710190392730335, "goal_after_found_std": 227.2959870003146, "num_ep": 100, "reward_per_dist_std": 0.0022292082628832563, "dist_ratio_per_episode": 4.0084883328132443, "reward_std": 10.374396842724297, "num_goal": 0.83999999999999997, "num_goals_std": 1.0461357464497618, "goal_after_found": 586.68518518518522, "goal_first_found": 371.18518518518516, "prob_shortest_per_episode_std": 0.0, "goal_first_found_std": 164.18260769463419, "reward_per_dist": 0.0058961948031054888}}