{"0": {"prob_shortest_per_episode": NaN, "reward": 7.5250376032292845, "dist_ratio_per_episode_std": NaN, "goal_after_found_std": 219.19420212362158, "num_ep": 100, "reward_per_dist_std": NaN, "dist_ratio_per_episode": NaN, "reward_std": 9.9265036401647535, "num_goal": 0.78000000000000003, "num_goals_std": 1.0057832768544124, "goal_after_found": 634.51587204706107, "goal_first_found": 278.09523809523807, "prob_shortest_per_episode_std": NaN, "goal_first_found_std": 139.49975414277867, "reward_per_dist": NaN}}