{"0": {"prob_shortest_per_episode": 0.22599206349206344, "reward": 59.469617424011233, "dist_ratio_per_episode_std": 1.5149217460414193, "goal_after_found_std": 66.096381907032352, "num_ep": 100, "reward_per_dist_std": 0.0025874933362350114, "dist_ratio_per_episode": 3.4280932521634075, "reward_std": 16.985662451449873, "num_goal": 6.1100000000000003, "num_goals_std": 1.696437443585822, "goal_after_found": 194.92378959655761, "goal_first_found": 167.22, "prob_shortest_per_episode_std": 0.1896019412678232, "goal_first_found_std": 120.38011297552431, "reward_per_dist": 0.011725888806295002}}