{"0": {"prob_shortest_per_episode": 0.29627092352092349, "reward": 74.053148994445806, "dist_ratio_per_episode_std": 0.93264477159693104, "goal_after_found_std": 40.674540495116062, "num_ep": 100, "reward_per_dist_std": 0.0023753240018630061, "dist_ratio_per_episode": 2.8495510432704108, "reward_std": 20.188500007664292, "num_goal": 7.4400000000000004, "num_goals_std": 2.0214846029589246, "goal_after_found": 154.66020767211913, "goal_first_found": 180.97, "prob_shortest_per_episode_std": 0.19387553206420724, "goal_first_found_std": 85.52922950664292, "reward_per_dist": 0.010643033801551537}}