{"0": {"prob_shortest_per_episode": 0.0, "reward": 48.012067356109618, "dist_ratio_per_episode_std": 0.1552366147078286, "goal_after_found_std": 52.530820573119932, "num_ep": 100, "reward_per_dist_std": 0.00076664560454109073, "dist_ratio_per_episode": 1.5482923509619473, "reward_std": 10.053327362062152, "num_goal": 5.7000000000000002, "num_goals_std": 1.0440306508910551, "goal_after_found": 201.17735717773436, "goal_first_found": 184.99000000000001, "prob_shortest_per_episode_std": 0.0, "goal_first_found_std": 68.131416395081644, "reward_per_dist": 0.0064337455798169456}}