{"0": {"prob_shortest_per_episode": NaN, "reward": 5.6382219919562342, "dist_ratio_per_episode_std": NaN, "goal_after_found_std": 289.04192354053731, "num_ep": 100, "reward_per_dist_std": NaN, "dist_ratio_per_episode": NaN, "reward_std": 8.4849831316289706, "num_goal": 0.58999999999999997, "num_goals_std": 0.86133617130595419, "goal_after_found": 621.82352941176475, "goal_first_found": 371.05882352941177, "prob_shortest_per_episode_std": NaN, "goal_first_found_std": 292.05025163654432, "reward_per_dist": NaN}}