{"0": {"prob_shortest_per_episode": 0.85569992533453254, "reward": 203.06903778076173, "dist_ratio_per_episode_std": 0.047997288314237219, "goal_after_found_std": 5.106801467827025, "num_ep": 100, "reward_per_dist_std": 0.0024855495317442525, "dist_ratio_per_episode": 0.97955442621624667, "reward_std": 17.723925895419782, "num_goal": 20.329999999999998, "num_goals_std": 1.7723148704448652, "goal_after_found": 57.608626403808593, "goal_first_found": 59.119999999999997, "prob_shortest_per_episode_std": 0.080394709561159544, "goal_first_found_std": 26.798611904350572, "reward_per_dist": 0.027599459924353101}}