{"0": {"reward": 209.21953636169434, "goal_after_found_std": 6.6038557541047345, "num_ep": 1000, "reward_std": 19.306045250425015, "num_goal": 19.011, "num_goals_std": 2.014169555921249, "goal_after_found": 61.435064178466796, "goal_first_found": 65.238, "goal_first_found_std": 26.45893716686292}, "73": {"goal_first_found": 65.217782217782215, "goal_after_found_std": 6.6009517585784838, "num_ep": 1001, "reward_std": 19.004501104240102, "num_goal": 19.010989010989011, "num_goals_std": 2.0131632558201868, "goal_after_found": 61.437349050790516, "reward": 210.51940666198732, "goal_first_found_std": 26.453444742373076}}