{"0": {"goal_first_found": 168.16, "goal_after_found_std": 57.254967886537592, "num_ep": 100, "reward_std": 18.733794952215916, "num_goal": 6.8399999999999999, "num_goals_std": 1.8639742487491613, "goal_after_found": 161.93738861083983, "reward": 66.73110818862915, "goal_first_found_std": 148.80838148437741}}