{"0": {"goal_first_found": 159.59, "goal_after_found_std": 63.875798290450653, "num_ep": 100, "reward_std": 20.452598475914233, "num_goal": 6.5700000000000003, "num_goals_std": 2.0359518658357323, "goal_after_found": 179.91493667602538, "reward": 64.065136795043941, "goal_first_found_std": 145.21722315207657}}