{"0": {"goal_first_found": 0, "goal_after_found_std": 0, "num_ep": 100, "reward_std": 1.7388471967750119, "num_goal": 0.029999999999999999, "num_goals_std": 0.17058722109231983, "goal_after_found": 0, "reward": 0.15841586796101181, "goal_first_found_std": 0}}