{"0": {"prob_shortest_per_episode": 0.0, "reward": 8.3245021121203902, "dist_ratio_per_episode_std": 1.4665620831112249, "goal_after_found_std": 226.02464830660946, "num_ep": 100, "reward_per_dist_std": 0.0029357411493401617, "dist_ratio_per_episode": 3.1826274793124059, "reward_std": 10.759081713117192, "num_goal": 0.85999999999999999, "num_goals_std": 1.0864621484432855, "goal_after_found": 520.28787925026631, "goal_first_found": 284.27272727272725, "prob_shortest_per_episode_std": 0.0, "goal_first_found_std": 151.94143064716562, "reward_per_dist": 0.007327234291937915}}