{"0": {"prob_shortest_per_episode": 0.28256746031746033, "reward": 59.275256366729735, "dist_ratio_per_episode_std": 4.7844391770958188, "goal_after_found_std": 59.857377143829609, "num_ep": 100, "reward_per_dist_std": 0.002705102714941789, "dist_ratio_per_episode": 3.6715686542192629, "reward_std": 16.835744918241737, "num_goal": 6.0899999999999999, "num_goals_std": 1.6798511838850485, "goal_after_found": 181.73907173156738, "goal_first_found": 213.83000000000001, "prob_shortest_per_episode_std": 0.1881786890008513, "goal_first_found_std": 135.58783536881174, "reward_per_dist": 0.0099091779053313862}}