{"0": {"goal_first_found": 165.88999999999999, "goal_after_found_std": 38.601966064643683, "num_ep": 100, "reward_std": 17.261567498278719, "num_goal": 7.0899999999999999, "num_goals_std": 1.7268178826963774, "goal_after_found": 159.90455833435058, "reward": 70.550310783386237, "goal_first_found_std": 113.02308569491456}}