{"0": {"goal_first_found": 53.200000000000003, "goal_after_found_std": 6.5030637672534315, "num_ep": 100, "reward_std": 22.590848454719826, "num_goal": 20.57, "num_goals_std": 2.2594468349576182, "goal_after_found": 57.667484588623047, "reward": 205.46096084594726, "goal_first_found_std": 27.110514565385881}}