{"0": {"prob_shortest_per_episode": NaN, "reward": 21.882771838475019, "dist_ratio_per_episode_std": NaN, "goal_after_found_std": 178.87873384708038, "num_ep": 100, "reward_per_dist_std": NaN, "dist_ratio_per_episode": NaN, "reward_std": 9.0604013411683102, "num_goal": 2.2000000000000002, "num_goals_std": 0.90553851381374173, "goal_after_found": 368.84156384880163, "goal_first_found": 202.08641975308643, "prob_shortest_per_episode_std": NaN, "goal_first_found_std": 60.756384114252732, "reward_per_dist": -Infinity}}