{"0": {"prob_shortest_per_episode": 0.87095833801125577, "reward": 208.46068237304686, "dist_ratio_per_episode_std": 0.044075951133953184, "goal_after_found_std": 5.3183288019038244, "num_ep": 100, "reward_per_dist_std": 0.0025155414317135946, "dist_ratio_per_episode": 0.97126259507212442, "reward_std": 19.743438593720622, "num_goal": 20.870000000000001, "num_goals_std": 1.9730940170199698, "goal_after_found": 56.475286636352536, "goal_first_found": 52.159999999999997, "prob_shortest_per_episode_std": 0.076595588341330248, "goal_first_found_std": 23.042447786639336, "reward_per_dist": 0.025377643154084761}}