{"0": {"prob_shortest_per_episode": 0.025000000000000001, "reward": 7.2151732476241888, "dist_ratio_per_episode_std": 1.4817031940568104, "goal_after_found_std": 240.25858335343608, "num_ep": 100, "reward_per_dist_std": 0.0028628250331888773, "dist_ratio_per_episode": 3.8547542772381531, "reward_std": 8.8659370842801923, "num_goal": 0.75, "num_goals_std": 0.89861003778057147, "goal_after_found": 587.52499999999998, "goal_first_found": 376.19999999999999, "prob_shortest_per_episode_std": 0.10897247358851682, "goal_first_found_std": 186.74651268497624, "reward_per_dist": 0.0066207881864113836}}