{"0": {"prob_shortest_per_episode": NaN, "reward": 20.648783715069293, "dist_ratio_per_episode_std": NaN, "goal_after_found_std": 226.05405963909547, "num_ep": 100, "reward_per_dist_std": NaN, "dist_ratio_per_episode": NaN, "reward_std": 9.0138799964386269, "num_goal": 2.0800000000000001, "num_goals_std": 0.90199778270237452, "goal_after_found": 423.63262917961873, "goal_first_found": 204.25352112676057, "prob_shortest_per_episode_std": NaN, "goal_first_found_std": 57.728289818321699, "reward_per_dist": NaN}}