{"0": {"prob_shortest_per_episode": NaN, "reward": 8.9605424111150214, "dist_ratio_per_episode_std": NaN, "goal_after_found_std": 239.64608174898245, "num_ep": 100, "reward_per_dist_std": NaN, "dist_ratio_per_episode": NaN, "reward_std": 10.684911537729322, "num_goal": 0.92000000000000004, "num_goals_std": 1.0740577265678042, "goal_after_found": 566.48666625976557, "goal_first_found": 307.75999999999999, "prob_shortest_per_episode_std": NaN, "goal_first_found_std": 170.45850638791836, "reward_per_dist": -Infinity}}