{"0": {"prob_shortest_per_episode": 0.0, "reward": 22.840064616650341, "dist_ratio_per_episode_std": 1.4194818429576908, "goal_after_found_std": 177.0877131147368, "num_ep": 100, "reward_per_dist_std": 0.0036831617669744344, "dist_ratio_per_episode": 3.1435067576577009, "reward_std": 10.417128536393424, "num_goal": 2.2999999999999998, "num_goals_std": 1.0440306508910551, "goal_after_found": 368.52777784298627, "goal_first_found": 213.2051282051282, "prob_shortest_per_episode_std": 0.0, "goal_first_found_std": 78.933168578910099, "reward_per_dist": 0.0076297926247182544}}