{"0": {"goal_first_found": 60.25, "goal_after_found_std": 5.4503717597835912, "num_ep": 100, "reward_std": 20.445422570052923, "num_goal": 20.52, "num_goals_std": 2.0468512403201169, "goal_after_found": 57.106894226074218, "reward": 204.96461349487305, "goal_first_found_std": 24.500357140254099}}