{"0": {"goal_first_found": 180.5, "goal_after_found_std": 46.617654261945802, "num_ep": 100, "reward_std": 15.328329934829288, "num_goal": 6.2699999999999996, "num_goals_std": 1.5287576655572328, "goal_after_found": 175.79531364440919, "reward": 61.105525970458984, "goal_first_found_std": 132.63427158920879}}