{"0": {"prob_shortest_per_episode": 0.33619047619047621, "reward": 79.549363555908201, "dist_ratio_per_episode_std": 0.028813974144255655, "goal_after_found_std": 3.6032581216459119, "num_ep": 100, "reward_per_dist_std": 0.00020031031088189359, "dist_ratio_per_episode": 1.3942497654088928, "reward_std": 1.0027352157289553, "num_goal": 7.9900000000000002, "num_goals_std": 0.099498743710661988, "goal_after_found": 135.71261863708497, "goal_first_found": 161.94, "prob_shortest_per_episode_std": 0.091055787639144792, "goal_first_found_std": 9.666250565757128, "reward_per_dist": 0.0096072243596801131}}