{"0": {"prob_shortest_per_episode": 0.54085317460317461, "reward": 88.822675628662111, "dist_ratio_per_episode_std": 0.099764983397692256, "goal_after_found_std": 10.516315089093377, "num_ep": 100, "reward_per_dist_std": 0.00087264239571002234, "dist_ratio_per_episode": 1.1534444034548574, "reward_std": 6.4400266243950233, "num_goal": 8.9199999999999999, "num_goals_std": 0.64311740763254099, "goal_after_found": 127.88091255187989, "goal_first_found": 131.13, "prob_shortest_per_episode_std": 0.15670963385922793, "goal_first_found_std": 32.296642240332041, "reward_per_dist": 0.011521633662275994}}