{"0": {"prob_shortest_per_episode": 0.29389751194882779, "reward": 73.690664259493346, "dist_ratio_per_episode_std": 1.5229669453387344, "goal_after_found_std": 155.00447864149615, "num_ep": 100, "reward_per_dist_std": 0.0048819084733008862, "dist_ratio_per_episode": 2.3800779438547486, "reward_std": 49.148817688637983, "num_goal": 7.4000000000000004, "num_goals_std": 4.9295030175464953, "goal_after_found": 189.11731683054279, "goal_first_found": 171.12903225806451, "prob_shortest_per_episode_std": 0.246701729860235, "goal_first_found_std": 129.1418513080811, "reward_per_dist": 0.013677596695416582}}