{"0": {"prob_shortest_per_episode": NaN, "reward": 48.014269173294309, "dist_ratio_per_episode_std": NaN, "goal_after_found_std": 187.72382305550101, "num_ep": 100, "reward_per_dist_std": NaN, "dist_ratio_per_episode": NaN, "reward_std": 36.192320697590517, "num_goal": 4.8300000000000001, "num_goals_std": 3.6333318042810245, "goal_after_found": 252.04649985818301, "goal_first_found": 205.41176470588235, "prob_shortest_per_episode_std": NaN, "goal_first_found_std": 151.19658369293674, "reward_per_dist": -Infinity}}