{"0": {"prob_shortest_per_episode": 0.29601806239737272, "reward": 28.781374773774296, "dist_ratio_per_episode_std": 4.9076357781388786, "goal_after_found_std": 205.35610396317659, "num_ep": 100, "reward_per_dist_std": 0.016789288162369617, "dist_ratio_per_episode": 3.3888135212690251, "reward_std": 26.717902558329438, "num_goal": 2.8999999999999999, "num_goals_std": 2.6776855677991769, "goal_after_found": 234.91094036760001, "goal_first_found": 255.24137931034483, "prob_shortest_per_episode_std": 0.32264461266355954, "goal_first_found_std": 212.65791782082934, "reward_per_dist": 0.018832718928773605}}