{"0": {"prob_shortest_per_episode": NaN, "reward": 52.782712025046351, "dist_ratio_per_episode_std": NaN, "goal_after_found_std": 74.746622651702353, "num_ep": 100, "reward_per_dist_std": NaN, "dist_ratio_per_episode": NaN, "reward_std": 25.131862147496165, "num_goal": 5.3099999999999996, "num_goals_std": 2.5206943487856668, "goal_after_found": 184.28962715635907, "goal_first_found": 216.88297872340425, "prob_shortest_per_episode_std": NaN, "goal_first_found_std": 162.64403478363931, "reward_per_dist": Infinity}}