{"0": {"prob_shortest_per_episode": 0.0, "reward": 27.684718222903282, "dist_ratio_per_episode_std": 0.0, "goal_after_found_std": 228.13890031939121, "num_ep": 29, "reward_per_dist_std": 0.0, "dist_ratio_per_episode": 0.0, "reward_std": 19.065922292385196, "num_goal": 2.7931034482758621, "num_goals_std": 1.9186796887232491, "goal_after_found": 297.35333328247071, "goal_first_found": 194.25, "prob_shortest_per_episode_std": 0.0, "goal_first_found_std": 195.92929209283639, "reward_per_dist": 0.0}}