{"0": {"prob_shortest_per_episode": 0.21302709636042971, "reward": 52.400078501030805, "dist_ratio_per_episode_std": 2.6115015397296126, "goal_after_found_std": 150.11579964129365, "num_ep": 100, "reward_per_dist_std": 0.0030203781864612954, "dist_ratio_per_episode": 3.0702022282642267, "reward_std": 28.496475784430331, "num_goal": 5.2699999999999996, "num_goals_std": 2.8560637247792635, "goal_after_found": 233.22295405069988, "goal_first_found": 199.88888888888889, "prob_shortest_per_episode_std": 0.22737266766157971, "goal_first_found_std": 151.82105288386532, "reward_per_dist": 0.008683890484232298}}