{"0": {"prob_shortest_per_episode": 0.0, "reward": 10.053499881923198, "dist_ratio_per_episode_std": 0.8245335306390279, "goal_after_found_std": 164.91780879125727, "num_ep": 100, "reward_per_dist_std": 0.0024435109817359767, "dist_ratio_per_episode": 2.2519584644440038, "reward_std": 5.8790173322401609, "num_goal": 1.03, "num_goals_std": 0.59084684986889791, "goal_after_found": 448.89473684210526, "goal_first_found": 567.15789473684208, "prob_shortest_per_episode_std": 0.0, "goal_first_found_std": 164.63300914710581, "reward_per_dist": 0.0064457203824602573}}