{"0": {"prob_shortest_per_episode": 0.3970238095238095, "reward": 83.970546264648434, "dist_ratio_per_episode_std": 0.066749052463036918, "goal_after_found_std": 7.6005887863725992, "num_ep": 100, "reward_per_dist_std": 0.00041591079451108146, "dist_ratio_per_episode": 1.3577421339131095, "reward_std": 5.8981353727302439, "num_goal": 8.4299999999999997, "num_goals_std": 0.58745212570898075, "goal_after_found": 132.3040079498291, "goal_first_found": 156.65000000000001, "prob_shortest_per_episode_std": 0.12395967314773554, "goal_first_found_std": 7.7050308240785128, "reward_per_dist": 0.0098199861415984926}}