{"0": {"prob_shortest_per_episode": 0.15654761904761905, "reward": 50.45433597564697, "dist_ratio_per_episode_std": 0.25229651797829128, "goal_after_found_std": 27.176847443153754, "num_ep": 100, "reward_per_dist_std": 0.00073760898296161722, "dist_ratio_per_episode": 2.0139632838590735, "reward_std": 9.4031096841756998, "num_goal": 5.0700000000000003, "num_goals_std": 0.94079753401037358, "goal_after_found": 216.18347564697265, "goal_first_found": 206.18000000000001, "prob_shortest_per_episode_std": 0.16934459996532208, "goal_first_found_std": 73.032373643474031, "reward_per_dist": 0.0074036516041883884}}