{"0": {"prob_shortest_per_episode": 0.0, "reward": 33.329387941956519, "dist_ratio_per_episode_std": 0.0, "goal_after_found_std": 68.247015928673036, "num_ep": 15, "reward_per_dist_std": 0.0, "dist_ratio_per_episode": 0.0, "reward_std": 30.790186117314992, "num_goal": 3.7333333333333334, "num_goals_std": 2.5157283018817607, "goal_after_found": 190.64134216308594, "goal_first_found": 111.45454545454545, "prob_shortest_per_episode_std": 0.0, "goal_first_found_std": 93.860983893845173, "reward_per_dist": 0.0}}