{"0": {"prob_shortest_per_episode": 0.17388510959939529, "reward": 29.834279397614299, "dist_ratio_per_episode_std": 3.0858577792623434, "goal_after_found_std": 149.7241814417479, "num_ep": 100, "reward_per_dist_std": 0.040643581884670564, "dist_ratio_per_episode": 3.6161673621253425, "reward_std": 25.383762928862456, "num_goal": 3.0099999999999998, "num_goals_std": 2.5475282137789956, "goal_after_found": 226.21170261928015, "goal_first_found": 225.47619047619048, "prob_shortest_per_episode_std": 0.25912076584926758, "goal_first_found_std": 231.14984194912739, "reward_per_dist": 0.018748761803905965}}