{"0": {"prob_shortest_per_episode": 0.34003968253968253, "reward": 81.110159988403325, "dist_ratio_per_episode_std": 0.2252583342504226, "goal_after_found_std": 21.540385738742657, "num_ep": 100, "reward_per_dist_std": 0.001546528076713211, "dist_ratio_per_episode": 1.327948987684741, "reward_std": 12.271826599474679, "num_goal": 8.1400000000000006, "num_goals_std": 1.2330450113438682, "goal_after_found": 141.35094055175782, "goal_first_found": 151.25999999999999, "prob_shortest_per_episode_std": 0.27892759474748108, "goal_first_found_std": 36.179170803101613, "reward_per_dist": 0.010360983852978097}}