{"0": {"prob_shortest_per_episode": NaN, "reward": 32.522928271591667, "dist_ratio_per_episode_std": NaN, "goal_after_found_std": 234.17085081765325, "num_ep": 100, "reward_per_dist_std": NaN, "dist_ratio_per_episode": NaN, "reward_std": 26.023536745338447, "num_goal": 3.3100000000000001, "num_goals_std": 2.5872572349884342, "goal_after_found": 274.05535714285713, "goal_first_found": 266.81428571428569, "prob_shortest_per_episode_std": NaN, "goal_first_found_std": 253.82937423491751, "reward_per_dist": -Infinity}}