{"0": {"prob_shortest_per_episode": 0.0, "reward": 35.989791288375855, "dist_ratio_per_episode_std": 0.30316404915349537, "goal_after_found_std": 36.463082041265771, "num_ep": 100, "reward_per_dist_std": 0.00097270294013870287, "dist_ratio_per_episode": 1.8362172630626481, "reward_std": 8.5328952893399777, "num_goal": 5.1299999999999999, "num_goals_std": 0.82042671823874691, "goal_after_found": 207.30450012207032, "goal_first_found": 260.31999999999999, "prob_shortest_per_episode_std": 0.0, "goal_first_found_std": 98.355058842949205, "reward_per_dist": 0.0045843425334522727}}