{"0": {"prob_shortest_per_episode": 0.22142857142857139, "reward": 76.570653457641598, "dist_ratio_per_episode_std": 0.046868599352512468, "goal_after_found_std": 6.0038610270793011, "num_ep": 100, "reward_per_dist_std": 0.00025144733122139723, "dist_ratio_per_episode": 1.4841230791737183, "reward_std": 4.6363271299570821, "num_goal": 7.6900000000000004, "num_goals_std": 0.46249324319388713, "goal_after_found": 144.19714309692384, "goal_first_found": 156.87, "prob_shortest_per_episode_std": 0.092650869793377486, "goal_first_found_std": 6.584307100978811, "reward_per_dist": 0.0079008230567004841}}