{"0": {"goal_first_found": 253.38888888888889, "goal_after_found_std": 134.34946285627271, "num_ep": 100, "reward_std": 22.458843723672853, "num_goal": 4.5599999999999996, "num_goals_std": 2.2508664998173478, "goal_after_found": 230.44981494479708, "reward": 45.308845784738658, "goal_first_found_std": 191.51934595894798}}