{"0": {"prob_shortest_per_episode": 0.32858730158730154, "reward": 77.512276840209964, "dist_ratio_per_episode_std": 0.22579141427076313, "goal_after_found_std": 21.461530624062672, "num_ep": 100, "reward_per_dist_std": 0.0015601538368500423, "dist_ratio_per_episode": 1.3324006508679858, "reward_std": 12.549956610376503, "num_goal": 7.79, "num_goals_std": 1.259325216137595, "goal_after_found": 148.39220993041991, "goal_first_found": 138.88999999999999, "prob_shortest_per_episode_std": 0.28826956945054366, "goal_first_found_std": 29.130017164430235, "reward_per_dist": 0.0090480787409293259}}