{"0": {"goal_first_found": 262.0, "goal_after_found_std": 170.58333587646484, "num_ep": 4, "reward_std": 22.313178001937906, "num_goal": 2.0, "num_goals_std": 1.5811388300841898, "goal_after_found": 351.91666412353516, "reward": 15.143901109695435, "goal_first_found_std": 187.0}}