{"0": {"prob_shortest_per_episode": 0.37499603174603174, "reward": 85.353561210632321, "dist_ratio_per_episode_std": 0.20752468738176477, "goal_after_found_std": 18.425300694671037, "num_ep": 100, "reward_per_dist_std": 0.0014216478523843726, "dist_ratio_per_episode": 1.2939667165644133, "reward_std": 12.404657104796817, "num_goal": 8.5600000000000005, "num_goals_std": 1.2435433245367853, "goal_after_found": 135.48750411987305, "goal_first_found": 128.02000000000001, "prob_shortest_per_episode_std": 0.2643273508302752, "goal_first_found_std": 29.257129045755672, "reward_per_dist": 0.010525419211312014}}