{"0": {"prob_shortest_per_episode": 0.094523809523809496, "reward": 71.402786636352545, "dist_ratio_per_episode_std": 0.07223047633082226, "goal_after_found_std": 6.840188615545423, "num_ep": 100, "reward_per_dist_std": 0.0004086603386489686, "dist_ratio_per_episode": 1.5188878908688628, "reward_std": 3.6881205778847539, "num_goal": 7.1600000000000001, "num_goals_std": 0.36660605559646725, "goal_after_found": 153.46714233398438, "goal_first_found": 166.55000000000001, "prob_shortest_per_episode_std": 0.11042358148031051, "goal_first_found_std": 22.885093401600965, "reward_per_dist": 0.0090012608632340178}}