{"0": {"goal_first_found": 191.53623188405797, "goal_after_found_std": 221.09082181012451, "num_ep": 100, "reward_std": 29.180889897149946, "num_goal": 3.3700000000000001, "num_goals_std": 2.9348083412720491, "goal_after_found": 238.95846004762512, "reward": 32.961718392707411, "goal_first_found_std": 211.2633208018753}}