{"0": {"prob_shortest_per_episode": 0.39549206349206345, "reward": 66.977712135314945, "dist_ratio_per_episode_std": 0.55274638230646167, "goal_after_found_std": 59.939219116134808, "num_ep": 100, "reward_per_dist_std": 0.0021883708361525194, "dist_ratio_per_episode": 1.6286167598097752, "reward_std": 21.47782985684232, "num_goal": 6.7199999999999998, "num_goals_std": 2.1497906874856443, "goal_after_found": 178.46217475891115, "goal_first_found": 184.55000000000001, "prob_shortest_per_episode_std": 0.28351580603220911, "goal_first_found_std": 106.4945421136689, "reward_per_dist": 0.0093759485603708698}}