{"0": {"goal_first_found": 209.84269662921349, "goal_after_found_std": 109.91556003125106, "num_ep": 100, "reward_std": 27.625958966535439, "num_goal": 5.1299999999999999, "num_goals_std": 2.7664236841091423, "goal_after_found": 201.6614177575272, "reward": 51.009811903722586, "goal_first_found_std": 160.40551833347041}}