{"0": {"prob_shortest_per_episode": 0.59627380952380948, "reward": 84.625351104736325, "dist_ratio_per_episode_std": 0.23090522555032872, "goal_after_found_std": 23.829352625784953, "num_ep": 100, "reward_per_dist_std": 0.0015666157835423689, "dist_ratio_per_episode": 1.2679229829202594, "reward_std": 13.651573321075121, "num_goal": 8.4900000000000002, "num_goals_std": 1.3674428690076965, "goal_after_found": 136.46084533691408, "goal_first_found": 123.03, "prob_shortest_per_episode_std": 0.19227351345856813, "goal_first_found_std": 47.549438482488938, "reward_per_dist": 0.010809088867925537}}