{"0": {"prob_shortest_per_episode": 0.3250266955266955, "reward": 63.979918193817142, "dist_ratio_per_episode_std": 0.49367581968932794, "goal_after_found_std": 54.218178101146478, "num_ep": 100, "reward_per_dist_std": 0.0021809976224023754, "dist_ratio_per_episode": 1.7343861847773081, "reward_std": 18.493551481620532, "num_goal": 6.4199999999999999, "num_goals_std": 1.8502972734131129, "goal_after_found": 189.19452430725099, "goal_first_found": 170.53, "prob_shortest_per_episode_std": 0.26881004380291995, "goal_first_found_std": 79.745903343055815, "reward_per_dist": 0.0073613766519792954}}