{"0": {"prob_shortest_per_episode": 0.5981507936507936, "reward": 81.747393646240241, "dist_ratio_per_episode_std": 0.20889977027847575, "goal_after_found_std": 21.479470283042374, "num_ep": 100, "reward_per_dist_std": 0.0014497582354904106, "dist_ratio_per_episode": 1.26287546984715, "reward_std": 12.375866924196169, "num_goal": 8.1999999999999993, "num_goals_std": 1.2409673645990855, "goal_after_found": 137.50105529785156, "goal_first_found": 126.15000000000001, "prob_shortest_per_episode_std": 0.17179309073471916, "goal_first_found_std": 51.448299291618966, "reward_per_dist": 0.01085161013597268}}