{"0": {"goal_first_found": 206.08823529411765, "goal_after_found_std": 206.30411888618011, "num_ep": 100, "reward_std": 26.146778455021938, "num_goal": 3.2999999999999998, "num_goals_std": 2.6248809496813372, "goal_after_found": 242.51608321245979, "reward": 32.735031997431072, "goal_first_found_std": 216.65225153892541}}