{"0": {"prob_shortest_per_episode": 0.28179508482538779, "reward": 78.000042123794557, "dist_ratio_per_episode_std": 1.7952343890645455, "goal_after_found_std": 82.679015212707483, "num_ep": 100, "reward_per_dist_std": 0.0043739264827915847, "dist_ratio_per_episode": 2.4734665620202394, "reward_std": 38.175841517218451, "num_goal": 7.8300000000000001, "num_goals_std": 3.8315923582761253, "goal_after_found": 168.24413461396188, "goal_first_found": 158.18181818181819, "prob_shortest_per_episode_std": 0.21389930006982294, "goal_first_found_std": 118.27039415706685, "reward_per_dist": 0.010698838089954872}}