{"0": {"prob_shortest_per_episode": 0.39673412698412691, "reward": 65.943620567321773, "dist_ratio_per_episode_std": 0.45491468475665398, "goal_after_found_std": 49.137279501412571, "num_ep": 100, "reward_per_dist_std": 0.002120835474825358, "dist_ratio_per_episode": 1.6151100431372938, "reward_std": 17.814982043557812, "num_goal": 6.6200000000000001, "num_goals_std": 1.7820213242270699, "goal_after_found": 176.42094047546388, "goal_first_found": 184.87, "prob_shortest_per_episode_std": 0.295922177768775, "goal_first_found_std": 74.026705316392409, "reward_per_dist": 0.0092616615701155876}}