{"0": {"prob_shortest_per_episode": NaN, "reward": 37.399974041888491, "dist_ratio_per_episode_std": NaN, "goal_after_found_std": 170.78327702963068, "num_ep": 100, "reward_per_dist_std": NaN, "dist_ratio_per_episode": NaN, "reward_std": 29.525975514277047, "num_goal": 3.77, "num_goals_std": 2.9626170862938062, "goal_after_found": 214.18344621400576, "goal_first_found": 238.13513513513513, "prob_shortest_per_episode_std": NaN, "goal_first_found_std": 225.07250029078165, "reward_per_dist": Infinity}}