{"0": {"prob_shortest_per_episode": 0.5067341269841269, "reward": 92.48973197937012, "dist_ratio_per_episode_std": 0.1026842619625548, "goal_after_found_std": 9.9938002849219778, "num_ep": 100, "reward_per_dist_std": 0.00086940554067720739, "dist_ratio_per_episode": 1.1653787054665605, "reward_std": 7.3276165608380719, "num_goal": 9.2799999999999994, "num_goals_std": 0.73593477971896393, "goal_after_found": 125.00655143737794, "goal_first_found": 107.64, "prob_shortest_per_episode_std": 0.15674292196031078, "goal_first_found_std": 20.836755985517517, "reward_per_dist": 0.011362487867688864}}