{"0": {"prob_shortest_per_episode": 0.34557526923466148, "reward": 78.470262746885425, "dist_ratio_per_episode_std": 2.6364479831990892, "goal_after_found_std": 128.69874249224353, "num_ep": 100, "reward_per_dist_std": 0.0056595427763084386, "dist_ratio_per_episode": 2.7521226255926026, "reward_std": 52.622687077655641, "num_goal": 7.8799999999999999, "num_goals_std": 5.2806817741651511, "goal_after_found": 172.79276835400125, "goal_first_found": 172.04347826086956, "prob_shortest_per_episode_std": 0.23218752875714832, "goal_first_found_std": 160.17829149470467, "reward_per_dist": 0.011884981518016089}}