{"0": {"goal_first_found": 248.76136363636363, "goal_after_found_std": 153.11604666818974, "num_ep": 100, "reward_std": 25.061947366105816, "num_goal": 4.4800000000000004, "num_goals_std": 2.5118917174114017, "goal_after_found": 243.75179438157514, "reward": 44.53637074377388, "goal_first_found_std": 197.71679667911269}}