{"0": {"prob_shortest_per_episode": NaN, "reward": 10.674761781319976, "dist_ratio_per_episode_std": NaN, "goal_after_found_std": 161.3820975384063, "num_ep": 100, "reward_per_dist_std": NaN, "dist_ratio_per_episode": NaN, "reward_std": 6.0254735567076763, "num_goal": 1.0900000000000001, "num_goals_std": 0.60158124970780136, "goal_after_found": 458.90476190476193, "goal_first_found": 556.47619047619048, "prob_shortest_per_episode_std": NaN, "goal_first_found_std": 133.61516133234463, "reward_per_dist": -Infinity}}