{"0": {"prob_shortest_per_episode": 0.22926755783898642, "reward": 50.880258468389513, "dist_ratio_per_episode_std": 1.4456810372222637, "goal_after_found_std": 132.56419511473325, "num_ep": 100, "reward_per_dist_std": 0.0087125503920804821, "dist_ratio_per_episode": 2.5906046139784369, "reward_std": 25.793635318492505, "num_goal": 5.1200000000000001, "num_goals_std": 2.5817823300967881, "goal_after_found": 212.85291089068403, "goal_first_found": 228.74725274725276, "prob_shortest_per_episode_std": 0.26335613180286072, "goal_first_found_std": 168.11571063640147, "reward_per_dist": 0.013450607436674545}}