{"0": {"prob_shortest_per_episode": NaN, "reward": 40.104692726135255, "dist_ratio_per_episode_std": NaN, "goal_after_found_std": 125.90096412480464, "num_ep": 100, "reward_per_dist_std": NaN, "dist_ratio_per_episode": NaN, "reward_std": 14.71782139432143, "num_goal": 4.0300000000000002, "num_goals_std": 1.4727864746798838, "goal_after_found": 243.25959906327097, "goal_first_found": 172.89473684210526, "prob_shortest_per_episode_std": NaN, "goal_first_found_std": 97.592544331733023, "reward_per_dist": Infinity}}