{"67": {"goal_first_found": 117.2007992007992, "goal_after_found_std": 17.046583269126661, "num_ep": 1001, "reward_std": 14.561842606700974, "num_goal": 9.8761238761238754, "num_goals_std": 1.4555139435263276, "goal_after_found": 116.13178637311175, "reward": 121.59625770568847, "goal_first_found_std": 48.932690822491153}, "67": {"reward": 120.85048385620117, "goal_after_found_std": 17.053564745959477, "num_ep": 1000, "reward_std": 14.209866482091192, "num_goal": 9.877, "num_goals_std": 1.455977678400325, "goal_after_found": 116.12454315948486, "goal_first_found": 117.248, "goal_first_found_std": 48.93436927150487}}