{"0": {"prob_shortest_per_episode": 0.0, "reward": 4.1764999271556738, "dist_ratio_per_episode_std": 0.24345230368472917, "goal_after_found_std": 155.56469715202095, "num_ep": 100, "reward_per_dist_std": 0.0033080300929454491, "dist_ratio_per_episode": 1.2787561811912782, "reward_std": 6.3168634910736436, "num_goal": 0.42999999999999999, "num_goals_std": 0.63647466563878241, "goal_after_found": 286.5, "goal_first_found": 164.0, "prob_shortest_per_episode_std": 0.0, "goal_first_found_std": 73.935782947095376, "reward_per_dist": 0.016435073104414208}}