{"69": {"goal_first_found": 218.5, "goal_after_found_std": 100.27025979820736, "num_ep": 100, "reward_std": 5.8123049671506148, "num_goal": 0.23000000000000001, "num_goals_std": 0.58060313467979141, "goal_after_found": 136.0, "reward": 2.1789492891682314, "goal_first_found_std": 264.71919084191836}}