{"0": {"goal_first_found": 117.34, "goal_after_found_std": 11.979158666452225, "num_ep": 100, "reward_std": 10.877915499520105, "num_goal": 9.8000000000000007, "num_goals_std": 1.0862780491200217, "goal_after_found": 117.57930603027344, "reward": 97.734076690673831, "goal_first_found_std": 48.885421139640393}}