{"0": {"goal_first_found": 0, "goal_after_found_std": 0, "num_ep": 100, "reward_std": 3.5795539844809534, "num_goal": 0.14999999999999999, "num_goals_std": 0.35707142142714249, "goal_after_found": 0, "reward": 1.3736852273244948, "goal_first_found_std": 0}}