{"0": {"prob_shortest_per_episode": 0.45833333333333331, "reward": 3.8187064477056265, "dist_ratio_per_episode_std": 2.4579922390960913, "goal_after_found_std": 344.88621311963169, "num_ep": 100, "reward_per_dist_std": 0.12610725671827577, "dist_ratio_per_episode": 2.508667924102594, "reward_std": 8.2457378816484006, "num_goal": 0.40000000000000002, "num_goals_std": 0.82462112512353214, "goal_after_found": 292.5, "goal_first_found": 145.66666666666666, "prob_shortest_per_episode_std": 0.43100335136619172, "goal_first_found_std": 142.01193220602588, "reward_per_dist": 0.066066568116055671}}