{"69": {"goal_first_found": 0, "goal_after_found_std": 0, "num_ep": 100, "reward_std": 1.6955360103891506, "num_goal": 0.029999999999999999, "num_goals_std": 0.17058722109231983, "goal_after_found": 0, "reward": 0.089108236804604529, "goal_first_found_std": 0}}