{"0": {"prob_shortest_per_episode": 0.81347835497835508, "reward": 96.64430122375488, "dist_ratio_per_episode_std": 0.05029441045146462, "goal_after_found_std": 14.126384209468064, "num_ep": 100, "reward_per_dist_std": 0.0014308164791889352, "dist_ratio_per_episode": 0.98609379280612541, "reward_std": 11.019946285851312, "num_goal": 9.6899999999999995, "num_goals_std": 1.101771301132862, "goal_after_found": 117.71684646606445, "goal_first_found": 120.45999999999999, "prob_shortest_per_episode_std": 0.12978387465300192, "goal_first_found_std": 41.240130940626273, "reward_per_dist": 0.014785382841830648}}