{"0": {"prob_shortest_per_episode": 0.37894345238095234, "reward": 40.418611059188841, "dist_ratio_per_episode_std": 0.72492930479473716, "goal_after_found_std": 108.44075485504732, "num_ep": 100, "reward_per_dist_std": 0.0043361658435047863, "dist_ratio_per_episode": 1.8428436316365351, "reward_std": 15.173418745504705, "num_goal": 4.0599999999999996, "num_goals_std": 1.5153877391611692, "goal_after_found": 251.2796630859375, "goal_first_found": 196.71875, "prob_shortest_per_episode_std": 0.27263666335202852, "goal_first_found_std": 74.62583097317912, "reward_per_dist": 0.010069730980565456}}