{"0": {"goal_first_found": 278.10000000000002, "goal_after_found_std": 191.06962081921867, "num_ep": 100, "reward_std": 7.2786685087445226, "num_goal": 0.51000000000000001, "num_goals_std": 0.72794230540613591, "goal_after_found": 122.0, "reward": 4.9241205409169195, "goal_first_found_std": 223.74782680508878}}