{"0": {"goal_first_found": 248.66666666666666, "goal_after_found_std": 122.72829843096928, "num_ep": 100, "reward_std": 8.5400260574781033, "num_goal": 0.48999999999999999, "num_goals_std": 0.85434185195388845, "goal_after_found": 121.40740754869249, "reward": 4.7019378860294818, "goal_first_found_std": 299.34224188673704}}