{"0": {"goal_first_found": 221.85714285714286, "goal_after_found_std": 340.56319753755326, "num_ep": 100, "reward_std": 8.6375892511437691, "num_goal": 0.57999999999999996, "num_goals_std": 0.862322445492404, "goal_after_found": 314.45238058907643, "reward": 5.6292707695811988, "goal_first_found_std": 272.29365900566592}}