{"0": {"prob_shortest_per_episode": NaN, "reward": 8.8488788119517263, "dist_ratio_per_episode_std": NaN, "goal_after_found_std": 193.61405388841666, "num_ep": 100, "reward_per_dist_std": NaN, "dist_ratio_per_episode": NaN, "reward_std": 10.945124198220826, "num_goal": 0.91000000000000003, "num_goals_std": 1.0963119993870358, "goal_after_found": 432.29798010623819, "goal_first_found": 268.06060606060606, "prob_shortest_per_episode_std": NaN, "goal_first_found_std": 139.99933752958833, "reward_per_dist": -Infinity}}