{"0": {"prob_shortest_per_episode": 0.77987049062049063, "reward": 97.338679504394534, "dist_ratio_per_episode_std": 0.05880141473638479, "goal_after_found_std": 12.382621640839435, "num_ep": 100, "reward_per_dist_std": 0.001357507105459103, "dist_ratio_per_episode": 0.99713651737662912, "reward_std": 10.697474140289806, "num_goal": 9.7599999999999998, "num_goals_std": 1.0688311372709911, "goal_after_found": 117.4755680847168, "goal_first_found": 123.47, "prob_shortest_per_episode_std": 0.14668791347081231, "goal_first_found_std": 37.520249199598872, "reward_per_dist": 0.012040520292989703}}