{"0": {"prob_shortest_per_episode": NaN, "reward": 5.3636854209809099, "dist_ratio_per_episode_std": NaN, "goal_after_found_std": 234.05861434473968, "num_ep": 100, "reward_per_dist_std": NaN, "dist_ratio_per_episode": NaN, "reward_std": 7.4637976467925116, "num_goal": 0.55000000000000004, "num_goals_std": 0.7533259586659683, "goal_after_found": 310.89285714285717, "goal_first_found": 163.35714285714286, "prob_shortest_per_episode_std": NaN, "goal_first_found_std": 46.348997743605359, "reward_per_dist": NaN}}