{"0": {"prob_shortest_per_episode": 0.0, "reward": 18.431222242116927, "dist_ratio_per_episode_std": 1.266384911586083, "goal_after_found_std": 206.60823523914462, "num_ep": 100, "reward_per_dist_std": 0.0040140145251205267, "dist_ratio_per_episode": 2.7183111978315124, "reward_std": 10.257552204958904, "num_goal": 1.8700000000000001, "num_goals_std": 1.0262066068779716, "goal_after_found": 416.27683633060781, "goal_first_found": 276.47457627118644, "prob_shortest_per_episode_std": 0.0, "goal_first_found_std": 154.20439395927042, "reward_per_dist": 0.0088711697595284713}}