{"0": {"goal_first_found": 291.31999999999999, "goal_after_found_std": 92.40860481960371, "num_ep": 100, "reward_std": 12.142853849481266, "num_goal": 4.0800000000000001, "num_goals_std": 1.2139192724394816, "goal_after_found": 264.10569076538087, "reward": 40.652062644958498, "goal_first_found_std": 163.73929766552681}}