{"0": {"prob_shortest_per_episode": 0.0, "reward": 28.963731026649477, "dist_ratio_per_episode_std": 0.06774160143917847, "goal_after_found_std": 42.243378872013821, "num_ep": 100, "reward_per_dist_std": 0.00074483180604041133, "dist_ratio_per_episode": 2.1871087980142438, "reward_std": 7.5791074473367699, "num_goal": 4.2300000000000004, "num_goals_std": 0.630158710167526, "goal_after_found": 245.49083358764648, "goal_first_found": 289.17000000000002, "prob_shortest_per_episode_std": 0.0, "goal_first_found_std": 88.600006207674724, "reward_per_dist": 0.0036260250742696709}}