{"0": {"prob_shortest_per_episode": 0.0, "reward": 5.7360884717898442, "dist_ratio_per_episode_std": 1.1216241147131822, "goal_after_found_std": 194.54818811800845, "num_ep": 100, "reward_per_dist_std": 0.003163391970977961, "dist_ratio_per_episode": 2.7244229917656155, "reward_std": 9.9946441955487728, "num_goal": 0.59999999999999998, "num_goals_std": 0.99999999999999978, "goal_after_found": 408.55000000000001, "goal_first_found": 330.75, "prob_shortest_per_episode_std": 0.0, "goal_first_found_std": 161.54747754143364, "reward_per_dist": 0.008608849139216123}}