{"0": {"prob_shortest_per_episode": 0.38778258778258778, "reward": 50.454143877029416, "dist_ratio_per_episode_std": 0.69728131848847463, "goal_after_found_std": 76.863817898435116, "num_ep": 100, "reward_per_dist_std": 0.0018968007756665142, "dist_ratio_per_episode": 1.8823146246221631, "reward_std": 16.117355976888888, "num_goal": 5.0599999999999996, "num_goals_std": 1.6113348503647527, "goal_after_found": 220.64956811461786, "goal_first_found": 217.83838383838383, "prob_shortest_per_episode_std": 0.22743541008923784, "goal_first_found_std": 116.38309321059829, "reward_per_dist": 0.0079533751472051321}}