{"0": {"goal_first_found": 117.90000000000001, "goal_after_found_std": 12.603859603557506, "num_ep": 100, "reward_std": 11.409739922253021, "num_goal": 9.7599999999999998, "num_goals_std": 1.1412274094149684, "goal_after_found": 117.60305648803711, "reward": 97.347207870483402, "goal_first_found_std": 51.734224648679138}}