{"0": {"goal_first_found": 36.0, "goal_after_found_std": 0.0, "num_ep": 100, "reward_std": 3.3199531437905003, "num_goal": 0.10000000000000001, "num_goals_std": 0.33166247903553997, "goal_after_found": 25.0, "reward": 0.93824085379281319, "goal_first_found_std": 0.0}}