{"0": {"prob_shortest_per_episode": 0.10000000000000001, "reward": 2.6309174100458042, "dist_ratio_per_episode_std": 0.45240899817818198, "goal_after_found_std": 105.01314203469964, "num_ep": 100, "reward_per_dist_std": 0.006665138011897183, "dist_ratio_per_episode": 1.3194960590134115, "reward_std": 6.1021171349680747, "num_goal": 0.27000000000000002, "num_goals_std": 0.61408468471376154, "goal_after_found": 181.80000000000001, "goal_first_found": 158.80000000000001, "prob_shortest_per_episode_std": 0.20000000000000001, "goal_first_found_std": 29.828845100003456, "reward_per_dist": 0.018089437805629632}}