{"0": {"prob_shortest_per_episode": 0.46666666666666667, "reward": 3.8169677382707596, "dist_ratio_per_episode_std": 2.0450231611865028, "goal_after_found_std": 97.693705017263014, "num_ep": 100, "reward_per_dist_std": 0.020165642861393888, "dist_ratio_per_episode": 2.8814690686833906, "reward_std": 7.4739362599629109, "num_goal": 0.40000000000000002, "num_goals_std": 0.74833147735478833, "goal_after_found": 194.19999999999999, "goal_first_found": 64.200000000000003, "prob_shortest_per_episode_std": 0.32317865716108862, "goal_first_found_std": 31.656910777901246, "reward_per_dist": 0.021093007369270375}}