{"0": {"prob_shortest_per_episode": 0.25934523809523813, "reward": 37.609559545516966, "dist_ratio_per_episode_std": 0.48592414731083872, "goal_after_found_std": 129.91027994865144, "num_ep": 100, "reward_per_dist_std": 0.0017112186490274019, "dist_ratio_per_episode": 1.7180149628667116, "reward_std": 14.884863237048759, "num_goal": 3.7799999999999998, "num_goals_std": 1.4871449156017043, "goal_after_found": 283.93046145095036, "goal_first_found": 129.54639175257731, "prob_shortest_per_episode_std": 0.20652325058665869, "goal_first_found_std": 65.54844287448185, "reward_per_dist": 0.0072618854205085326}}