{"0": {"prob_shortest_per_episode": NaN, "reward": 2.2273709173721725, "dist_ratio_per_episode_std": NaN, "goal_after_found_std": 25.988879833498018, "num_ep": 100, "reward_per_dist_std": NaN, "dist_ratio_per_episode": NaN, "reward_std": 5.4206619215754133, "num_goal": 0.23000000000000001, "num_goals_std": 0.54506880299646576, "goal_after_found": 153.625, "goal_first_found": 125.5, "prob_shortest_per_episode_std": NaN, "goal_first_found_std": 42.86315434029558, "reward_per_dist": NaN}}