{"0": {"prob_shortest_per_episode": NaN, "reward": 2.0429335446585899, "dist_ratio_per_episode_std": NaN, "goal_after_found_std": 1.699673171197595, "num_ep": 100, "reward_per_dist_std": NaN, "dist_ratio_per_episode": NaN, "reward_std": 5.1469208631266987, "num_goal": 0.20999999999999999, "num_goals_std": 0.51565492337414953, "goal_after_found": 97.666666666666671, "goal_first_found": 145.66666666666666, "prob_shortest_per_episode_std": NaN, "goal_first_found_std": 27.438820836342234, "reward_per_dist": NaN}}