{"0": {"prob_shortest_per_episode": NaN, "reward": 8.6632814885303375, "dist_ratio_per_episode_std": NaN, "goal_after_found_std": 234.8643803575159, "num_ep": 100, "reward_per_dist_std": NaN, "dist_ratio_per_episode": NaN, "reward_std": 11.202460146863478, "num_goal": 0.89000000000000001, "num_goals_std": 1.1215614116043757, "goal_after_found": 403.68888956705729, "goal_first_found": 303.53333333333336, "prob_shortest_per_episode_std": NaN, "goal_first_found_std": 171.22942374357149, "reward_per_dist": NaN}}