{"0": {"goal_first_found": 361.95238095238096, "goal_after_found_std": 265.66153913352684, "num_ep": 100, "reward_std": 61.890217343878795, "num_goal": 2.0600000000000001, "num_goals_std": 6.2061582319499387, "goal_after_found": 329.48470215570359, "reward": 18.517356997579338, "goal_first_found_std": 324.82031313891747}}