{"0": {"prob_shortest_per_episode": NaN, "reward": 11.323966213464736, "dist_ratio_per_episode_std": NaN, "goal_after_found_std": 190.6610130971988, "num_ep": 100, "reward_per_dist_std": NaN, "dist_ratio_per_episode": NaN, "reward_std": 9.9471156286408497, "num_goal": 1.29, "num_goals_std": 0.97257390464683957, "goal_after_found": 414.85585558092271, "goal_first_found": 420.45945945945948, "prob_shortest_per_episode_std": NaN, "goal_first_found_std": 175.14003580063684, "reward_per_dist": NaN}}