{"0": {"prob_shortest_per_episode": 0.017333333333333333, "reward": 58.931603622436526, "dist_ratio_per_episode_std": 0.11304264878810215, "goal_after_found_std": 19.247607541866998, "num_ep": 100, "reward_per_dist_std": 0.00049331303135053447, "dist_ratio_per_episode": 1.6334537671522584, "reward_std": 6.5783143327583939, "num_goal": 6.0099999999999998, "num_goals_std": 0.64023433210036462, "goal_after_found": 190.20599975585938, "goal_first_found": 161.90000000000001, "prob_shortest_per_episode_std": 0.057247998509409329, "goal_first_found_std": 47.412340165826024, "reward_per_dist": 0.0085235500212045307}}