{"0": {"prob_shortest_per_episode": 0.16, "reward": 10.524586457461119, "dist_ratio_per_episode_std": 0.2720703432968482, "goal_after_found_std": 231.43965206165365, "num_ep": 100, "reward_per_dist_std": 0.0029073063547789858, "dist_ratio_per_episode": 1.7800759649426339, "reward_std": 14.680132770899929, "num_goal": 1.3799999999999999, "num_goals_std": 1.4337363774418224, "goal_after_found": 365.34666687011719, "goal_first_found": 236.12, "prob_shortest_per_episode_std": 0.34554305086341985, "goal_first_found_std": 143.17383001093461, "reward_per_dist": 0.0094349870439607957}}