{"0": {"prob_shortest_per_episode": 0.33078636216391311, "reward": 64.19179492473603, "dist_ratio_per_episode_std": 0.23311945780326124, "goal_after_found_std": 50.943325299002289, "num_ep": 100, "reward_per_dist_std": 0.001060835080331761, "dist_ratio_per_episode": 1.5542729254883967, "reward_std": 19.373991856666585, "num_goal": 6.5700000000000003, "num_goals_std": 1.8289614539404595, "goal_after_found": 182.48870187876176, "goal_first_found": 113.69387755102041, "prob_shortest_per_episode_std": 0.15672779294917502, "goal_first_found_std": 40.466768468345983, "reward_per_dist": 0.0089405025713642349}}