{"0": {"prob_shortest_per_episode": 0.14614285714285713, "reward": 55.296546325683593, "dist_ratio_per_episode_std": 0.25304533831336362, "goal_after_found_std": 28.527780965109731, "num_ep": 100, "reward_per_dist_std": 0.00098212461510799169, "dist_ratio_per_episode": 1.7810814731160034, "reward_std": 7.9754510813993731, "num_goal": 5.6399999999999997, "num_goals_std": 0.78128099938498441, "goal_after_found": 195.28976203918458, "goal_first_found": 214.33000000000001, "prob_shortest_per_episode_std": 0.19108111679932926, "goal_first_found_std": 42.717690714737849, "reward_per_dist": 0.008039729921729492}}