{"0": {"prob_shortest_per_episode": 0.63631861184836014, "reward": 140.39835742950439, "dist_ratio_per_episode_std": 0.24944961654238154, "goal_after_found_std": 35.183016748378762, "num_ep": 100, "reward_per_dist_std": 0.008663756476798087, "dist_ratio_per_episode": 0.99200103329183431, "reward_std": 71.400589573404659, "num_goal": 14.109999999999999, "num_goals_std": 7.1859515723389054, "goal_after_found": 93.525953922271725, "goal_first_found": 149.06, "prob_shortest_per_episode_std": 0.39186736207856981, "goal_first_found_std": 136.60298825428382, "reward_per_dist": 0.017689790206414743}}