{"0": {"prob_shortest_per_episode": 0.40432646780303028, "reward": 48.114595516622067, "dist_ratio_per_episode_std": 4.1131262730138047, "goal_after_found_std": 306.69624465210023, "num_ep": 100, "reward_per_dist_std": 0.030583382152235553, "dist_ratio_per_episode": 5.1382221284708969, "reward_std": 110.33233835967653, "num_goal": 4.9800000000000004, "num_goals_std": 11.104935839526494, "goal_after_found": 361.14776450395584, "goal_first_found": 204.6875, "prob_shortest_per_episode_std": 0.48885811506973476, "goal_first_found_std": 203.27312868096953, "reward_per_dist": 0.028697267961856381}}