{"0": {"goal_first_found": 219.875, "goal_after_found_std": 130.23522167905313, "num_ep": 100, "reward_std": 78.770777304769581, "num_goal": 8.4600000000000009, "num_goals_std": 7.9176006466605777, "goal_after_found": 198.67118692398071, "reward": 84.045617047548291, "goal_first_found_std": 140.61548115931853}}