{"0": {"prob_shortest_per_episode": 0.091130952380952368, "reward": 53.441837234497072, "dist_ratio_per_episode_std": 0.23669007869901174, "goal_after_found_std": 24.995313587920599, "num_ep": 100, "reward_per_dist_std": 0.00083541235478528015, "dist_ratio_per_episode": 1.7817598655017231, "reward_std": 7.1939623983457279, "num_goal": 5.46, "num_goals_std": 0.71302173879903552, "goal_after_found": 207.56349975585937, "goal_first_found": 193.63999999999999, "prob_shortest_per_episode_std": 0.13294025551457758, "goal_first_found_std": 52.892252740831523, "reward_per_dist": 0.0065688906428547104}}