{"0": {"prob_shortest_per_episode": 0.29484920634920631, "reward": 73.512333354949945, "dist_ratio_per_episode_std": 0.16357485444105518, "goal_after_found_std": 73.332597302375817, "num_ep": 100, "reward_per_dist_std": 0.00090959397699064972, "dist_ratio_per_episode": 1.4469273001992484, "reward_std": 16.503930616173523, "num_goal": 7.4500000000000002, "num_goals_std": 1.5644487847162016, "goal_after_found": 169.34822631835937, "goal_first_found": 101.19, "prob_shortest_per_episode_std": 0.14406706524037358, "goal_first_found_std": 12.491353009181992, "reward_per_dist": 0.0080776163196817994}}