{"0": {"prob_shortest_per_episode": 0.46327576877145843, "reward": 50.791554954051975, "dist_ratio_per_episode_std": 2.984621993327337, "goal_after_found_std": 263.32466072453531, "num_ep": 100, "reward_per_dist_std": 0.028352886493942072, "dist_ratio_per_episode": 3.904851520972719, "reward_std": 107.88894448154541, "num_goal": 5.29, "num_goals_std": 10.836323177166689, "goal_after_found": 259.63637387752533, "goal_first_found": 199.625, "prob_shortest_per_episode_std": 0.49352028386371016, "goal_first_found_std": 233.46771056186765, "reward_per_dist": 0.027295584807011879}}