{"0": {"goal_first_found": 214.36363636363637, "goal_after_found_std": 201.64661097785927, "num_ep": 100, "reward_std": 106.33694095675925, "num_goal": 4.8600000000000003, "num_goals_std": 10.672413035485462, "goal_after_found": 221.02062826445609, "reward": 46.95002269744873, "goal_first_found_std": 210.74482892851771}}