{"0": {"prob_shortest_per_episode": 0.0041666666666666666, "reward": 19.882953820228575, "dist_ratio_per_episode_std": 0.158802898682427, "goal_after_found_std": 67.613033214386832, "num_ep": 100, "reward_per_dist_std": 0.0014527216571084665, "dist_ratio_per_episode": 1.6877022493973968, "reward_std": 15.571618708841678, "num_goal": 2.3700000000000001, "num_goals_std": 1.4328642643321106, "goal_after_found": 221.73395843505858, "goal_first_found": 300.46249999999998, "prob_shortest_per_episode_std": 0.037034143405481619, "goal_first_found_std": 151.94677881992101, "reward_per_dist": 0.010062504906019894}}