{"0": {"prob_shortest_per_episode": 0.4179761904761905, "reward": 70.513606319427495, "dist_ratio_per_episode_std": 0.23046080881583875, "goal_after_found_std": 46.88872221235988, "num_ep": 100, "reward_per_dist_std": 0.0012463447919660649, "dist_ratio_per_episode": 1.4595697441438968, "reward_std": 17.092557533343125, "num_goal": 7.1799999999999997, "num_goals_std": 1.6271447384913242, "goal_after_found": 167.03919052124024, "goal_first_found": 101.73999999999999, "prob_shortest_per_episode_std": 0.18482613482237484, "goal_first_found_std": 14.686469963881724, "reward_per_dist": 0.0094575201034011683}}