{"0": {"prob_shortest_per_episode": 0.019928571428571427, "reward": 59.309048309326172, "dist_ratio_per_episode_std": 0.10547774841273219, "goal_after_found_std": 20.917583839064513, "num_ep": 100, "reward_per_dist_std": 0.00048202144466386954, "dist_ratio_per_episode": 1.6065864565622723, "reward_std": 7.2275907355195477, "num_goal": 6.0499999999999998, "num_goals_std": 0.69821200218844703, "goal_after_found": 191.53376159667968, "goal_first_found": 163.81999999999999, "prob_shortest_per_episode_std": 0.057433442697926905, "goal_first_found_std": 50.131902018574962, "reward_per_dist": 0.0086509530592298982}}