{"0": {"goal_first_found": 224.40816326530611, "goal_after_found_std": 262.30653531050712, "num_ep": 100, "reward_std": 79.152340285058671, "num_goal": 3.7200000000000002, "num_goals_std": 7.9386144886875574, "goal_after_found": 381.51075121821191, "reward": 35.338847479820252, "goal_first_found_std": 174.84055924713491}}