{"0": {"prob_shortest_per_episode": 0.0, "reward": 9.8965163934230809, "dist_ratio_per_episode_std": 0.93698197848623865, "goal_after_found_std": 211.33154624831027, "num_ep": 100, "reward_per_dist_std": 0.0031585453844145185, "dist_ratio_per_episode": 2.0026037864659676, "reward_std": 9.4513720208891048, "num_goal": 1.1499999999999999, "num_goals_std": 0.92059763197609856, "goal_after_found": 441.59895801544189, "goal_first_found": 435.3125, "prob_shortest_per_episode_std": 0.0, "goal_first_found_std": 195.82253405507242, "reward_per_dist": 0.0068879288027017876}}