{"0": {"prob_shortest_per_episode": 0.0, "reward": 58.219965095520017, "dist_ratio_per_episode_std": 0.1511496641817329, "goal_after_found_std": 17.335026631938806, "num_ep": 100, "reward_per_dist_std": 0.00063578828437411982, "dist_ratio_per_episode": 1.6121072468443776, "reward_std": 6.5368633715885469, "num_goal": 6.7199999999999998, "num_goals_std": 0.64930732322991713, "goal_after_found": 166.46183334350587, "goal_first_found": 163.59, "prob_shortest_per_episode_std": 0.0, "goal_first_found_std": 48.785673101844154, "reward_per_dist": 0.0063710342784653864}}