{"0": {"goal_first_found": 135.49484536082474, "goal_after_found_std": 36.234668605655834, "num_ep": 100, "reward_std": 101.18772558291927, "num_goal": 15.01, "num_goals_std": 10.195582376696292, "goal_after_found": 89.773072862133532, "reward": 149.31431579738856, "goal_first_found_std": 112.77658999890097}}