{"0": {"prob_shortest_per_episode": 0.15663647342995168, "reward": 112.63873559951782, "dist_ratio_per_episode_std": 0.96460865688239239, "goal_after_found_std": 142.70244911681209, "num_ep": 100, "reward_per_dist_std": 0.022203780794618769, "dist_ratio_per_episode": 1.8961947698342345, "reward_std": 130.64430758847698, "num_goal": 11.32, "num_goals_std": 13.126218038719301, "goal_after_found": 200.93031936645508, "goal_first_found": 206.05000000000001, "prob_shortest_per_episode_std": 0.35624621035630644, "goal_first_found_std": 137.25453544418852, "reward_per_dist": 0.017924069736397964}}