{"0": {"prob_shortest_per_episode": 0.21826190476190477, "reward": 57.850782356262208, "dist_ratio_per_episode_std": 0.26606650145926564, "goal_after_found_std": 36.341380492559949, "num_ep": 100, "reward_per_dist_std": 0.00096943280961640332, "dist_ratio_per_episode": 1.820905805770858, "reward_std": 9.5987559130626625, "num_goal": 5.8600000000000003, "num_goals_std": 0.93829632845919198, "goal_after_found": 197.3894529724121, "goal_first_found": 185.99000000000001, "prob_shortest_per_episode_std": 0.18694405258843066, "goal_first_found_std": 48.390183921948463, "reward_per_dist": 0.0078724674678190207}}