{"0": {"prob_shortest_per_episode": NaN, "reward": 9.7685187637805946, "dist_ratio_per_episode_std": NaN, "goal_after_found_std": 203.39202304468412, "num_ep": 100, "reward_per_dist_std": NaN, "dist_ratio_per_episode": NaN, "reward_std": 9.1935592385523659, "num_goal": 1.1399999999999999, "num_goals_std": 0.89465076985380165, "goal_after_found": 468.52150504819809, "goal_first_found": 436.29032258064518, "prob_shortest_per_episode_std": NaN, "goal_first_found_std": 181.71054500059174, "reward_per_dist": -Infinity}}