{"0": {"prob_shortest_per_episode": 0.11488095238095239, "reward": 54.50990474700928, "dist_ratio_per_episode_std": 0.26555207415873217, "goal_after_found_std": 28.361186914767885, "num_ep": 100, "reward_per_dist_std": 0.00091707224771938646, "dist_ratio_per_episode": 1.7741490299390663, "reward_std": 7.9026071404237275, "num_goal": 5.5700000000000003, "num_goals_std": 0.77788173908377611, "goal_after_found": 199.90649993896486, "goal_first_found": 211.22999999999999, "prob_shortest_per_episode_std": 0.16752580435478157, "goal_first_found_std": 48.241445873854154, "reward_per_dist": 0.0080810682330993058}}