{"0": {"prob_shortest_per_episode": 0.39885057471264368, "reward": 11.046123149245977, "dist_ratio_per_episode_std": 1.9971001996532738, "goal_after_found_std": 276.64975444868531, "num_ep": 100, "reward_per_dist_std": 0.0075841830511170156, "dist_ratio_per_episode": 2.8133760910556007, "reward_std": 12.547811144762331, "num_goal": 1.1599999999999999, "num_goals_std": 1.246755790040696, "goal_after_found": 359.03563164020409, "goal_first_found": 380.75862068965517, "prob_shortest_per_episode_std": 0.40904362418248741, "goal_first_found_std": 318.05580243121881, "reward_per_dist": 0.011266736293076491}}