{"0": {"goal_first_found": 188.84, "goal_after_found_std": 39.417739120426994, "num_ep": 100, "reward_std": 113.0862733020312, "num_goal": 15.41, "num_goals_std": 11.386039697805378, "goal_after_found": 91.647888202667232, "reward": 153.17411655426025, "goal_first_found_std": 158.97620702482493}}