{"0": {"prob_shortest_per_episode": NaN, "reward": 9.3306598329544066, "dist_ratio_per_episode_std": NaN, "goal_after_found_std": 252.98959788991834, "num_ep": 100, "reward_per_dist_std": NaN, "dist_ratio_per_episode": NaN, "reward_std": 13.542101783595806, "num_goal": 1.4099999999999999, "num_goals_std": 1.2336531116971254, "goal_after_found": 466.27243687556341, "goal_first_found": 253.30769230769232, "prob_shortest_per_episode_std": NaN, "goal_first_found_std": 108.19916437569022, "reward_per_dist": NaN}}