{"0": {"prob_shortest_per_episode": 0.74279443204714124, "reward": 137.8766177558899, "dist_ratio_per_episode_std": 0.53262503935708816, "goal_after_found_std": 46.638039490178627, "num_ep": 100, "reward_per_dist_std": 0.015285931811249412, "dist_ratio_per_episode": 1.0539986819618732, "reward_std": 102.17695010278173, "num_goal": 13.880000000000001, "num_goals_std": 10.290072886039244, "goal_after_found": 96.087746734619145, "goal_first_found": 173.47, "prob_shortest_per_episode_std": 0.33402580938409959, "goal_first_found_std": 160.66800895013293, "reward_per_dist": 0.023217098843354097}}