{"0": {"goal_first_found": 274.26923076923077, "goal_after_found_std": 277.61888633531817, "num_ep": 100, "reward_std": 75.668411276571007, "num_goal": 3.46, "num_goals_std": 7.6163245729157305, "goal_after_found": 270.79535829103912, "reward": 32.901200212240219, "goal_first_found_std": 287.5453887505692}}