{"0": {"prob_shortest_per_episode": NaN, "reward": 20.295912685468792, "dist_ratio_per_episode_std": NaN, "goal_after_found_std": 81.183305477731651, "num_ep": 100, "reward_per_dist_std": NaN, "dist_ratio_per_episode": NaN, "reward_std": 13.636604640720313, "num_goal": 2.25, "num_goals_std": 1.4168627315304754, "goal_after_found": 203.52014934482858, "goal_first_found": 239.17910447761193, "prob_shortest_per_episode_std": NaN, "goal_first_found_std": 164.00863877621779, "reward_per_dist": NaN}}