{"0": {"prob_shortest_per_episode": NaN, "reward": 11.675629033148288, "dist_ratio_per_episode_std": NaN, "goal_after_found_std": 141.32011209759452, "num_ep": 100, "reward_per_dist_std": NaN, "dist_ratio_per_episode": NaN, "reward_std": 11.774017820721035, "num_goal": 1.48, "num_goals_std": 1.153082824431966, "goal_after_found": 239.73765422679759, "goal_first_found": 370.59259259259261, "prob_shortest_per_episode_std": NaN, "goal_first_found_std": 235.36414013959057, "reward_per_dist": -Infinity}}