{"0": {"prob_shortest_per_episode": NaN, "reward": 16.587180887013673, "dist_ratio_per_episode_std": NaN, "goal_after_found_std": 130.39314726548375, "num_ep": 100, "reward_per_dist_std": NaN, "dist_ratio_per_episode": NaN, "reward_std": 7.6128047319039975, "num_goal": 1.72, "num_goals_std": 0.7626270385975048, "goal_after_found": 429.18548387096774, "goal_first_found": 459.77419354838707, "prob_shortest_per_episode_std": NaN, "goal_first_found_std": 123.77821207967077, "reward_per_dist": -Infinity}}