{"0": {"goal_first_found": 78.890000000000001, "goal_after_found_std": 8.0975568871107662, "num_ep": 100, "reward_std": 14.791006965315622, "num_goal": 15.220000000000001, "num_goals_std": 1.4804053498957643, "goal_after_found": 76.557754440307619, "reward": 151.97477195739745, "goal_first_found_std": 24.247843203056224}}