{"0": {"goal_first_found": 84.099999999999994, "goal_after_found_std": 8.71548035664682, "num_ep": 100, "reward_std": 16.990133749123231, "num_goal": 15.220000000000001, "num_goals_std": 1.7004705231199984, "goal_after_found": 76.206025962829585, "reward": 152.00657859802246, "goal_first_found_std": 35.45828535053549}}