{"0": {"prob_shortest_per_episode": 0.68190976099064315, "reward": 148.48039344787597, "dist_ratio_per_episode_std": 0.067812391720615595, "goal_after_found_std": 8.4576831072929242, "num_ep": 100, "reward_per_dist_std": 0.0020425401457114262, "dist_ratio_per_episode": 1.0917190199800695, "reward_std": 16.680118610270949, "num_goal": 14.869999999999999, "num_goals_std": 1.6712570119523806, "goal_after_found": 78.726758613586426, "goal_first_found": 74.959999999999994, "prob_shortest_per_episode_std": 0.1294866730962182, "goal_first_found_std": 26.363201626509628, "reward_per_dist": 0.019929747991836836}}