{"0": {"prob_shortest_per_episode": NaN, "reward": 17.905034087300301, "dist_ratio_per_episode_std": NaN, "goal_after_found_std": 132.50478642294672, "num_ep": 100, "reward_per_dist_std": NaN, "dist_ratio_per_episode": NaN, "reward_std": 9.7598583179570646, "num_goal": 1.8600000000000001, "num_goals_std": 0.96974223379205249, "goal_after_found": 342.35294095207661, "goal_first_found": 462.75, "prob_shortest_per_episode_std": NaN, "goal_first_found_std": 169.44297800179754, "reward_per_dist": NaN}}