{"0": {"prob_shortest_per_episode": 0.15833333333333333, "reward": 10.714582068566234, "dist_ratio_per_episode_std": 14.755964641114867, "goal_after_found_std": 141.2421163207276, "num_ep": 100, "reward_per_dist_std": 0.0062576742572151428, "dist_ratio_per_episode": 7.3931253924899245, "reward_std": 14.230434176687108, "num_goal": 1.1100000000000001, "num_goals_std": 1.4275503493747603, "goal_after_found": 258.88611094156903, "goal_first_found": 341.06666666666666, "prob_shortest_per_episode_std": 0.29214246904930175, "goal_first_found_std": 269.58831989205726, "reward_per_dist": 0.010925195234146987}}