{"0": {"goal_first_found": 350.03225806451616, "goal_after_found_std": 213.46468391712583, "num_ep": 100, "reward_std": 12.559431021479961, "num_goal": 1.1399999999999999, "num_goals_std": 1.2650691680694774, "goal_after_found": 327.09139817760837, "reward": 11.086018302951416, "goal_first_found_std": 223.38748107571462}}