{"0": {"prob_shortest_per_episode": NaN, "reward": 20.720769743323327, "dist_ratio_per_episode_std": NaN, "goal_after_found_std": 170.80374517302042, "num_ep": 100, "reward_per_dist_std": NaN, "dist_ratio_per_episode": NaN, "reward_std": 10.285971553633912, "num_goal": 2.1099999999999999, "num_goals_std": 1.0285426583277917, "goal_after_found": 416.69409314891959, "goal_first_found": 406.73417721518985, "prob_shortest_per_episode_std": NaN, "goal_first_found_std": 173.07989732269436, "reward_per_dist": -Infinity}}