{"97": {"goal_first_found": 338.5, "goal_after_found_std": 235.37764893896249, "num_ep": 100, "reward_std": 12.574277362274863, "num_goal": 1.21, "num_goals_std": 1.2672410978184063, "goal_after_found": 308.24509923598345, "reward": 11.762858569184319, "goal_first_found_std": 274.67223783137257}}