{"0": {"prob_shortest_per_episode": 0.26970618034447819, "reward": 28.028548491001128, "dist_ratio_per_episode_std": 0.12996707889438491, "goal_after_found_std": 27.441804675647759, "num_ep": 100, "reward_per_dist_std": 0.0010503915100366964, "dist_ratio_per_episode": 1.213540930558703, "reward_std": 31.516547294503617, "num_goal": 2.8900000000000001, "num_goals_std": 3.1269633832202128, "goal_after_found": 184.01671843833111, "goal_first_found": 136.36170212765958, "prob_shortest_per_episode_std": 0.17044685560357187, "goal_first_found_std": 66.506254875224286, "reward_per_dist": 0.011623568034756386}}