{"0": {"goal_first_found": 174.53999999999999, "goal_after_found_std": 41.118203029166281, "num_ep": 100, "reward_std": 12.712617926081816, "num_goal": 5.8899999999999997, "num_goals_std": 1.2719669807035088, "goal_after_found": 188.43685653686524, "reward": 58.736856403350828, "goal_first_found_std": 86.480913501188226}}