{"97": {"goal_first_found": 0, "goal_after_found_std": 0, "num_ep": 100, "reward_std": 7.1533816549708051, "num_goal": 0.02, "num_goals_std": 0.13999999999999996, "goal_after_found": 0, "reward": -5.1468973652791465, "goal_first_found_std": 0}}