{"0": {"prob_shortest_per_episode": 0.0, "reward": 19.040366799831389, "dist_ratio_per_episode_std": 1.2127751603258665, "goal_after_found_std": 147.19389813121208, "num_ep": 100, "reward_per_dist_std": 0.0022546133019389204, "dist_ratio_per_episode": 3.5763498840333838, "reward_std": 7.5583339187464365, "num_goal": 1.97, "num_goals_std": 0.75438716850169185, "goal_after_found": 419.17735055776745, "goal_first_found": 406.69230769230768, "prob_shortest_per_episode_std": 0.0, "goal_first_found_std": 183.87762846121521, "reward_per_dist": 0.0065743930593761954}}