{"0": {"prob_shortest_per_episode": NaN, "reward": 27.472739572525025, "dist_ratio_per_episode_std": NaN, "goal_after_found_std": 144.37126486021168, "num_ep": 100, "reward_per_dist_std": NaN, "dist_ratio_per_episode": NaN, "reward_std": 9.2282500474635363, "num_goal": 2.79, "num_goals_std": 0.93053747909474349, "goal_after_found": 352.83067386708359, "goal_first_found": 401.09574468085106, "prob_shortest_per_episode_std": NaN, "goal_first_found_std": 175.42811276374636, "reward_per_dist": Infinity}}