{"0": {"prob_shortest_per_episode": NaN, "reward": 32.101822279393673, "dist_ratio_per_episode_std": NaN, "goal_after_found_std": 58.028296360432982, "num_ep": 100, "reward_per_dist_std": NaN, "dist_ratio_per_episode": NaN, "reward_std": 33.535496945705638, "num_goal": 3.29, "num_goals_std": 3.3265447539451505, "goal_after_found": 181.62339782714844, "goal_first_found": 193.65384615384616, "prob_shortest_per_episode_std": NaN, "goal_first_found_std": 73.41030230973783, "reward_per_dist": -Infinity}}