{"0": {"prob_shortest_per_episode": 0.29961507936507936, "reward": 70.08349842071533, "dist_ratio_per_episode_std": 0.18105836716753423, "goal_after_found_std": 35.520185379086307, "num_ep": 100, "reward_per_dist_std": 0.0011982145039106352, "dist_ratio_per_episode": 1.1899415729377929, "reward_std": 13.369530488758532, "num_goal": 7.0599999999999996, "num_goals_std": 1.3252924205623453, "goal_after_found": 162.26708366394044, "goal_first_found": 149.0, "prob_shortest_per_episode_std": 0.16723233046455974, "goal_first_found_std": 73.050530456664035, "reward_per_dist": 0.011700473424929293}}