{"0": {"goal_first_found": 137.58000000000001, "goal_after_found_std": 43.749956002516669, "num_ep": 100, "reward_std": 14.474115457976286, "num_goal": 6.3899999999999997, "num_goals_std": 1.4484129245487971, "goal_after_found": 184.20292922973633, "reward": 63.728526077270509, "goal_first_found_std": 111.32988637378554}}