{"0": {"goal_first_found": 331.80000000000001, "goal_after_found_std": 169.80746626338782, "num_ep": 100, "reward_std": 18.830542753807027, "num_goal": 2.0499999999999998, "num_goals_std": 1.8940696924875813, "goal_after_found": 242.57942886352538, "reward": 20.065817347597331, "goal_first_found_std": 308.05837109223313}}