{"0": {"prob_shortest_per_episode": NaN, "reward": 18.537693948671222, "dist_ratio_per_episode_std": NaN, "goal_after_found_std": 173.65022246975312, "num_ep": 100, "reward_per_dist_std": NaN, "dist_ratio_per_episode": NaN, "reward_std": 10.837041940354814, "num_goal": 1.8899999999999999, "num_goals_std": 1.0853110153315502, "goal_after_found": 418.40256465031553, "goal_first_found": 409.07692307692309, "prob_shortest_per_episode_std": NaN, "goal_first_found_std": 177.07132919053208, "reward_per_dist": NaN}}