{"0": {"prob_shortest_per_episode": NaN, "reward": 28.460121967196464, "dist_ratio_per_episode_std": NaN, "goal_after_found_std": 57.8093569582866, "num_ep": 100, "reward_per_dist_std": NaN, "dist_ratio_per_episode": NaN, "reward_std": 31.907269233179257, "num_goal": 2.9300000000000002, "num_goals_std": 3.1694005742411293, "goal_after_found": 186.1084820429484, "goal_first_found": 210.9375, "prob_shortest_per_episode_std": NaN, "goal_first_found_std": 89.41299454637452, "reward_per_dist": -Infinity}}