{"97": {"goal_first_found": 0, "goal_after_found_std": 0, "num_ep": 100, "reward_std": 7.3539326528575151, "num_goal": 0.12, "num_goals_std": 0.32496153618543844, "goal_after_found": 0, "reward": -8.9177478981018066, "goal_first_found_std": 0}}