{"0": {"goal_first_found": 309.61111111111109, "goal_after_found_std": 167.13204347766293, "num_ep": 100, "reward_std": 16.042333736299682, "num_goal": 1.3500000000000001, "num_goals_std": 1.6209565077447328, "goal_after_found": 288.16064792209204, "reward": 13.111589843810943, "goal_first_found_std": 197.79946042193816}}