{"0": {"prob_shortest_per_episode": 0.15212121212121213, "reward": 17.186567693855615, "dist_ratio_per_episode_std": 7.0473831001795899, "goal_after_found_std": 212.73878684350254, "num_ep": 100, "reward_per_dist_std": 0.026060129870453679, "dist_ratio_per_episode": 4.8169645139234945, "reward_std": 14.298962585090898, "num_goal": 1.76, "num_goals_std": 1.4361058456812992, "goal_after_found": 275.5154547951438, "goal_first_found": 329.60000000000002, "prob_shortest_per_episode_std": 0.30864733471522743, "goal_first_found_std": 226.93584195458496, "reward_per_dist": 0.021534197149735663}}