{"0": {"goal_first_found": 0, "goal_after_found_std": 0, "num_ep": 100, "reward_std": 1.0776087127791423, "num_goal": 0.01, "num_goals_std": 0.099498743710661988, "goal_after_found": 0, "reward": -0.31192535731941462, "goal_first_found_std": 0}}