{"0": {"goal_first_found": 439.0, "goal_after_found_std": 0.0, "num_ep": 100, "reward_std": 2.4707016611185555, "num_goal": 0.040000000000000001, "num_goals_std": 0.24166091947189139, "goal_after_found": 231.0, "reward": 0.049514785169158131, "goal_first_found_std": 0.0}}