{"0": {"goal_first_found": 0, "goal_after_found_std": 0, "num_ep": 100, "reward_std": 3.4428260118219089, "num_goal": 0.14000000000000001, "num_goals_std": 0.34698703145794946, "goal_after_found": 0, "reward": 0.90295334372669456, "goal_first_found_std": 0}}