{"97": {"goal_first_found": 74.0, "goal_after_found_std": 0.0, "num_ep": 100, "reward_std": 3.2363644349076948, "num_goal": 0.089999999999999997, "num_goals_std": 0.31921779399024741, "goal_after_found": 41.0, "reward": 0.21047977691516281, "goal_first_found_std": 0.0}}