{"0": {"prob_shortest_per_episode": 0.0, "reward": 20.251930599212645, "dist_ratio_per_episode_std": 0.94773846223333447, "goal_after_found_std": 146.68990596850361, "num_ep": 100, "reward_per_dist_std": 0.0030252314671776422, "dist_ratio_per_episode": 2.6501053800597769, "reward_std": 10.570187990083365, "num_goal": 2.0600000000000001, "num_goals_std": 1.0565983153497831, "goal_after_found": 363.08088235294116, "goal_first_found": 418.79411764705884, "prob_shortest_per_episode_std": 0.0, "goal_first_found_std": 159.36948918486556, "reward_per_dist": 0.0083410603892373585}}