{"0": {"prob_shortest_per_episode": 0.71747726456549987, "reward": 155.27406127929689, "dist_ratio_per_episode_std": 0.056025021259270072, "goal_after_found_std": 8.0691055522764277, "num_ep": 100, "reward_per_dist_std": 0.0020037901143216265, "dist_ratio_per_episode": 1.0605571756376897, "reward_std": 16.437065082981711, "num_goal": 15.550000000000001, "num_goals_std": 1.6454482671904334, "goal_after_found": 75.235196533203123, "goal_first_found": 71.629999999999995, "prob_shortest_per_episode_std": 0.11566423956243023, "goal_first_found_std": 26.650574102634266, "reward_per_dist": 0.017940397083152124}}