{"0": {"prob_shortest_per_episode": 0.0, "reward": 29.494364986419679, "dist_ratio_per_episode_std": 0.97734095482289696, "goal_after_found_std": 133.3611083506066, "num_ep": 100, "reward_per_dist_std": 0.0023234240259674566, "dist_ratio_per_episode": 2.631761155126187, "reward_std": 8.8737912196195055, "num_goal": 2.9900000000000002, "num_goals_std": 0.88876318555619749, "goal_after_found": 345.51909748713177, "goal_first_found": 350.88541666666669, "prob_shortest_per_episode_std": 0.0, "goal_first_found_std": 132.78168719365277, "reward_per_dist": 0.0075174566953113775}}