{"0": {"prob_shortest_per_episode": 0.0046296296296296294, "reward": 19.848619438409806, "dist_ratio_per_episode_std": 1.2269820719531246, "goal_after_found_std": 152.14400908761931, "num_ep": 100, "reward_per_dist_std": 0.0045898958998168427, "dist_ratio_per_episode": 3.1795654129409971, "reward_std": 9.2159178395783758, "num_goal": 2.02, "num_goals_std": 0.91629689511642454, "goal_after_found": 410.68287022908527, "goal_first_found": 410.34722222222223, "prob_shortest_per_episode_std": 0.039009952653594249, "goal_first_found_std": 179.35820457352796, "reward_per_dist": 0.0077360482650422457}}