{"0": {"prob_shortest_per_episode": NaN, "reward": -6.6547036752849813, "dist_ratio_per_episode_std": NaN, "goal_after_found_std": 102.39859430541041, "num_ep": 100, "reward_per_dist_std": NaN, "dist_ratio_per_episode": NaN, "reward_std": 18.968474191484759, "num_goal": 1.1200000000000001, "num_goals_std": 1.2828094168659661, "goal_after_found": 361.52702785182646, "goal_first_found": 404.13513513513516, "prob_shortest_per_episode_std": NaN, "goal_first_found_std": 182.37060013211916, "reward_per_dist": -Infinity}}