{"0": {"prob_shortest_per_episode": 0.26928968253968255, "reward": 68.933696346282957, "dist_ratio_per_episode_std": 1.3295818648060078, "goal_after_found_std": 41.448396784962242, "num_ep": 100, "reward_per_dist_std": 0.0017905561029101212, "dist_ratio_per_episode": 2.5208640391698798, "reward_std": 14.830823591172839, "num_goal": 6.9100000000000001, "num_goals_std": 1.4838800490605701, "goal_after_found": 168.25906776428224, "goal_first_found": 113.76000000000001, "prob_shortest_per_episode_std": 0.17928454519282674, "goal_first_found_std": 99.241938715444292, "reward_per_dist": 0.0089392978666465971}}