{"0": {"prob_shortest_per_episode": 0.22738095238095235, "reward": 33.135277561768888, "dist_ratio_per_episode_std": 2.633731397429246, "goal_after_found_std": 173.99434411057427, "num_ep": 100, "reward_per_dist_std": 0.036193562163141436, "dist_ratio_per_episode": 3.4529091920129704, "reward_std": 22.127452801669058, "num_goal": 3.3799999999999999, "num_goals_std": 2.208076085645601, "goal_after_found": 247.67512502168356, "goal_first_found": 242.76315789473685, "prob_shortest_per_episode_std": 0.25580545995984511, "goal_first_found_std": 194.44765690086939, "reward_per_dist": 0.018889658194025979}}