{"0": {"prob_shortest_per_episode": 0.64593650793650792, "reward": 82.065205039978025, "dist_ratio_per_episode_std": 0.26072250262085794, "goal_after_found_std": 27.303699868362898, "num_ep": 100, "reward_per_dist_std": 0.0017861892089480187, "dist_ratio_per_episode": 1.34586824780234, "reward_std": 15.513444417283166, "num_goal": 8.2400000000000002, "num_goals_std": 1.5499677415998052, "goal_after_found": 145.51374603271483, "goal_first_found": 109.83, "prob_shortest_per_episode_std": 0.15317816140286908, "goal_first_found_std": 48.46505029400052, "reward_per_dist": 0.010302333048802259}}