{"0": {"prob_shortest_per_episode": 0.37557936507936501, "reward": 66.347416610717772, "dist_ratio_per_episode_std": 0.56965708001410842, "goal_after_found_std": 59.311300297611766, "num_ep": 100, "reward_per_dist_std": 0.0025436854738947329, "dist_ratio_per_episode": 1.7399198860181213, "reward_std": 25.282516837283307, "num_goal": 6.6799999999999997, "num_goals_std": 2.5134836382996415, "goal_after_found": 185.87050750732422, "goal_first_found": 170.19, "prob_shortest_per_episode_std": 0.33774171760836885, "goal_first_found_std": 73.095238559019705, "reward_per_dist": 0.008942028414675696}}