{"0": {"goal_first_found": 305.87096774193549, "goal_after_found_std": 105.15812128251304, "num_ep": 38, "reward_std": 28.86308680257606, "num_goal": 3.9210526315789473, "num_goals_std": 2.8226674482740095, "goal_after_found": 185.98658518637382, "reward": 37.597989392515863, "goal_first_found_std": 253.30827093656046}}