{"0": {"goal_first_found": 196.36842105263159, "goal_after_found_std": 137.51307284814561, "num_ep": 100, "reward_std": 34.394927778738413, "num_goal": 4.3799999999999999, "num_goals_std": 3.4431961895889702, "goal_after_found": 201.72215015009829, "reward": 43.29351713657379, "goal_first_found_std": 189.44912121486834}}