{"0": {"prob_shortest_per_episode": 0.18610693400167078, "reward": 46.583236539661883, "dist_ratio_per_episode_std": 2.0871733836012147, "goal_after_found_std": 166.19952933931367, "num_ep": 100, "reward_per_dist_std": 0.0074639554678262747, "dist_ratio_per_episode": 3.5299804088870221, "reward_std": 24.154314188836608, "num_goal": 4.71, "num_goals_std": 2.4178296052451671, "goal_after_found": 234.56168758994656, "goal_first_found": 227.1157894736842, "prob_shortest_per_episode_std": 0.23297843888814129, "goal_first_found_std": 199.88833004338855, "reward_per_dist": 0.010138237136950234}}