{"0": {"prob_shortest_per_episode": 0.40578174603174605, "reward": 75.876377220153813, "dist_ratio_per_episode_std": 0.21037693229752796, "goal_after_found_std": 21.581354937024418, "num_ep": 100, "reward_per_dist_std": 0.0012932140672428183, "dist_ratio_per_episode": 1.3656731069514336, "reward_std": 10.118682425669258, "num_goal": 7.6200000000000001, "num_goals_std": 1.0077698149875296, "goal_after_found": 147.86402778625489, "goal_first_found": 152.55000000000001, "prob_shortest_per_episode_std": 0.20118040467418222, "goal_first_found_std": 35.233045568045917, "reward_per_dist": 0.010099492127655083}}