{"0": {"prob_shortest_per_episode": 0.40177380952380959, "reward": 77.42838138580322, "dist_ratio_per_episode_std": 0.18029611769298265, "goal_after_found_std": 17.883781134724082, "num_ep": 100, "reward_per_dist_std": 0.0011609998807691976, "dist_ratio_per_episode": 1.3692012247276966, "reward_std": 9.3701109663167301, "num_goal": 7.7699999999999996, "num_goals_std": 0.93653617121817567, "goal_after_found": 146.60948822021484, "goal_first_found": 137.25, "prob_shortest_per_episode_std": 0.18005924684048838, "goal_first_found_std": 37.284413633581529, "reward_per_dist": 0.010001771194363423}}