{"0": {"goal_first_found": 253.39705882352942, "goal_after_found_std": 156.84801600840893, "num_ep": 100, "reward_std": 25.406557266754657, "num_goal": 3.2799999999999998, "num_goals_std": 2.5419677417308035, "goal_after_found": 239.02324889687929, "reward": 32.161423185393211, "goal_first_found_std": 230.42327673639596}}