{"0": {"prob_shortest_per_episode": 0.046333333333333331, "reward": 42.857062416076658, "dist_ratio_per_episode_std": 0.17401904328857767, "goal_after_found_std": 19.525619349408959, "num_ep": 100, "reward_per_dist_std": 0.00047872951113767603, "dist_ratio_per_episode": 2.2583205619339664, "reward_std": 5.3901633452557025, "num_goal": 4.3499999999999996, "num_goals_std": 0.53619026473818043, "goal_after_found": 245.66366561889649, "goal_first_found": 225.22, "prob_shortest_per_episode_std": 0.10447168675451415, "goal_first_found_std": 44.999684443338047, "reward_per_dist": 0.0067328945181559545}}