{"0": {"goal_first_found": 203.96052631578948, "goal_after_found_std": 191.68454954154404, "num_ep": 100, "reward_std": 32.042940097605218, "num_goal": 4.1799999999999997, "num_goals_std": 3.2074288768420103, "goal_after_found": 249.49757214596397, "reward": 41.372276768870648, "goal_first_found_std": 155.03763896054349}}