{"0": {"prob_shortest_per_episode": NaN, "reward": 36.143979788161815, "dist_ratio_per_episode_std": NaN, "goal_after_found_std": 184.33817989964888, "num_ep": 100, "reward_per_dist_std": NaN, "dist_ratio_per_episode": NaN, "reward_std": 23.26723648909454, "num_goal": 3.6699999999999999, "num_goals_std": 2.3326165565733259, "goal_after_found": 253.16284044777476, "goal_first_found": 234.3170731707317, "prob_shortest_per_episode_std": NaN, "goal_first_found_std": 204.20475604508744, "reward_per_dist": -Infinity}}