{"0": {"prob_shortest_per_episode": 0.67425396825396822, "reward": 86.630440788269041, "dist_ratio_per_episode_std": 0.23459582126356318, "goal_after_found_std": 24.610886613037145, "num_ep": 100, "reward_per_dist_std": 0.0016764597765483655, "dist_ratio_per_episode": 1.1942573516578383, "reward_std": 13.083333449547078, "num_goal": 8.6999999999999993, "num_goals_std": 1.3076696830622021, "goal_after_found": 132.65871444702148, "goal_first_found": 104.56, "prob_shortest_per_episode_std": 0.18635083961318819, "goal_first_found_std": 31.051995104984801, "reward_per_dist": 0.011440007730029327}}