{"0": {"prob_shortest_per_episode": NaN, "reward": 16.866705156341194, "dist_ratio_per_episode_std": NaN, "goal_after_found_std": 152.21742621477759, "num_ep": 100, "reward_per_dist_std": NaN, "dist_ratio_per_episode": NaN, "reward_std": 11.633538959060344, "num_goal": 1.72, "num_goals_std": 1.1668761716651856, "goal_after_found": 362.24012332492407, "goal_first_found": 382.14814814814815, "prob_shortest_per_episode_std": NaN, "goal_first_found_std": 159.66590204031797, "reward_per_dist": NaN}}