{"0": {"prob_shortest_per_episode": 0.20595725499571652, "reward": 38.910583801344039, "dist_ratio_per_episode_std": 3.1569520021535311, "goal_after_found_std": 143.40443458439529, "num_ep": 100, "reward_per_dist_std": 0.048476201927958366, "dist_ratio_per_episode": 3.3263598055718844, "reward_std": 31.565579471449752, "num_goal": 3.9399999999999999, "num_goals_std": 3.1490315971739631, "goal_after_found": 229.26917912409857, "goal_first_found": 248.05128205128204, "prob_shortest_per_episode_std": 0.27375877950970262, "goal_first_found_std": 186.72672322145809, "reward_per_dist": 0.021054387764413984}}