{"0": {"prob_shortest_per_episode": NaN, "reward": 44.158467057198287, "dist_ratio_per_episode_std": NaN, "goal_after_found_std": 153.46628219463233, "num_ep": 100, "reward_per_dist_std": NaN, "dist_ratio_per_episode": NaN, "reward_std": 28.500685741145606, "num_goal": 4.46, "num_goals_std": 2.8475252413279852, "goal_after_found": 225.00966313373613, "goal_first_found": 225.53012048192772, "prob_shortest_per_episode_std": NaN, "goal_first_found_std": 185.54811913474984, "reward_per_dist": Infinity}}