{"0": {"prob_shortest_per_episode": 0.38152777777777769, "reward": 74.783445777893064, "dist_ratio_per_episode_std": 0.16487851289106586, "goal_after_found_std": 18.107821978268642, "num_ep": 100, "reward_per_dist_std": 0.0010848410202429269, "dist_ratio_per_episode": 1.3761137128591354, "reward_std": 8.5738587680498792, "num_goal": 7.5099999999999998, "num_goals_std": 0.85434185195388845, "goal_after_found": 150.76507881164551, "goal_first_found": 155.19, "prob_shortest_per_episode_std": 0.19816875778037435, "goal_first_found_std": 34.227969557074225, "reward_per_dist": 0.0086407212141828421}}