{"0": {"prob_shortest_per_episode": 0.52179761904761912, "reward": 77.74037132263183, "dist_ratio_per_episode_std": 0.19080127743419123, "goal_after_found_std": 20.735858552036426, "num_ep": 100, "reward_per_dist_std": 0.0012897110342837699, "dist_ratio_per_episode": 1.3089374356801713, "reward_std": 8.6075637409145145, "num_goal": 7.7999999999999998, "num_goals_std": 0.86023252670426265, "goal_after_found": 146.19674629211426, "goal_first_found": 145.72999999999999, "prob_shortest_per_episode_std": 0.20024734527924015, "goal_first_found_std": 37.599961436150437, "reward_per_dist": 0.010481590203236444}}