{"0": {"prob_shortest_per_episode": 0.29744319079613196, "reward": 93.954233169555664, "dist_ratio_per_episode_std": 0.78011724546061323, "goal_after_found_std": 49.509058704677763, "num_ep": 100, "reward_per_dist_std": 0.0026938678530473927, "dist_ratio_per_episode": 1.9212337921937135, "reward_std": 28.819740309604576, "num_goal": 9.4299999999999997, "num_goals_std": 2.8853249383734925, "goal_after_found": 127.60861618041992, "goal_first_found": 150.38999999999999, "prob_shortest_per_episode_std": 0.19388606386691581, "goal_first_found_std": 125.70615696933864, "reward_per_dist": 0.015141587322945273}}