{"0": {"prob_shortest_per_episode": 0.33888492063492065, "reward": 77.636806373596187, "dist_ratio_per_episode_std": 0.17817607331753579, "goal_after_found_std": 18.796533808588499, "num_ep": 100, "reward_per_dist_std": 0.0010931983823152995, "dist_ratio_per_episode": 1.386966878322512, "reward_std": 8.976214959746013, "num_goal": 7.7999999999999998, "num_goals_std": 0.89442719099991608, "goal_after_found": 145.08534523010255, "goal_first_found": 152.65000000000001, "prob_shortest_per_episode_std": 0.20816966734491923, "goal_first_found_std": 43.13313691351464, "reward_per_dist": 0.0098444144041885309}}