{"0": {"goal_first_found": 205.70114942528735, "goal_after_found_std": 101.14689956596303, "num_ep": 100, "reward_std": 29.550677335693724, "num_goal": 5.1500000000000004, "num_goals_std": 2.9508473359359004, "goal_after_found": 192.90270268231973, "reward": 51.013561279932034, "goal_first_found_std": 188.93404036296434}}