{"0": {"prob_shortest_per_episode": 0.18951048951048952, "reward": 41.769761082977055, "dist_ratio_per_episode_std": 4.3690428483463286, "goal_after_found_std": 172.05983001687, "num_ep": 100, "reward_per_dist_std": 0.0092679120312143762, "dist_ratio_per_episode": 4.5392321678640393, "reward_std": 24.987655439842573, "num_goal": 4.2300000000000004, "num_goals_std": 2.5014195969489004, "goal_after_found": 262.13121678278998, "goal_first_found": 262.14285714285717, "prob_shortest_per_episode_std": 0.2560094345831756, "goal_first_found_std": 234.8349699434057, "reward_per_dist": 0.013508647216343815}}