{"0": {"prob_shortest_per_episode": NaN, "reward": 15.665060608740896, "dist_ratio_per_episode_std": NaN, "goal_after_found_std": 160.3532099359137, "num_ep": 100, "reward_per_dist_std": NaN, "dist_ratio_per_episode": NaN, "reward_std": 11.590742384381384, "num_goal": 1.6000000000000001, "num_goals_std": 1.1661903789690602, "goal_after_found": 377.02173946214759, "goal_first_found": 414.43478260869563, "prob_shortest_per_episode_std": NaN, "goal_first_found_std": 182.89289478840664, "reward_per_dist": -Infinity}}