{"0": {"prob_shortest_per_episode": 0.01, "reward": 16.052861996442079, "dist_ratio_per_episode_std": 0.72949167280561766, "goal_after_found_std": 178.36008485305885, "num_ep": 100, "reward_per_dist_std": 0.003074958873138277, "dist_ratio_per_episode": 1.6652588636583241, "reward_std": 9.9951654745417748, "num_goal": 1.6399999999999999, "num_goals_std": 1.005186549850325, "goal_after_found": 367.53833282470703, "goal_first_found": 445.33999999999997, "prob_shortest_per_episode_std": 0.069999999999999993, "goal_first_found_std": 233.17852474016559, "reward_per_dist": 0.0079816494697089995}}