{"0": {"prob_shortest_per_episode": 0.34285714285714292, "reward": 62.673998336791989, "dist_ratio_per_episode_std": 0.51295585648114184, "goal_after_found_std": 51.469595841865825, "num_ep": 100, "reward_per_dist_std": 0.0022296474783411024, "dist_ratio_per_episode": 1.7901816409902593, "reward_std": 21.253466520876902, "num_goal": 6.3099999999999996, "num_goals_std": 2.1151595684486781, "goal_after_found": 189.96057197570801, "goal_first_found": 176.24000000000001, "prob_shortest_per_episode_std": 0.32863819197483701, "goal_first_found_std": 68.466943848838469, "reward_per_dist": 0.0085697363820485799}}