{"0": {"prob_shortest_per_episode": 0.23695436507936504, "reward": 29.40026658648625, "dist_ratio_per_episode_std": 6.7540429246920892, "goal_after_found_std": 190.50380760743138, "num_ep": 100, "reward_per_dist_std": 0.014113034113074078, "dist_ratio_per_episode": 4.4690781357354554, "reward_std": 22.423380439924063, "num_goal": 3.0, "num_goals_std": 2.23159136044214, "goal_after_found": 268.42577658759222, "goal_first_found": 228.51388888888889, "prob_shortest_per_episode_std": 0.29120816444408826, "goal_first_found_std": 216.92414144219194, "reward_per_dist": 0.011924483937600129}}