{"0": {"prob_shortest_per_episode": 0.27244047619047618, "reward": 79.968036727905272, "dist_ratio_per_episode_std": 0.093799686900187154, "goal_after_found_std": 9.4766744066090745, "num_ep": 100, "reward_per_dist_std": 0.00050773437371943834, "dist_ratio_per_episode": 1.4453132718785475, "reward_std": 5.1061039553924426, "num_goal": 8.0199999999999996, "num_goals_std": 0.50950956811427983, "goal_after_found": 136.92577354431151, "goal_first_found": 159.08000000000001, "prob_shortest_per_episode_std": 0.14901432864145508, "goal_first_found_std": 14.312008943541086, "reward_per_dist": 0.0081490342885959348}}