{"0": {"prob_shortest_per_episode": 0.45936904761904762, "reward": 72.453729476928714, "dist_ratio_per_episode_std": 0.25317954605292414, "goal_after_found_std": 26.161571031513674, "num_ep": 100, "reward_per_dist_std": 0.0014685646244491132, "dist_ratio_per_episode": 1.4247437412243109, "reward_std": 10.951946480526885, "num_goal": 7.2699999999999996, "num_goals_std": 1.0941206514822761, "goal_after_found": 156.37282577514648, "goal_first_found": 160.66999999999999, "prob_shortest_per_episode_std": 0.17976343682552567, "goal_first_found_std": 37.303365799884595, "reward_per_dist": 0.00983740367832725}}