{"0": {"prob_shortest_per_episode": 0.0, "reward": 53.940699768066409, "dist_ratio_per_episode_std": 0.27207119342650676, "goal_after_found_std": 43.465157633045926, "num_ep": 100, "reward_per_dist_std": 0.0012401806650318007, "dist_ratio_per_episode": 1.551566902174764, "reward_std": 12.416591286052101, "num_goal": 6.6600000000000001, "num_goals_std": 1.1934822998268553, "goal_after_found": 182.3959676361084, "goal_first_found": 111.01000000000001, "prob_shortest_per_episode_std": 0.0, "goal_first_found_std": 37.540776497030535, "reward_per_dist": 0.0062848512391920734}}