{"0": {"prob_shortest_per_episode": 0.39144841269841263, "reward": 87.327577209472651, "dist_ratio_per_episode_std": 0.052799693719202165, "goal_after_found_std": 4.6773398344458723, "num_ep": 100, "reward_per_dist_std": 0.00034560120717449199, "dist_ratio_per_episode": 1.3253626353067447, "reward_std": 5.347258168540824, "num_goal": 8.75, "num_goals_std": 0.53619026473818043, "goal_after_found": 126.03674575805664, "goal_first_found": 153.19, "prob_shortest_per_episode_std": 0.10710621617739916, "goal_first_found_std": 3.1833787082280995, "reward_per_dist": 0.010021406890333255}}