{"0": {"prob_shortest_per_episode": NaN, "reward": 40.535872466266156, "dist_ratio_per_episode_std": NaN, "goal_after_found_std": 149.40871857660557, "num_ep": 100, "reward_per_dist_std": NaN, "dist_ratio_per_episode": NaN, "reward_std": 28.436620580263831, "num_goal": 4.0999999999999996, "num_goals_std": 2.8442925306655784, "goal_after_found": 240.83821926116943, "goal_first_found": 205.17500000000001, "prob_shortest_per_episode_std": NaN, "goal_first_found_std": 164.94012360550721, "reward_per_dist": -Infinity}}