{"0": {"prob_shortest_per_episode": 0.29869227994227993, "reward": 62.390330238342287, "dist_ratio_per_episode_std": 0.56924244872700336, "goal_after_found_std": 62.451226144342868, "num_ep": 100, "reward_per_dist_std": 0.0027699521776807889, "dist_ratio_per_episode": 1.8167514416212045, "reward_std": 26.454647532892871, "num_goal": 6.29, "num_goals_std": 2.6279079131506871, "goal_after_found": 197.75031326293944, "goal_first_found": 187.34, "prob_shortest_per_episode_std": 0.33288863240058014, "goal_first_found_std": 70.735877742486522, "reward_per_dist": 0.0072557240651918353}}