{"0": {"prob_shortest_per_episode": 0.26423365523365522, "reward": 98.12924579620362, "dist_ratio_per_episode_std": 0.7192566088502873, "goal_after_found_std": 31.861350365058929, "num_ep": 100, "reward_per_dist_std": 0.0032701436314996092, "dist_ratio_per_episode": 1.8961703461709507, "reward_std": 29.849067456662798, "num_goal": 9.8499999999999996, "num_goals_std": 2.9912372022292049, "goal_after_found": 117.1236686706543, "goal_first_found": 156.88999999999999, "prob_shortest_per_episode_std": 0.1946501943465197, "goal_first_found_std": 128.66156341347636, "reward_per_dist": 0.013047642682483929}}