{"0": {"prob_shortest_per_episode": NaN, "reward": 36.339192397408191, "dist_ratio_per_episode_std": NaN, "goal_after_found_std": 157.6366776932735, "num_ep": 100, "reward_per_dist_std": NaN, "dist_ratio_per_episode": NaN, "reward_std": 26.088813184329613, "num_goal": 3.6899999999999999, "num_goals_std": 2.5949759151098108, "goal_after_found": 258.62244068492544, "goal_first_found": 245.67532467532467, "prob_shortest_per_episode_std": NaN, "goal_first_found_std": 211.19378935909938, "reward_per_dist": NaN}}