{"0": {"prob_shortest_per_episode": 0.40535714285714286, "reward": 87.994703216552736, "dist_ratio_per_episode_std": 0.033280264432860078, "goal_after_found_std": 3.4136848199594159, "num_ep": 100, "reward_per_dist_std": 0.00021851451138486255, "dist_ratio_per_episode": 1.3275144184606629, "reward_std": 3.8786717604863887, "num_goal": 8.8200000000000003, "num_goals_std": 0.38418745424597089, "goal_after_found": 127.73553565979005, "goal_first_found": 157.28, "prob_shortest_per_episode_std": 0.10219217091303212, "goal_first_found_std": 6.2499279995852755, "reward_per_dist": 0.0099802187738464235}}