{"0": {"prob_shortest_per_episode": 0.25908492549117551, "reward": 71.130949563980096, "dist_ratio_per_episode_std": 0.95240365594414544, "goal_after_found_std": 75.862262637332876, "num_ep": 100, "reward_per_dist_std": 0.012202697928285598, "dist_ratio_per_episode": 2.4138045226783054, "reward_std": 29.418239825582322, "num_goal": 7.1399999999999997, "num_goals_std": 2.9462518561725166, "goal_after_found": 157.68867937723795, "goal_first_found": 205.46875, "prob_shortest_per_episode_std": 0.18754793103494236, "goal_first_found_std": 162.01883591145867, "reward_per_dist": 0.011910925806467673}}