{"0": {"prob_shortest_per_episode": 0.27660031961502546, "reward": 39.494925323948266, "dist_ratio_per_episode_std": 1.3631621080410894, "goal_after_found_std": 104.38593458537333, "num_ep": 100, "reward_per_dist_std": 0.017649812500233973, "dist_ratio_per_episode": 2.3873188115714346, "reward_std": 35.491557553406388, "num_goal": 4.0, "num_goals_std": 3.552463933666322, "goal_after_found": 185.04866678574507, "goal_first_found": 237.27941176470588, "prob_shortest_per_episode_std": 0.26668978046006619, "goal_first_found_std": 246.73263962937193, "reward_per_dist": 0.013697295939544151}}