{"0": {"prob_shortest_per_episode": 0.25387543590668593, "reward": 56.073658930808307, "dist_ratio_per_episode_std": 2.9738580664015131, "goal_after_found_std": 101.96789357322133, "num_ep": 100, "reward_per_dist_std": 0.0030778279151961727, "dist_ratio_per_episode": 2.9060339550624525, "reward_std": 26.032589937845064, "num_goal": 5.6699999999999999, "num_goals_std": 2.5692605940231128, "goal_after_found": 211.32002170880637, "goal_first_found": 200.4375, "prob_shortest_per_episode_std": 0.2319112709928367, "goal_first_found_std": 139.05243409262326, "reward_per_dist": 0.011568583401008822}}