{"0": {"prob_shortest_per_episode": 0.29696428571428568, "reward": 84.008890457153313, "dist_ratio_per_episode_std": 0.045819625754999219, "goal_after_found_std": 3.8642114376320671, "num_ep": 100, "reward_per_dist_std": 0.00029242413250996573, "dist_ratio_per_episode": 1.3998180030963772, "reward_std": 4.9191536661094837, "num_goal": 8.4100000000000001, "num_goals_std": 0.49183330509431739, "goal_after_found": 130.92696411132812, "goal_first_found": 150.91999999999999, "prob_shortest_per_episode_std": 0.10910860415200994, "goal_first_found_std": 1.8903967837467348, "reward_per_dist": 0.0095424701993288737}}