{"0": {"prob_shortest_per_episode": 0.36838888888888882, "reward": 72.956482353210447, "dist_ratio_per_episode_std": 0.52523634654289153, "goal_after_found_std": 55.539881870885473, "num_ep": 100, "reward_per_dist_std": 0.0027324220423638823, "dist_ratio_per_episode": 1.5976247914954507, "reward_std": 25.710019044440671, "num_goal": 7.3200000000000003, "num_goals_std": 2.5763540129415445, "goal_after_found": 168.90382164001466, "goal_first_found": 174.36000000000001, "prob_shortest_per_episode_std": 0.3323183679386954, "goal_first_found_std": 66.186784179320881, "reward_per_dist": 0.0096027641012007212}}