{"0": {"prob_shortest_per_episode": 0.0094999999999999998, "reward": 31.446462802886963, "dist_ratio_per_episode_std": 0.32999868959627832, "goal_after_found_std": 82.0628039899063, "num_ep": 100, "reward_per_dist_std": 0.00076235421204010469, "dist_ratio_per_episode": 1.7473437814341961, "reward_std": 8.4402282520472269, "num_goal": 3.1600000000000001, "num_goals_std": 0.84522186436461755, "goal_after_found": 348.73050018310545, "goal_first_found": 311.25, "prob_shortest_per_episode_std": 0.046741309352648641, "goal_first_found_std": 87.774526486902801, "reward_per_dist": 0.0038134012952599494}}