{"0": {"prob_shortest_per_episode": 0.094499999999999987, "reward": 49.700318870544436, "dist_ratio_per_episode_std": 0.1996496224147612, "goal_after_found_std": 22.659341475888095, "num_ep": 100, "reward_per_dist_std": 0.00062379165724073433, "dist_ratio_per_episode": 2.0657977693737446, "reward_std": 5.0207691085276176, "num_goal": 4.9900000000000002, "num_goals_std": 0.49989998999799951, "goal_after_found": 221.62750015258788, "goal_first_found": 209.38, "prob_shortest_per_episode_std": 0.14069381649525325, "goal_first_found_std": 37.633702980174562, "reward_per_dist": 0.0071751045940063171}}