{"0": {"prob_shortest_per_episode": 0.24915611814345986, "reward": 59.57847785949707, "dist_ratio_per_episode_std": 3.3690128391442631, "goal_after_found_std": 93.829389642588353, "num_ep": 79, "reward_per_dist_std": 0.0032543417314098411, "dist_ratio_per_episode": 2.9571632450655727, "reward_std": 22.755021139598774, "num_goal": 5.9873417721518987, "num_goals_std": 2.2808707580302237, "goal_after_found": 201.10726378235637, "goal_first_found": 178.44303797468353, "prob_shortest_per_episode_std": 0.22939617503961443, "goal_first_found_std": 138.93298146086894, "reward_per_dist": 0.011931198388547769}}