{"0": {"prob_shortest_per_episode": 0.49455555555555558, "reward": 99.779260406494146, "dist_ratio_per_episode_std": 0.023346349243280856, "goal_after_found_std": 2.02130567543179, "num_ep": 100, "reward_per_dist_std": 0.00018398179858496842, "dist_ratio_per_episode": 1.2443653840865496, "reward_std": 1.0021971816874735, "num_goal": 9.9900000000000002, "num_goals_std": 0.099498743710661988, "goal_after_found": 118.84652740478515, "goal_first_found": 94.579999999999998, "prob_shortest_per_episode_std": 0.10296223687460475, "goal_first_found_std": 1.8065436612492929, "reward_per_dist": 0.0094463991330232238}}