{"0": {"prob_shortest_per_episode": 0.72071031746031755, "reward": 98.643827819824224, "dist_ratio_per_episode_std": 0.12520447473622973, "goal_after_found_std": 14.165785638022898, "num_ep": 100, "reward_per_dist_std": 0.0012274602841397947, "dist_ratio_per_episode": 1.0479672130874733, "reward_std": 11.334879555089104, "num_goal": 9.9000000000000004, "num_goals_std": 1.1357816691600546, "goal_after_found": 115.40575813293457, "goal_first_found": 122.06999999999999, "prob_shortest_per_episode_std": 0.13381114422892387, "goal_first_found_std": 54.420998704544182, "reward_per_dist": 0.012609843282503211}}