{"0": {"goal_first_found": 228.34343434343435, "goal_after_found_std": 90.296711119608091, "num_ep": 100, "reward_std": 25.005814932386411, "num_goal": 6.0999999999999996, "num_goals_std": 2.5079872407968904, "goal_after_found": 194.17878992870601, "reward": 60.70472370147705, "goal_first_found_std": 160.42060635012152}}