{"0": {"prob_shortest_per_episode": 0.26288888888888884, "reward": 59.412836494445799, "dist_ratio_per_episode_std": 1.1041971497838623, "goal_after_found_std": 87.564266211380712, "num_ep": 100, "reward_per_dist_std": 0.0057256158879692787, "dist_ratio_per_episode": 2.4030432156157495, "reward_std": 23.879125973194441, "num_goal": 5.9699999999999998, "num_goals_std": 2.3935538431378558, "goal_after_found": 196.60782020568848, "goal_first_found": 190.58000000000001, "prob_shortest_per_episode_std": 0.25528638238660445, "goal_first_found_std": 139.80852477585191, "reward_per_dist": 0.012617224782976338}}