{"0": {"prob_shortest_per_episode": 0.0, "reward": 62.137000656127931, "dist_ratio_per_episode_std": 0.063438819485010844, "goal_after_found_std": 6.5433859403261145, "num_ep": 100, "reward_per_dist_std": 0.00030372807486778674, "dist_ratio_per_episode": 1.5818970371411001, "reward_std": 2.9905424610976992, "num_goal": 7.0999999999999996, "num_goals_std": 0.29999999999999999, "goal_after_found": 157.78142776489258, "goal_first_found": 156.06999999999999, "prob_shortest_per_episode_std": 0.0, "goal_first_found_std": 10.377143152139706, "reward_per_dist": 0.0065193550962854485}}