{"0": {"prob_shortest_per_episode": 0.2880306243464138, "reward": 60.323392056152223, "dist_ratio_per_episode_std": 5.6895379786234264, "goal_after_found_std": 140.13652381108975, "num_ep": 100, "reward_per_dist_std": 0.0034644678600822322, "dist_ratio_per_episode": 3.280746472695486, "reward_std": 29.738235954282946, "num_goal": 6.0599999999999996, "num_goals_std": 2.9793287834678468, "goal_after_found": 206.05375261808697, "goal_first_found": 188.68421052631578, "prob_shortest_per_episode_std": 0.23357586265839606, "goal_first_found_std": 144.87986044036222, "reward_per_dist": 0.0091663221822261311}}