{"0": {"prob_shortest_per_episode": 0.33310137085137093, "reward": 86.93513298034668, "dist_ratio_per_episode_std": 0.29397528993330646, "goal_after_found_std": 25.030080794072404, "num_ep": 100, "reward_per_dist_std": 0.0021834098806495562, "dist_ratio_per_episode": 1.3166700697741605, "reward_std": 18.382919786811801, "num_goal": 8.7100000000000009, "num_goals_std": 1.8400815199332883, "goal_after_found": 133.48849166870116, "goal_first_found": 139.53999999999999, "prob_shortest_per_episode_std": 0.34266962730701983, "goal_first_found_std": 28.376546653883029, "reward_per_dist": 0.009404097460933054}}