{"0": {"prob_shortest_per_episode": NaN, "reward": 61.209625177979468, "dist_ratio_per_episode_std": NaN, "goal_after_found_std": 95.426179272305589, "num_ep": 100, "reward_per_dist_std": NaN, "dist_ratio_per_episode": NaN, "reward_std": 24.583826587899463, "num_goal": 6.1500000000000004, "num_goals_std": 2.4632295873507202, "goal_after_found": 187.67277872931098, "goal_first_found": 197.56701030927834, "prob_shortest_per_episode_std": NaN, "goal_first_found_std": 156.20914523807562, "reward_per_dist": -Infinity}}