{"0": {"prob_shortest_per_episode": 0.25682298026048023, "reward": 57.137720558717845, "dist_ratio_per_episode_std": 5.4896941596391224, "goal_after_found_std": 120.59072088010542, "num_ep": 100, "reward_per_dist_std": 0.0052697222855754072, "dist_ratio_per_episode": 3.3715413650341461, "reward_std": 26.805508633206582, "num_goal": 5.7400000000000002, "num_goals_std": 2.6855911825890404, "goal_after_found": 215.36410784721375, "goal_first_found": 199.11458333333334, "prob_shortest_per_episode_std": 0.22024776586786315, "goal_first_found_std": 141.65810291211628, "reward_per_dist": 0.011985426413375423}}