{"0": {"prob_shortest_per_episode": 0.70793181818181816, "reward": 106.60527511596679, "dist_ratio_per_episode_std": 0.083390021425476121, "goal_after_found_std": 8.2570334370427467, "num_ep": 100, "reward_per_dist_std": 0.00084566436358723246, "dist_ratio_per_episode": 1.0209758372089341, "reward_std": 6.3097960823208048, "num_goal": 10.68, "num_goals_std": 0.63055531081737792, "goal_after_found": 107.22112930297851, "goal_first_found": 94.709999999999994, "prob_shortest_per_episode_std": 0.14393773372365823, "goal_first_found_std": 10.163951003423817, "reward_per_dist": 0.012764147568065652}}