{"0": {"prob_shortest_per_episode": 0.37444444444444441, "reward": 90.193390121459956, "dist_ratio_per_episode_std": 0.059095846513520442, "goal_after_found_std": 5.2539032199185955, "num_ep": 100, "reward_per_dist_std": 0.00036119204049500224, "dist_ratio_per_episode": 1.3319174053658955, "reward_std": 4.7740814286475146, "num_goal": 9.0299999999999994, "num_goals_std": 0.47864391775097287, "goal_after_found": 125.67928573608398, "goal_first_found": 147.63, "prob_shortest_per_episode_std": 0.13228550620695884, "goal_first_found_std": 17.007442488510726, "reward_per_dist": 0.0099411835933653006}}