{"0": {"goal_first_found": 187.03030303030303, "goal_after_found_std": 106.98399803754187, "num_ep": 100, "reward_std": 24.68474642066224, "num_goal": 5.9400000000000004, "num_goals_std": 2.4731356614629942, "goal_after_found": 205.72556012086193, "reward": 59.120909938812254, "goal_first_found_std": 141.06195032396619}}