{"0": {"prob_shortest_per_episode": 0.33636111111111111, "reward": 70.92121101379395, "dist_ratio_per_episode_std": 0.55067755640746052, "goal_after_found_std": 57.031794920465913, "num_ep": 100, "reward_per_dist_std": 0.0028377325406953864, "dist_ratio_per_episode": 1.6608735082957089, "reward_std": 27.094358773207318, "num_goal": 7.1200000000000001, "num_goals_std": 2.7176460402340852, "goal_after_found": 179.08275817871095, "goal_first_found": 160.94999999999999, "prob_shortest_per_episode_std": 0.36058866644171322, "goal_first_found_std": 62.244738733486543, "reward_per_dist": 0.0093824845963252149}}