{"0": {"prob_shortest_per_episode": 0.41657106782106779, "reward": 79.078453483581541, "dist_ratio_per_episode_std": 0.53913815321418002, "goal_after_found_std": 56.532274630274372, "num_ep": 100, "reward_per_dist_std": 0.0028303533037032551, "dist_ratio_per_episode": 1.5488337406855097, "reward_std": 26.945954772219601, "num_goal": 7.9299999999999997, "num_goals_std": 2.7027948497805006, "goal_after_found": 162.32287773132325, "goal_first_found": 153.41, "prob_shortest_per_episode_std": 0.36014659910655461, "goal_first_found_std": 65.929673895750469, "reward_per_dist": 0.0085456744358481124}}