{"0": {"prob_shortest_per_episode": 0.017500000000000002, "reward": 33.925464706420897, "dist_ratio_per_episode_std": 0.35088484384021607, "goal_after_found_std": 70.604008818136421, "num_ep": 100, "reward_per_dist_std": 0.0010658115959905051, "dist_ratio_per_episode": 1.6392161949789823, "reward_std": 7.4912872434925379, "num_goal": 3.4100000000000001, "num_goals_std": 0.74959989327640653, "goal_after_found": 316.43916687011716, "goal_first_found": 316.61000000000001, "prob_shortest_per_episode_std": 0.078435217430267448, "goal_first_found_std": 78.880402509115015, "reward_per_dist": 0.005898058726293811}}