{"0": {"prob_shortest_per_episode": 0.36724603174603165, "reward": 86.000153427124019, "dist_ratio_per_episode_std": 0.28187836871468869, "goal_after_found_std": 23.976093273969102, "num_ep": 100, "reward_per_dist_std": 0.0021108520523309233, "dist_ratio_per_episode": 1.2886483876736483, "reward_std": 16.354736711426927, "num_goal": 8.6199999999999992, "num_goals_std": 1.6357261384473869, "goal_after_found": 134.79299591064452, "goal_first_found": 145.59, "prob_shortest_per_episode_std": 0.31688941433823109, "goal_first_found_std": 29.131802209956042, "reward_per_dist": 0.010818537481958813}}