{"0": {"goal_first_found": 219.98958333333334, "goal_after_found_std": 116.85626712880392, "num_ep": 100, "reward_std": 28.310618667472784, "num_goal": 5.7599999999999998, "num_goals_std": 2.8359125515431529, "goal_after_found": 205.19225637118021, "reward": 57.313664255142214, "goal_first_found_std": 171.60471140043441}}