{"0": {"prob_shortest_per_episode": NaN, "reward": 57.676871110461654, "dist_ratio_per_episode_std": NaN, "goal_after_found_std": 144.70088205954619, "num_ep": 100, "reward_per_dist_std": NaN, "dist_ratio_per_episode": NaN, "reward_std": 28.054516339978665, "num_goal": 5.8099999999999996, "num_goals_std": 2.7953354002695279, "goal_after_found": 224.08922345710522, "goal_first_found": 207.44444444444446, "prob_shortest_per_episode_std": NaN, "goal_first_found_std": 156.38234821351216, "reward_per_dist": -Infinity}}