{"0": {"prob_shortest_per_episode": 0.21860427659396731, "reward": 58.533818479478356, "dist_ratio_per_episode_std": 5.6143689392827669, "goal_after_found_std": 112.08431779520575, "num_ep": 100, "reward_per_dist_std": 0.017183985619890218, "dist_ratio_per_episode": 3.1877958542216329, "reward_std": 31.086230602437503, "num_goal": 5.9000000000000004, "num_goals_std": 3.080584360149873, "goal_after_found": 200.79883087787431, "goal_first_found": 220.23711340206185, "prob_shortest_per_episode_std": 0.2520873493330244, "goal_first_found_std": 204.66068338502711, "reward_per_dist": 0.011846063280438805}}