{"0": {"prob_shortest_per_episode": 0.66058333333333341, "reward": 106.09506973266602, "dist_ratio_per_episode_std": 0.059723325907072612, "goal_after_found_std": 5.5273912075266649, "num_ep": 100, "reward_per_dist_std": 0.00068036388946390088, "dist_ratio_per_episode": 1.017259992209804, "reward_std": 5.2297703221904115, "num_goal": 10.630000000000001, "num_goals_std": 0.52258970521815684, "goal_after_found": 108.14436126708985, "goal_first_found": 114.63, "prob_shortest_per_episode_std": 0.1567694181368387, "goal_first_found_std": 6.6161242430897564, "reward_per_dist": 0.012784775455080164}}