{"0": {"goal_first_found": 201.08163265306123, "goal_after_found_std": 84.379339158109161, "num_ep": 100, "reward_std": 23.86839802953002, "num_goal": 6.0, "num_goals_std": 2.3916521486202797, "goal_after_found": 192.47223857957491, "reward": 59.702357527166605, "goal_first_found_std": 161.8528352389462}}