{"0": {"prob_shortest_per_episode": 0.73619624819624818, "reward": 99.680150604248041, "dist_ratio_per_episode_std": 0.15591041192690344, "goal_after_found_std": 17.970952439428942, "num_ep": 100, "reward_per_dist_std": 0.001384168549670549, "dist_ratio_per_episode": 1.0631584979919706, "reward_std": 13.262163954537245, "num_goal": 10.0, "num_goals_std": 1.3266499161421599, "goal_after_found": 112.56931129455566, "goal_first_found": 125.34999999999999, "prob_shortest_per_episode_std": 0.16228656511210632, "goal_first_found_std": 47.791081804035358, "reward_per_dist": 0.012486603143457519}}