{"0": {"prob_shortest_per_episode": 0.43280050505050499, "reward": 92.031096878051756, "dist_ratio_per_episode_std": 0.29005412597544472, "goal_after_found_std": 25.536780453958265, "num_ep": 100, "reward_per_dist_std": 0.0021408013263773547, "dist_ratio_per_episode": 1.2375730211219695, "reward_std": 18.080456963466052, "num_goal": 9.2200000000000006, "num_goals_std": 1.8087564789103039, "goal_after_found": 129.14519729614258, "goal_first_found": 116.31999999999999, "prob_shortest_per_episode_std": 0.339677873758927, "goal_first_found_std": 28.334741925770206, "reward_per_dist": 0.011205804217032291}}