{"0": {"prob_shortest_per_episode": 0.26939990281827014, "reward": 60.832155412808063, "dist_ratio_per_episode_std": 2.0456307073613522, "goal_after_found_std": 91.20163961358206, "num_ep": 100, "reward_per_dist_std": 0.0061152779532009415, "dist_ratio_per_episode": 2.4910698242800988, "reward_std": 24.20640849216295, "num_goal": 6.1100000000000003, "num_goals_std": 2.4244380792257822, "goal_after_found": 188.26900287550322, "goal_first_found": 205.60204081632654, "prob_shortest_per_episode_std": 0.24060438141816812, "goal_first_found_std": 141.98841141243503, "reward_per_dist": 0.0099773559004360159}}