{"0": {"goal_first_found": 186.69387755102042, "goal_after_found_std": 81.775665567632004, "num_ep": 100, "reward_std": 25.558437372498474, "num_goal": 6.4100000000000001, "num_goals_std": 2.5771883904751705, "goal_after_found": 187.92255354900749, "reward": 63.466296944767237, "goal_first_found_std": 121.0881284869611}}