{"0": {"prob_shortest_per_episode": NaN, "reward": 59.803719900250435, "dist_ratio_per_episode_std": NaN, "goal_after_found_std": 84.271150702043727, "num_ep": 100, "reward_per_dist_std": NaN, "dist_ratio_per_episode": NaN, "reward_std": 25.6726662607782, "num_goal": 6.0099999999999998, "num_goals_std": 2.5748592194525899, "goal_after_found": 186.74501305019731, "goal_first_found": 193.68041237113403, "prob_shortest_per_episode_std": NaN, "goal_first_found_std": 140.4054178758858, "reward_per_dist": Infinity}}