{"0": {"prob_shortest_per_episode": 0.014999999999999999, "reward": 34.122067375183107, "dist_ratio_per_episode_std": 0.33031134344258528, "goal_after_found_std": 64.306237432172495, "num_ep": 100, "reward_per_dist_std": 0.00099638750247355327, "dist_ratio_per_episode": 1.6113840877132477, "reward_std": 8.0113484189241664, "num_goal": 3.4300000000000002, "num_goals_std": 0.80318117507820119, "goal_after_found": 307.14300018310547, "goal_first_found": 310.37, "prob_shortest_per_episode_std": 0.074888806462203236, "goal_first_found_std": 101.77727202082005, "reward_per_dist": 0.0059997563164756063}}