{"0": {"prob_shortest_per_episode": 0.036428571428571421, "reward": 69.892701034545894, "dist_ratio_per_episode_std": 0.053634611530284079, "goal_after_found_std": 4.5379984853577202, "num_ep": 100, "reward_per_dist_std": 0.00030170779761421677, "dist_ratio_per_episode": 1.5995175355488624, "reward_std": 1.0143373966092779, "num_goal": 7.0099999999999998, "num_goals_std": 0.099498743710661988, "goal_after_found": 163.73666687011718, "goal_first_found": 153.00999999999999, "prob_shortest_per_episode_std": 0.072566725881876584, "goal_first_found_std": 12.645548623922966, "reward_per_dist": 0.0085639475207843381}}