{"0": {"prob_shortest_per_episode": 0.27068810342006222, "reward": 59.916695874482393, "dist_ratio_per_episode_std": 2.1316463875710752, "goal_after_found_std": 93.694402709237693, "num_ep": 100, "reward_per_dist_std": 0.0030882128510854685, "dist_ratio_per_episode": 2.8541641288779189, "reward_std": 25.696530614846374, "num_goal": 6.0199999999999996, "num_goals_std": 2.57285833267205, "goal_after_found": 197.4790213673385, "goal_first_found": 205.61855670103094, "prob_shortest_per_episode_std": 0.22542679006688701, "goal_first_found_std": 141.14081900594692, "reward_per_dist": 0.0089734249415073884}}