{"0": {"goal_first_found": 185.46391752577318, "goal_after_found_std": 89.96581977399407, "num_ep": 100, "reward_std": 22.803664476901606, "num_goal": 5.7400000000000002, "num_goals_std": 2.2830681111171427, "goal_after_found": 203.52759331772009, "reward": 57.134067945480346, "goal_first_found_std": 124.09258780257422}}