{"0": {"prob_shortest_per_episode": 0.24795829871587446, "reward": 63.120270376205447, "dist_ratio_per_episode_std": 1.4861041433197946, "goal_after_found_std": 77.229194371733129, "num_ep": 100, "reward_per_dist_std": 0.0032353738431156408, "dist_ratio_per_episode": 2.4343699079966652, "reward_std": 24.56563416217082, "num_goal": 6.3399999999999999, "num_goals_std": 2.4585361498257456, "goal_after_found": 183.83655532682783, "goal_first_found": 190.35353535353536, "prob_shortest_per_episode_std": 0.23019922479210642, "goal_first_found_std": 133.78682826345127, "reward_per_dist": 0.0094192811161384893}}