{"0": {"prob_shortest_per_episode": NaN, "reward": 57.222577197402714, "dist_ratio_per_episode_std": NaN, "goal_after_found_std": 115.72170147427539, "num_ep": 100, "reward_per_dist_std": NaN, "dist_ratio_per_episode": NaN, "reward_std": 26.957437364581505, "num_goal": 5.75, "num_goals_std": 2.6995369973386176, "goal_after_found": 206.23382250467935, "goal_first_found": 171.88541666666666, "prob_shortest_per_episode_std": NaN, "goal_first_found_std": 137.20960773208654, "reward_per_dist": Infinity}}