{"0": {"goal_first_found": 118.45999999999999, "goal_after_found_std": 18.000549535350959, "num_ep": 100, "reward_std": 7.5962723015555831, "num_goal": 6.9900000000000002, "num_goals_std": 0.75491721400429068, "goal_after_found": 163.3177862548828, "reward": 68.968531188964846, "goal_first_found_std": 40.237649036691991}}