{"0": {"goal_first_found": 107.18000000000001, "goal_after_found_std": 6.2556820376976541, "num_ep": 100, "reward_std": 5.6451330143584793, "num_goal": 9.2300000000000004, "num_goals_std": 0.56311632901204345, "goal_after_found": 121.84365089416504, "reward": 92.1474771118164, "goal_first_found_std": 10.06616113520939}}