{"0": {"goal_first_found": 90.510000000000005, "goal_after_found_std": 15.681319709006694, "num_ep": 100, "reward_std": 9.6343636854322909, "num_goal": 7.6600000000000001, "num_goals_std": 0.96145722733775318, "goal_after_found": 151.11492073059082, "reward": 76.243390159606932, "goal_first_found_std": 1.3378714437493611}}