{"0": {"prob_shortest_per_episode": 0.38066883116883121, "reward": 66.569871368408201, "dist_ratio_per_episode_std": 0.54454985093979369, "goal_after_found_std": 56.916249118189185, "num_ep": 100, "reward_per_dist_std": 0.0024754250861993613, "dist_ratio_per_episode": 1.6883478932643221, "reward_std": 22.63918957594765, "num_goal": 6.7000000000000002, "num_goals_std": 2.2472205054244232, "goal_after_found": 182.96353988647462, "goal_first_found": 156.90000000000001, "prob_shortest_per_episode_std": 0.30691010899913601, "goal_first_found_std": 73.12981608072046, "reward_per_dist": 0.0076778849865444636}}