{"0": {"prob_shortest_per_episode": 0.21808333333333332, "reward": 53.138900389671328, "dist_ratio_per_episode_std": 0.33820367296095666, "goal_after_found_std": 71.559591324419998, "num_ep": 100, "reward_per_dist_std": 0.0011259106808559156, "dist_ratio_per_episode": 1.8675700834564901, "reward_std": 11.453782591328247, "num_goal": 5.3600000000000003, "num_goals_std": 1.1271202242884297, "goal_after_found": 212.51796421860203, "goal_first_found": 157.17171717171718, "prob_shortest_per_episode_std": 0.24332155030412661, "goal_first_found_std": 72.45647114083485, "reward_per_dist": 0.0064075498953862393}}