{"0": {"prob_shortest_per_episode": 0.35510317460317464, "reward": 58.476852207183839, "dist_ratio_per_episode_std": 0.51146604364711679, "goal_after_found_std": 69.384701888156513, "num_ep": 100, "reward_per_dist_std": 0.0016637447350440673, "dist_ratio_per_episode": 1.7658936698531809, "reward_std": 14.300656758412293, "num_goal": 5.9000000000000004, "num_goals_std": 1.4317821063276355, "goal_after_found": 195.62082294502645, "goal_first_found": 178.60606060606059, "prob_shortest_per_episode_std": 0.20459359253856346, "goal_first_found_std": 85.001582656902016, "reward_per_dist": 0.007010934537018898}}