{"0": {"prob_shortest_per_episode": 0.31788095238095238, "reward": 57.768723526000976, "dist_ratio_per_episode_std": 0.38332963823765126, "goal_after_found_std": 42.42118075554373, "num_ep": 100, "reward_per_dist_std": 0.0014067461139486068, "dist_ratio_per_episode": 1.7895197189958965, "reward_std": 11.951904634281391, "num_goal": 5.8099999999999996, "num_goals_std": 1.1974556359214317, "goal_after_found": 187.88683296203612, "goal_first_found": 207.99000000000001, "prob_shortest_per_episode_std": 0.18791446859055033, "goal_first_found_std": 96.572096901744871, "reward_per_dist": 0.0068232888605291898}}