{"0": {"prob_shortest_per_episode": 0.37812698412698414, "reward": 65.049777927398679, "dist_ratio_per_episode_std": 0.49840057515268005, "goal_after_found_std": 56.454356128363287, "num_ep": 100, "reward_per_dist_std": 0.002394090998049467, "dist_ratio_per_episode": 1.627423982558885, "reward_std": 20.685487779876489, "num_goal": 6.5499999999999998, "num_goals_std": 2.0609463845524947, "goal_after_found": 184.08244377136231, "goal_first_found": 171.24000000000001, "prob_shortest_per_episode_std": 0.29682074035053946, "goal_first_found_std": 75.251859777682569, "reward_per_dist": 0.0078840178679991987}}