{"0": {"prob_shortest_per_episode": NaN, "reward": 29.916217021644115, "dist_ratio_per_episode_std": NaN, "goal_after_found_std": 24.532267694820359, "num_ep": 100, "reward_per_dist_std": NaN, "dist_ratio_per_episode": NaN, "reward_std": 32.106164363394917, "num_goal": 3.0299999999999998, "num_goals_std": 3.2076627004721057, "goal_after_found": 177.79108477653341, "goal_first_found": 165.85106382978722, "prob_shortest_per_episode_std": NaN, "goal_first_found_std": 95.934591796304559, "reward_per_dist": -Infinity}}