{"0": {"prob_shortest_per_episode": 0.36479761904761898, "reward": 68.280414447784423, "dist_ratio_per_episode_std": 0.45462813091030102, "goal_after_found_std": 49.172898136707779, "num_ep": 100, "reward_per_dist_std": 0.0020587406039960471, "dist_ratio_per_episode": 1.6408574856360809, "reward_std": 19.448212004587756, "num_goal": 6.8499999999999996, "num_goals_std": 1.9461500456028564, "goal_after_found": 171.98065048217774, "goal_first_found": 173.36000000000001, "prob_shortest_per_episode_std": 0.25716963714533514, "goal_first_found_std": 81.670376514376372, "reward_per_dist": 0.0077015181302744059}}