{"0": {"prob_shortest_per_episode": 0.4217474747474747, "reward": 75.925414524078363, "dist_ratio_per_episode_std": 0.66870542419203138, "goal_after_found_std": 71.766355331958692, "num_ep": 100, "reward_per_dist_std": 0.0035108259913252927, "dist_ratio_per_episode": 1.5900211380725509, "reward_std": 33.671476856340171, "num_goal": 7.6100000000000003, "num_goals_std": 3.3671798288775725, "goal_after_found": 174.82594467163085, "goal_first_found": 177.41, "prob_shortest_per_episode_std": 0.39464002587865771, "goal_first_found_std": 76.692906451639971, "reward_per_dist": 0.0088464301113152666}}