{"0": {"prob_shortest_per_episode": 0.35167821067821065, "reward": 73.953193893432612, "dist_ratio_per_episode_std": 0.51143535789642058, "goal_after_found_std": 57.887270921250249, "num_ep": 100, "reward_per_dist_std": 0.0030515970131294728, "dist_ratio_per_episode": 1.5552014222000801, "reward_std": 27.674902327808088, "num_goal": 7.4299999999999997, "num_goals_std": 2.7722012913928165, "goal_after_found": 173.32565452575685, "goal_first_found": 167.66, "prob_shortest_per_episode_std": 0.35841199350074587, "goal_first_found_std": 67.082370262238044, "reward_per_dist": 0.0085227940557422877}}