{"0": {"prob_shortest_per_episode": 0.27742460317460316, "reward": 56.365470600128177, "dist_ratio_per_episode_std": 0.58258892948585084, "goal_after_found_std": 61.307089107660801, "num_ep": 100, "reward_per_dist_std": 0.002244608653968398, "dist_ratio_per_episode": 1.8857159714314886, "reward_std": 17.783307107770895, "num_goal": 5.6699999999999999, "num_goals_std": 1.7835638480301172, "goal_after_found": 215.81363082885741, "goal_first_found": 188.69, "prob_shortest_per_episode_std": 0.28234523748174295, "goal_first_found_std": 91.285562385297268, "reward_per_dist": 0.0068670808478600255}}