{"0": {"prob_shortest_per_episode": 0.39182900432900442, "reward": 73.035763282775875, "dist_ratio_per_episode_std": 0.5323104669618316, "goal_after_found_std": 55.66513657758906, "num_ep": 100, "reward_per_dist_std": 0.0029244543618067126, "dist_ratio_per_episode": 1.5938654055087691, "reward_std": 27.007277099514749, "num_goal": 7.3300000000000001, "num_goals_std": 2.7094464379278658, "goal_after_found": 173.11542465209962, "goal_first_found": 156.91999999999999, "prob_shortest_per_episode_std": 0.35075645122606947, "goal_first_found_std": 61.475796863481165, "reward_per_dist": 0.0083177921130219573}}