{"0": {"prob_shortest_per_episode": 0.39170959595959609, "reward": 69.194164733886723, "dist_ratio_per_episode_std": 0.62610450476202195, "goal_after_found_std": 64.176704945790689, "num_ep": 100, "reward_per_dist_std": 0.0033682177467609623, "dist_ratio_per_episode": 1.5893118698402042, "reward_std": 26.373363419105509, "num_goal": 6.9400000000000004, "num_goals_std": 2.6374988151656109, "goal_after_found": 180.12796798706054, "goal_first_found": 180.34999999999999, "prob_shortest_per_episode_std": 0.37533479265808239, "goal_first_found_std": 96.770902134887621, "reward_per_dist": 0.0086597837121540518}}