{"0": {"prob_shortest_per_episode": 0.42660317460317465, "reward": 72.887542304992678, "dist_ratio_per_episode_std": 0.40785908529647857, "goal_after_found_std": 45.418816633808795, "num_ep": 100, "reward_per_dist_std": 0.0024524333345206273, "dist_ratio_per_episode": 1.4656680040884016, "reward_std": 22.069079254188289, "num_goal": 7.3200000000000003, "num_goals_std": 2.2130521909796887, "goal_after_found": 164.63556343078614, "goal_first_found": 148.81, "prob_shortest_per_episode_std": 0.35119195162559497, "goal_first_found_std": 67.851115687216222, "reward_per_dist": 0.0086640115310104206}}