{"0": {"prob_shortest_per_episode": NaN, "reward": 33.437316574528815, "dist_ratio_per_episode_std": NaN, "goal_after_found_std": 16.535696898030672, "num_ep": 100, "reward_per_dist_std": NaN, "dist_ratio_per_episode": NaN, "reward_std": 28.388549735487665, "num_goal": 3.3700000000000001, "num_goals_std": 2.8272071024245817, "goal_after_found": 185.33571406773157, "goal_first_found": 183.10714285714286, "prob_shortest_per_episode_std": NaN, "goal_first_found_std": 51.154415593317829, "reward_per_dist": -Infinity}}