{"0": {"prob_shortest_per_episode": 1.0, "reward": 71.867331771850587, "dist_ratio_per_episode_std": 0.0048625567043939907, "goal_after_found_std": 2.291850414198664, "num_ep": 100, "reward_per_dist_std": 0.00049323059185614416, "dist_ratio_per_episode": 0.92144115065454413, "reward_std": 4.4248606428661956, "num_goal": 7.2599999999999998, "num_goals_std": 0.43863424398922607, "goal_after_found": 152.63928588867188, "goal_first_found": 150.27000000000001, "prob_shortest_per_episode_std": 0.0, "goal_first_found_std": 2.6071248531667983, "reward_per_dist": 0.012448390145889887}}