{"0": {"prob_shortest_per_episode": NaN, "reward": 5.3581986093521117, "dist_ratio_per_episode_std": NaN, "goal_after_found_std": 204.41170319283151, "num_ep": 100, "reward_per_dist_std": NaN, "dist_ratio_per_episode": NaN, "reward_std": 9.8283815617106143, "num_goal": 0.68000000000000005, "num_goals_std": 0.96829747495281637, "goal_after_found": 403.91269865490142, "goal_first_found": 464.57142857142856, "prob_shortest_per_episode_std": NaN, "goal_first_found_std": 211.91048681405246, "reward_per_dist": NaN}}