{"0": {"prob_shortest_per_episode": 0.27577380952380948, "reward": 68.194197273254389, "dist_ratio_per_episode_std": 0.077839173309688911, "goal_after_found_std": 11.84238334481449, "num_ep": 100, "reward_per_dist_std": 0.00046166868640303888, "dist_ratio_per_episode": 1.4501821566459769, "reward_std": 6.9618697979803201, "num_goal": 6.96, "num_goals_std": 0.6916646586316233, "goal_after_found": 160.70880935668944, "goal_first_found": 168.49000000000001, "prob_shortest_per_episode_std": 0.12945588369014158, "goal_first_found_std": 32.899694527457243, "reward_per_dist": 0.0079712374713220638}}