{"0": {"prob_shortest_per_episode": 0.11764705882352941, "reward": 5.6227937877178196, "dist_ratio_per_episode_std": 0.98689503540699697, "goal_after_found_std": 179.65194627197323, "num_ep": 100, "reward_per_dist_std": 0.0052604643960008956, "dist_ratio_per_episode": 2.727165700091851, "reward_std": 7.9303113839390615, "num_goal": 0.69999999999999996, "num_goals_std": 0.7937253933193773, "goal_after_found": 443.8235294117647, "goal_first_found": 448.52941176470586, "prob_shortest_per_episode_std": 0.27275348516163833, "goal_first_found_std": 234.2063237321413, "reward_per_dist": 0.0094467849750009651}}