{"0": {"prob_shortest_per_episode": 0.2044061302681992, "reward": 35.281408290266988, "dist_ratio_per_episode_std": 0.88499742060245479, "goal_after_found_std": 164.15279519252712, "num_ep": 100, "reward_per_dist_std": 0.0046093224134220543, "dist_ratio_per_episode": 1.5151011956627163, "reward_std": 18.221682047708356, "num_goal": 3.5699999999999998, "num_goals_std": 1.8069587709740362, "goal_after_found": 264.15114917974364, "goal_first_found": 377.08045977011494, "prob_shortest_per_episode_std": 0.23449981782534712, "goal_first_found_std": 263.91178508705252, "reward_per_dist": 0.012016132208808102}}