{"0": {"prob_shortest_per_episode": 0.38233333333333336, "reward": 72.976029853820805, "dist_ratio_per_episode_std": 0.10935815534808872, "goal_after_found_std": 15.893624603751743, "num_ep": 100, "reward_per_dist_std": 0.00084729142383054511, "dist_ratio_per_episode": 1.3523576657381893, "reward_std": 7.801814643510343, "num_goal": 7.4299999999999997, "num_goals_std": 0.77788173908377611, "goal_after_found": 148.46944068908692, "goal_first_found": 171.47, "prob_shortest_per_episode_std": 0.15066074426985146, "goal_first_found_std": 24.862202235522098, "reward_per_dist": 0.0099588144907061527}}