{"0": {"prob_shortest_per_episode": 0.0, "reward": 9.6690238583087922, "dist_ratio_per_episode_std": 0.87531811757526612, "goal_after_found_std": 167.86917752788594, "num_ep": 100, "reward_per_dist_std": 0.0026664647728082331, "dist_ratio_per_episode": 2.5461408671165837, "reward_std": 6.6913492173711253, "num_goal": 1.1200000000000001, "num_goals_std": 0.65238025721200366, "goal_after_found": 420.20833333333331, "goal_first_found": 524.66666666666663, "prob_shortest_per_episode_std": 0.0, "goal_first_found_std": 207.9901172865886, "reward_per_dist": 0.0092479067636237894}}