{"0": {"prob_shortest_per_episode": NaN, "reward": 5.557489182949066, "dist_ratio_per_episode_std": NaN, "goal_after_found_std": 165.91200559332648, "num_ep": 100, "reward_per_dist_std": NaN, "dist_ratio_per_episode": NaN, "reward_std": 8.745194445274068, "num_goal": 0.68999999999999995, "num_goals_std": 0.8682741502543998, "goal_after_found": 472.07999999999998, "goal_first_found": 425.24000000000001, "prob_shortest_per_episode_std": NaN, "goal_first_found_std": 185.99898494346684, "reward_per_dist": -Infinity}}