{"0": {"prob_shortest_per_episode": 0.0, "reward": 6.1056990939378739, "dist_ratio_per_episode_std": 0.90175546569669651, "goal_after_found_std": 141.52160221725828, "num_ep": 100, "reward_per_dist_std": 0.0025246706906477917, "dist_ratio_per_episode": 2.5575130644503306, "reward_std": 9.2850138836844014, "num_goal": 0.75, "num_goals_std": 0.92059763197609845, "goal_after_found": 371.30434782608694, "goal_first_found": 569.04347826086962, "prob_shortest_per_episode_std": 0.0, "goal_first_found_std": 167.58060442427714, "reward_per_dist": 0.008937087300421526}}