{"0": {"prob_shortest_per_episode": NaN, "reward": 3.8702195876836778, "dist_ratio_per_episode_std": NaN, "goal_after_found_std": 111.30561903337299, "num_ep": 100, "reward_per_dist_std": NaN, "dist_ratio_per_episode": NaN, "reward_std": 7.6677210275823553, "num_goal": 0.53000000000000003, "num_goals_std": 0.76752850109947057, "goal_after_found": 364.03846153846155, "goal_first_found": 475.46153846153845, "prob_shortest_per_episode_std": NaN, "goal_first_found_std": 263.27277909616436, "reward_per_dist": NaN}}