{"0": {"prob_shortest_per_episode": 0.35999999999999993, "reward": 46.928435401916502, "dist_ratio_per_episode_std": 0.3310637601214656, "goal_after_found_std": 62.061471294713598, "num_ep": 100, "reward_per_dist_std": 0.0011752128943722073, "dist_ratio_per_episode": 1.4051769923678319, "reward_std": 9.5085884467746027, "num_goal": 4.71, "num_goals_std": 0.95178779147454928, "goal_after_found": 235.33216659545897, "goal_first_found": 233.75999999999999, "prob_shortest_per_episode_std": 0.23190036174568113, "goal_first_found_std": 104.36255267096529, "reward_per_dist": 0.0070293929644866249}}