{"0": {"prob_shortest_per_episode": NaN, "reward": 3.0079238080978392, "dist_ratio_per_episode_std": NaN, "goal_after_found_std": 259.38666975086528, "num_ep": 100, "reward_per_dist_std": NaN, "dist_ratio_per_episode": NaN, "reward_std": 7.0641321954035146, "num_goal": 0.45000000000000001, "num_goals_std": 0.71239034243875032, "goal_after_found": 416.16666666666669, "goal_first_found": 499.11111111111109, "prob_shortest_per_episode_std": NaN, "goal_first_found_std": 248.24246411050291, "reward_per_dist": -Infinity}}