{"0": {"prob_shortest_per_episode": NaN, "reward": 6.2652947688102723, "dist_ratio_per_episode_std": NaN, "goal_after_found_std": 272.43738843124004, "num_ep": 100, "reward_per_dist_std": NaN, "dist_ratio_per_episode": NaN, "reward_std": 8.6610181760977074, "num_goal": 0.77000000000000002, "num_goals_std": 0.87011493493675884, "goal_after_found": 386.328125, "goal_first_found": 401.75, "prob_shortest_per_episode_std": NaN, "goal_first_found_std": 274.54496444116398, "reward_per_dist": NaN}}