{"0": {"prob_shortest_per_episode": 0.0, "reward": -0.64966090619564054, "dist_ratio_per_episode_std": 0.0, "goal_after_found_std": 0.0, "num_ep": 100, "reward_per_dist_std": 0.0, "dist_ratio_per_episode": 1.8946906668736772, "reward_std": 2.9332955713023523, "num_goal": 0.070000000000000007, "num_goals_std": 0.29171904291629636, "goal_after_found": 274.0, "goal_first_found": 861.0, "prob_shortest_per_episode_std": 0.0, "goal_first_found_std": 0.0, "reward_per_dist": 0.01161761590141531}}