{"0": {"prob_shortest_per_episode": 0.36660714285714285, "reward": 72.725950889587409, "dist_ratio_per_episode_std": 0.046446408280922259, "goal_after_found_std": 7.1068847926119805, "num_ep": 100, "reward_per_dist_std": 0.00036903244691898081, "dist_ratio_per_episode": 1.3402274745979874, "reward_std": 6.5746629314305469, "num_goal": 7.4100000000000001, "num_goals_std": 0.64953829756219916, "goal_after_found": 143.91552360534669, "goal_first_found": 172.94999999999999, "prob_shortest_per_episode_std": 0.13516643547041468, "goal_first_found_std": 27.716556423913847, "reward_per_dist": 0.0099825075655795154}}