{"0": {"prob_shortest_per_episode": 0.99714285714285722, "reward": 78.451493072509763, "dist_ratio_per_episode_std": 0.005108410276075343, "goal_after_found_std": 1.7862836533093545, "num_ep": 100, "reward_per_dist_std": 7.459968001409337e-05, "dist_ratio_per_episode": 0.9242808666063449, "reward_std": 3.0115424585636421, "num_goal": 7.9000000000000004, "num_goals_std": 0.29999999999999999, "goal_after_found": 149.48666610717774, "goal_first_found": 137.90000000000001, "prob_shortest_per_episode_std": 0.020000000000000007, "goal_first_found_std": 2.0024984394500782, "reward_per_dist": 0.009114594249720236}}