{"0": {"prob_shortest_per_episode": 0.0, "reward": 2.2803472501039503, "dist_ratio_per_episode_std": 1.3984959234708576, "goal_after_found_std": 263.29234159552976, "num_ep": 100, "reward_per_dist_std": 0.0050265475941410074, "dist_ratio_per_episode": 2.7027071075831413, "reward_std": 6.0778488438648157, "num_goal": 0.37, "num_goals_std": 0.61081912216301792, "goal_after_found": 492.0, "goal_first_found": 495.14285714285717, "prob_shortest_per_episode_std": 0.0, "goal_first_found_std": 280.14966845365689, "reward_per_dist": 0.010192757778071174}}