{"0": {"prob_shortest_per_episode": 0.0, "reward": 61.982662849426269, "dist_ratio_per_episode_std": 0.12832167917290177, "goal_after_found_std": 21.187152856030512, "num_ep": 100, "reward_per_dist_std": 0.00081037844770634341, "dist_ratio_per_episode": 1.3802119328173896, "reward_std": 8.7397384176715942, "num_goal": 7.3799999999999999, "num_goals_std": 0.845931439302264, "goal_after_found": 158.59863082885741, "goal_first_found": 126.75, "prob_shortest_per_episode_std": 0.0, "goal_first_found_std": 30.454022722786558, "reward_per_dist": 0.0072093276235719091}}