{"0": {"prob_shortest_per_episode": 0.051433691756272402, "reward": 33.137757732272149, "dist_ratio_per_episode_std": 0.78380535044314603, "goal_after_found_std": 142.8166233024364, "num_ep": 100, "reward_per_dist_std": 0.0027495285328114657, "dist_ratio_per_episode": 1.5797414232417755, "reward_std": 14.803539791056814, "num_goal": 3.3700000000000001, "num_goals_std": 1.4673445403176444, "goal_after_found": 279.71451593214465, "goal_first_found": 387.02150537634407, "prob_shortest_per_episode_std": 0.11962845492635718, "goal_first_found_std": 271.30901235064061, "reward_per_dist": 0.0078803695567054161}}