{"0": {"prob_shortest_per_episode": NaN, "reward": 4.0445621198415758, "dist_ratio_per_episode_std": NaN, "goal_after_found_std": 182.20557986333276, "num_ep": 100, "reward_per_dist_std": NaN, "dist_ratio_per_episode": NaN, "reward_std": 8.3917551254745142, "num_goal": 0.55000000000000004, "num_goals_std": 0.79214897588774313, "goal_after_found": 420.60000000000002, "goal_first_found": 489.60000000000002, "prob_shortest_per_episode_std": NaN, "goal_first_found_std": 267.83497406674377, "reward_per_dist": -Infinity}}