{"0": {"prob_shortest_per_episode": NaN, "reward": 25.833941859602927, "dist_ratio_per_episode_std": NaN, "goal_after_found_std": 110.87894998994803, "num_ep": 100, "reward_per_dist_std": NaN, "dist_ratio_per_episode": NaN, "reward_std": 9.30047596011417, "num_goal": 2.6400000000000001, "num_goals_std": 0.92217135067188027, "goal_after_found": 344.17962934705946, "goal_first_found": 354.39999999999998, "prob_shortest_per_episode_std": NaN, "goal_first_found_std": 158.49653343562787, "reward_per_dist": -Infinity}}