{"0": {"prob_shortest_per_episode": NaN, "reward": 9.4833429145812982, "dist_ratio_per_episode_std": NaN, "goal_after_found_std": 185.43137342589833, "num_ep": 100, "reward_per_dist_std": NaN, "dist_ratio_per_episode": NaN, "reward_std": 12.905649877461135, "num_goal": 1.3400000000000001, "num_goals_std": 1.185073837362044, "goal_after_found": 364.13281202316284, "goal_first_found": 326.875, "prob_shortest_per_episode_std": NaN, "goal_first_found_std": 190.65098183591923, "reward_per_dist": -Infinity}}