{"0": {"prob_shortest_per_episode": NaN, "reward": 10.89430401802063, "dist_ratio_per_episode_std": NaN, "goal_after_found_std": 188.31701984576884, "num_ep": 100, "reward_per_dist_std": NaN, "dist_ratio_per_episode": NaN, "reward_std": 10.236118497694692, "num_goal": 1.25, "num_goals_std": 1.0136567466356647, "goal_after_found": 416.82264944223255, "goal_first_found": 453.05128205128204, "prob_shortest_per_episode_std": NaN, "goal_first_found_std": 168.80286616808814, "reward_per_dist": -Infinity}}