{"0": {"prob_shortest_per_episode": NaN, "reward": 14.849906886443495, "dist_ratio_per_episode_std": NaN, "goal_after_found_std": 175.50118737887129, "num_ep": 100, "reward_per_dist_std": NaN, "dist_ratio_per_episode": NaN, "reward_std": 9.6198113639839224, "num_goal": 1.52, "num_goals_std": 0.96415766345551601, "goal_after_found": 367.42516996422592, "goal_first_found": 363.38775510204084, "prob_shortest_per_episode_std": NaN, "goal_first_found_std": 178.96731161184903, "reward_per_dist": -Infinity}}