{"0": {"prob_shortest_per_episode": NaN, "reward": 10.374673847854137, "dist_ratio_per_episode_std": NaN, "goal_after_found_std": 206.56815593670632, "num_ep": 100, "reward_per_dist_std": NaN, "dist_ratio_per_episode": NaN, "reward_std": 6.2785926664779099, "num_goal": 1.0600000000000001, "num_goals_std": 0.62960304954788771, "goal_after_found": 437.21052631578948, "goal_first_found": 564.36842105263156, "prob_shortest_per_episode_std": NaN, "goal_first_found_std": 213.3532308357041, "reward_per_dist": -Infinity}}