{"0": {"prob_shortest_per_episode": NaN, "reward": 3.2623131561279295, "dist_ratio_per_episode_std": NaN, "goal_after_found_std": 75.627375995733189, "num_ep": 100, "reward_per_dist_std": NaN, "dist_ratio_per_episode": NaN, "reward_std": 6.0018069053428116, "num_goal": 0.46000000000000002, "num_goals_std": 0.57306195127577608, "goal_after_found": 728.0, "goal_first_found": 253.75, "prob_shortest_per_episode_std": NaN, "goal_first_found_std": 58.413932413423424, "reward_per_dist": -Infinity}}