{"0": {"prob_shortest_per_episode": 0.02, "reward": 37.363088932037357, "dist_ratio_per_episode_std": 0.31687051010916251, "goal_after_found_std": 67.862365135384437, "num_ep": 100, "reward_per_dist_std": 0.0010315760271069451, "dist_ratio_per_episode": 1.4236216142503921, "reward_std": 9.6136951361331455, "num_goal": 3.77, "num_goals_std": 0.96803925540238289, "goal_after_found": 284.70116683959964, "goal_first_found": 306.42000000000002, "prob_shortest_per_episode_std": 0.064031242374328487, "goal_first_found_std": 77.589971001412295, "reward_per_dist": 0.0047153547620190249}}