{"0": {"prob_shortest_per_episode": 0.029000000000000005, "reward": 35.785766630172731, "dist_ratio_per_episode_std": 0.27839895735445608, "goal_after_found_std": 61.26979776349183, "num_ep": 100, "reward_per_dist_std": 0.0008448888137688505, "dist_ratio_per_episode": 1.5093643954946261, "reward_std": 8.6754415050097542, "num_goal": 3.6099999999999999, "num_goals_std": 0.87057452294447502, "goal_after_found": 300.44814816869871, "goal_first_found": 309.09090909090907, "prob_shortest_per_episode_std": 0.086494058883961625, "goal_first_found_std": 109.48087706356712, "reward_per_dist": 0.0043882181834892838}}