{"0": {"goal_first_found": 0, "goal_after_found_std": 0, "num_ep": 100, "reward_std": 4.3371775437452627, "num_goal": 0.23000000000000001, "num_goals_std": 0.42083250825001628, "goal_after_found": 0, "reward": 0.94337960481643679, "goal_first_found_std": 0}}