{"0": {"prob_shortest_per_episode": 0.021499999999999998, "reward": 33.595756931304933, "dist_ratio_per_episode_std": 0.36439712678560304, "goal_after_found_std": 86.102466262565628, "num_ep": 100, "reward_per_dist_std": 0.00091755405592152425, "dist_ratio_per_episode": 1.6436897718547185, "reward_std": 7.9245463353096577, "num_goal": 3.3799999999999999, "num_goals_std": 0.79724525711978989, "goal_after_found": 310.24500030517578, "goal_first_found": 336.54000000000002, "prob_shortest_per_episode_std": 0.074472030543911799, "goal_first_found_std": 101.10365176391998, "reward_per_dist": 0.0040971475258306011}}