{"0": {"prob_shortest_per_episode": NaN, "reward": 18.909370100647212, "dist_ratio_per_episode_std": NaN, "goal_after_found_std": 164.55367290302146, "num_ep": 100, "reward_per_dist_std": NaN, "dist_ratio_per_episode": NaN, "reward_std": 12.325455226956322, "num_goal": 1.9199999999999999, "num_goals_std": 1.2302845199383758, "goal_after_found": 336.51293182373047, "goal_first_found": 315.84482758620692, "prob_shortest_per_episode_std": NaN, "goal_first_found_std": 135.53238596608534, "reward_per_dist": -Infinity}}