{"0": {"prob_shortest_per_episode": NaN, "reward": 31.220152807459236, "dist_ratio_per_episode_std": NaN, "goal_after_found_std": 154.23400250224404, "num_ep": 100, "reward_per_dist_std": NaN, "dist_ratio_per_episode": NaN, "reward_std": 15.342806621554189, "num_goal": 3.1400000000000001, "num_goals_std": 1.5363593329686906, "goal_after_found": 338.53735632183907, "goal_first_found": 325.97701149425285, "prob_shortest_per_episode_std": NaN, "goal_first_found_std": 176.39682126384358, "reward_per_dist": -Infinity}}