{"0": {"prob_shortest_per_episode": NaN, "reward": 10.625339649319649, "dist_ratio_per_episode_std": NaN, "goal_after_found_std": 175.44440202391928, "num_ep": 100, "reward_per_dist_std": NaN, "dist_ratio_per_episode": NaN, "reward_std": 8.0075627131219811, "num_goal": 1.1499999999999999, "num_goals_std": 0.79214897588774291, "goal_after_found": 403.94642857142856, "goal_first_found": 386.14285714285717, "prob_shortest_per_episode_std": NaN, "goal_first_found_std": 173.08167235765447, "reward_per_dist": -Infinity}}