{"0": {"prob_shortest_per_episode": NaN, "reward": 19.123658524751662, "dist_ratio_per_episode_std": NaN, "goal_after_found_std": 57.153078807121638, "num_ep": 100, "reward_per_dist_std": NaN, "dist_ratio_per_episode": NaN, "reward_std": 9.7347951923941025, "num_goal": 3.2799999999999998, "num_goals_std": 0.9389355675444403, "goal_after_found": 268.20614045795639, "goal_first_found": 240.85263157894738, "prob_shortest_per_episode_std": NaN, "goal_first_found_std": 106.6589220411004, "reward_per_dist": -Infinity}}