{"0": {"prob_shortest_per_episode": 0.15136389941077441, "reward": 65.458852076828478, "dist_ratio_per_episode_std": 11.472501467944149, "goal_after_found_std": 88.616947254710354, "num_ep": 100, "reward_per_dist_std": 0.0050208439503077401, "dist_ratio_per_episode": 5.8926962941839234, "reward_std": 32.144576813087824, "num_goal": 6.5700000000000003, "num_goals_std": 3.2225921243620017, "goal_after_found": 179.55967211723328, "goal_first_found": 186.4375, "prob_shortest_per_episode_std": 0.2782157859259578, "goal_first_found_std": 179.12325903434018, "reward_per_dist": 0.010277894271273916}}