{"0": {"prob_shortest_per_episode": NaN, "reward": 5.264444587230682, "dist_ratio_per_episode_std": NaN, "goal_after_found_std": 176.49646981745752, "num_ep": 100, "reward_per_dist_std": NaN, "dist_ratio_per_episode": NaN, "reward_std": 9.381817766240296, "num_goal": 0.78000000000000003, "num_goals_std": 0.87840765023990985, "goal_after_found": 406.19444444444446, "goal_first_found": 447.16666666666669, "prob_shortest_per_episode_std": NaN, "goal_first_found_std": 172.81372437782056, "reward_per_dist": -Infinity}}