{"0": {"prob_shortest_per_episode": 0.090487134588258175, "reward": 36.998643174171448, "dist_ratio_per_episode_std": 13.860466777509842, "goal_after_found_std": 186.61911882935425, "num_ep": 100, "reward_per_dist_std": 0.033891342164064295, "dist_ratio_per_episode": 4.7316940581885252, "reward_std": 26.217419159877497, "num_goal": 3.8100000000000001, "num_goals_std": 2.6332299557767453, "goal_after_found": 243.019341200925, "goal_first_found": 232.0, "prob_shortest_per_episode_std": 0.18003686874925823, "goal_first_found_std": 188.61309306727486, "reward_per_dist": 0.022326320162442816}}