{"0": {"prob_shortest_per_episode": 0.19307580174927108, "reward": 51.900378038883211, "dist_ratio_per_episode_std": 0.30427006966355452, "goal_after_found_std": 40.437041119223721, "num_ep": 100, "reward_per_dist_std": 0.0011777946658029594, "dist_ratio_per_episode": 1.6922046577649767, "reward_std": 11.337899736385335, "num_goal": 5.3700000000000001, "num_goals_std": 1.092291169972549, "goal_after_found": 201.24664742606026, "goal_first_found": 184.01020408163265, "prob_shortest_per_episode_std": 0.19771037931150087, "goal_first_found_std": 83.786109473913854, "reward_per_dist": 0.0085042453839981654}}