{"0": {"prob_shortest_per_episode": 0.005263157894736842, "reward": 36.807074317932127, "dist_ratio_per_episode_std": 0.30470528873179886, "goal_after_found_std": 38.07400800980259, "num_ep": 100, "reward_per_dist_std": 0.001312104161388784, "dist_ratio_per_episode": 1.8212576666513491, "reward_std": 13.24677929817374, "num_goal": 3.8999999999999999, "num_goals_std": 1.2688577540449522, "goal_after_found": 230.85596458033513, "goal_first_found": 370.94736842105266, "prob_shortest_per_episode_std": 0.03588995183417331, "goal_first_found_std": 211.89751089773029, "reward_per_dist": 0.0086194601054268103}}