{"0": {"prob_shortest_per_episode": 0.19538746608430946, "reward": 32.024700500965118, "dist_ratio_per_episode_std": 4.6919010264952492, "goal_after_found_std": 171.98405557769914, "num_ep": 100, "reward_per_dist_std": 0.0082046156282847144, "dist_ratio_per_episode": 4.3457649133612675, "reward_std": 35.43022520455682, "num_goal": 3.3100000000000001, "num_goals_std": 3.560042134582118, "goal_after_found": 251.27594783208141, "goal_first_found": 233.53424657534248, "prob_shortest_per_episode_std": 0.34620880545435567, "goal_first_found_std": 164.21912209011711, "reward_per_dist": 0.011998513723177649}}