{"0": {"prob_shortest_per_episode": 0.16566265060240964, "reward": 28.270549319386483, "dist_ratio_per_episode_std": 1.3859154653404349, "goal_after_found_std": 160.4367288870742, "num_ep": 100, "reward_per_dist_std": 0.0040356815477730745, "dist_ratio_per_episode": 2.28387774212091, "reward_std": 14.504721392640958, "num_goal": 3.0, "num_goals_std": 1.4560219778561037, "goal_after_found": 291.81124473479855, "goal_first_found": 330.90361445783134, "prob_shortest_per_episode_std": 0.30543218219809704, "goal_first_found_std": 191.84359935489564, "reward_per_dist": 0.0090265382604969944}}