{"0": {"prob_shortest_per_episode": 0.27123809523809522, "reward": 46.785406415462496, "dist_ratio_per_episode_std": 0.31397290327163063, "goal_after_found_std": 39.448537849836633, "num_ep": 100, "reward_per_dist_std": 0.0014202559186396709, "dist_ratio_per_episode": 1.6738513704613174, "reward_std": 13.096130452667063, "num_goal": 4.9100000000000001, "num_goals_std": 1.2497599769555754, "goal_after_found": 208.72006848393653, "goal_first_found": 275.5204081632653, "prob_shortest_per_episode_std": 0.23249208895911153, "goal_first_found_std": 158.72297967649303, "reward_per_dist": 0.0068407812594122571}}