{"0": {"prob_shortest_per_episode": 0.28420238095238093, "reward": 63.234435501098631, "dist_ratio_per_episode_std": 0.23310019946203328, "goal_after_found_std": 30.026443196642852, "num_ep": 100, "reward_per_dist_std": 0.00076507919672547434, "dist_ratio_per_episode": 1.7784965043395218, "reward_std": 8.0522369298885295, "num_goal": 6.3799999999999999, "num_goals_std": 0.79724525711979, "goal_after_found": 178.06621452331544, "goal_first_found": 163.27000000000001, "prob_shortest_per_episode_std": 0.10661229149248651, "goal_first_found_std": 9.8365186931149591, "reward_per_dist": 0.0066511346287013431}}