{"0": {"prob_shortest_per_episode": NaN, "reward": 18.225399656891824, "dist_ratio_per_episode_std": NaN, "goal_after_found_std": 166.438673067829, "num_ep": 100, "reward_per_dist_std": NaN, "dist_ratio_per_episode": NaN, "reward_std": 9.5755542700517502, "num_goal": 1.97, "num_goals_std": 0.97421763482293844, "goal_after_found": 314.34595975008875, "goal_first_found": 388.93939393939394, "prob_shortest_per_episode_std": NaN, "goal_first_found_std": 232.11033679721706, "reward_per_dist": NaN}}