{"0": {"prob_shortest_per_episode": 0.0, "reward": 5.0392878305912019, "dist_ratio_per_episode_std": 0.52738943770870972, "goal_after_found_std": 173.44165285318419, "num_ep": 100, "reward_per_dist_std": 0.0027928777665828363, "dist_ratio_per_episode": 1.512488361404257, "reward_std": 8.491752317576946, "num_goal": 0.73999999999999999, "num_goals_std": 0.79523581408284172, "goal_after_found": 464.91666666666669, "goal_first_found": 395.38888888888891, "prob_shortest_per_episode_std": 0.0, "goal_first_found_std": 95.985611704676799, "reward_per_dist": 0.008570105681045305}}