{"0": {"prob_shortest_per_episode": 0.17833333333333332, "reward": 49.513000659942627, "dist_ratio_per_episode_std": 0.37781614943111247, "goal_after_found_std": 40.395719675771517, "num_ep": 100, "reward_per_dist_std": 0.0014769345309549728, "dist_ratio_per_episode": 1.8832302557480174, "reward_std": 8.0224536310667656, "num_goal": 5.0899999999999999, "num_goals_std": 0.80118661995817186, "goal_after_found": 219.9978335571289, "goal_first_found": 161.75, "prob_shortest_per_episode_std": 0.21309231176495633, "goal_first_found_std": 44.343742512332, "reward_per_dist": 0.0078866638256752351}}