{"0": {"prob_shortest_per_episode": 0.31183855864403692, "reward": 124.9674233341217, "dist_ratio_per_episode_std": 1.3882969832254612, "goal_after_found_std": 51.714751545886664, "num_ep": 100, "reward_per_dist_std": 0.014686542650760668, "dist_ratio_per_episode": 1.9083601606609037, "reward_std": 89.225053950717353, "num_goal": 12.56, "num_goals_std": 8.9513350959507711, "goal_after_found": 115.87651404949149, "goal_first_found": 142.35353535353536, "prob_shortest_per_episode_std": 0.37331224262066004, "goal_first_found_std": 92.118754397482491, "reward_per_dist": 0.019895316320198208}}