{"0": {"prob_shortest_per_episode": 0.38761904761904759, "reward": 47.873048877716066, "dist_ratio_per_episode_std": 0.27161071590307273, "goal_after_found_std": 43.673022934494774, "num_ep": 100, "reward_per_dist_std": 0.0014364537714604895, "dist_ratio_per_episode": 1.5449820546088844, "reward_std": 11.257537975928008, "num_goal": 5.0800000000000001, "num_goals_std": 1.064706532336493, "goal_after_found": 220.86659591674805, "goal_first_found": 181.71000000000001, "prob_shortest_per_episode_std": 0.26790824909280564, "goal_first_found_std": 110.88753717167675, "reward_per_dist": 0.0092388284272096419}}