{"0": {"prob_shortest_per_episode": 0.20397619047619048, "reward": 52.522711677551271, "dist_ratio_per_episode_std": 0.32547695322236647, "goal_after_found_std": 70.49842558617037, "num_ep": 100, "reward_per_dist_std": 0.0012092468215562373, "dist_ratio_per_episode": 1.7535985056037759, "reward_std": 10.43022173554891, "num_goal": 5.4100000000000001, "num_goals_std": 1.000949549178179, "goal_after_found": 220.56261917114259, "goal_first_found": 145.08000000000001, "prob_shortest_per_episode_std": 0.19837864771310629, "goal_first_found_std": 50.071285184225097, "reward_per_dist": 0.0082668934420930193}}