{"0": {"prob_shortest_per_episode": 0.29619047619047612, "reward": 68.116791458129882, "dist_ratio_per_episode_std": 0.28165137438406657, "goal_after_found_std": 27.928249940163173, "num_ep": 100, "reward_per_dist_std": 0.0010526459884595096, "dist_ratio_per_episode": 1.7462936526078507, "reward_std": 7.1565312089212423, "num_goal": 6.8799999999999999, "num_goals_std": 0.71105555338524717, "goal_after_found": 172.31383377075196, "goal_first_found": 95.469999999999999, "prob_shortest_per_episode_std": 0.13515213565919937, "goal_first_found_std": 3.505581264212827, "reward_per_dist": 0.00798565802472395}}