{"0": {"prob_shortest_per_episode": 0.4302662197623498, "reward": 101.29029073715211, "dist_ratio_per_episode_std": 8.6716875812386967, "goal_after_found_std": 50.540169622301811, "num_ep": 100, "reward_per_dist_std": 0.02401926730024392, "dist_ratio_per_episode": 3.9024962942536829, "reward_std": 42.084972178728478, "num_goal": 10.19, "num_goals_std": 4.2182816406683896, "goal_after_found": 111.70179569244385, "goal_first_found": 233.63999999999999, "prob_shortest_per_episode_std": 0.39965347545013324, "goal_first_found_std": 185.14991331350927, "reward_per_dist": 0.018246949615426788}}