{"0": {"prob_shortest_per_episode": NaN, "reward": 31.880252655148507, "dist_ratio_per_episode_std": NaN, "goal_after_found_std": 130.27349184984237, "num_ep": 100, "reward_per_dist_std": NaN, "dist_ratio_per_episode": NaN, "reward_std": 14.719878864484718, "num_goal": 3.3599999999999999, "num_goals_std": 1.4867414032036641, "goal_after_found": 294.62241354755969, "goal_first_found": 243.4712643678161, "prob_shortest_per_episode_std": NaN, "goal_first_found_std": 155.45076014428446, "reward_per_dist": -Infinity}}