{"0": {"prob_shortest_per_episode": 0.161, "reward": 52.708959674835206, "dist_ratio_per_episode_std": 0.27657999899280833, "goal_after_found_std": 47.169198218238648, "num_ep": 100, "reward_per_dist_std": 0.0011031571990110906, "dist_ratio_per_episode": 1.7830089588508233, "reward_std": 9.3747474839728095, "num_goal": 5.4199999999999999, "num_goals_std": 0.8964373932405989, "goal_after_found": 213.12883270263671, "goal_first_found": 153.03999999999999, "prob_shortest_per_episode_std": 0.18589453401802261, "goal_first_found_std": 37.251287226081196, "reward_per_dist": 0.0080770363985481711}}