{"0": {"prob_shortest_per_episode": NaN, "reward": 35.106498751640316, "dist_ratio_per_episode_std": NaN, "goal_after_found_std": 112.60962694717018, "num_ep": 100, "reward_per_dist_std": NaN, "dist_ratio_per_episode": NaN, "reward_std": 14.553953549466403, "num_goal": 3.6699999999999999, "num_goals_std": 1.4563996704201769, "goal_after_found": 292.20666656494143, "goal_first_found": 238.6888888888889, "prob_shortest_per_episode_std": NaN, "goal_first_found_std": 106.33298269999079, "reward_per_dist": Infinity}}