{"0": {"prob_shortest_per_episode": 0.3984848484848485, "reward": 19.694876423478128, "dist_ratio_per_episode_std": 1.4806882218089681, "goal_after_found_std": 177.12890069060828, "num_ep": 100, "reward_per_dist_std": 0.0059414095273151776, "dist_ratio_per_episode": 2.3839579610411636, "reward_std": 12.076515961776002, "num_goal": 2.1200000000000001, "num_goals_std": 1.202331069215131, "goal_after_found": 296.25126266479492, "goal_first_found": 361.09090909090907, "prob_shortest_per_episode_std": 0.42874147587728778, "goal_first_found_std": 235.00017583956847, "reward_per_dist": 0.010863728573555166}}