{"0": {"prob_shortest_per_episode": 0.22928571428571423, "reward": 59.68748561859131, "dist_ratio_per_episode_std": 0.27089097773047321, "goal_after_found_std": 27.059639162020279, "num_ep": 100, "reward_per_dist_std": 0.00087956064198512602, "dist_ratio_per_episode": 1.8585083490377925, "reward_std": 7.3653207775061924, "num_goal": 6.0199999999999996, "num_goals_std": 0.73457470688827831, "goal_after_found": 182.7828810119629, "goal_first_found": 167.06999999999999, "prob_shortest_per_episode_std": 0.12594427915251716, "goal_first_found_std": 11.864446889762707, "reward_per_dist": 0.0076770309148215254}}