{"0": {"prob_shortest_per_episode": NaN, "reward": 8.759109089374542, "dist_ratio_per_episode_std": NaN, "goal_after_found_std": 198.16203676949615, "num_ep": 100, "reward_per_dist_std": NaN, "dist_ratio_per_episode": NaN, "reward_std": 9.7626071999287305, "num_goal": 0.91000000000000003, "num_goals_std": 0.98076500753238538, "goal_after_found": 462.73913043478262, "goal_first_found": 343.78260869565219, "prob_shortest_per_episode_std": NaN, "goal_first_found_std": 182.9974949987114, "reward_per_dist": NaN}}