{"0": {"prob_shortest_per_episode": 0.0, "reward": 43.418123435974124, "dist_ratio_per_episode_std": 0.28474159125053439, "goal_after_found_std": 30.204637442244703, "num_ep": 100, "reward_per_dist_std": 0.00099045066386696154, "dist_ratio_per_episode": 1.9037849367026463, "reward_std": 8.7406029091391169, "num_goal": 5.5899999999999999, "num_goals_std": 0.90658700630441424, "goal_after_found": 206.73352325439453, "goal_first_found": 177.84999999999999, "prob_shortest_per_episode_std": 0.0, "goal_first_found_std": 67.020649802877912, "reward_per_dist": 0.0049138814522808119}}