{"0": {"prob_shortest_per_episode": 0.089095238095238075, "reward": 56.351171035766605, "dist_ratio_per_episode_std": 0.25401706380414446, "goal_after_found_std": 29.996265123010453, "num_ep": 100, "reward_per_dist_std": 0.00093497810698130429, "dist_ratio_per_episode": 1.7945205601059055, "reward_std": 7.9592528279016825, "num_goal": 5.71, "num_goals_std": 0.80367904041352234, "goal_after_found": 196.2049998474121, "goal_first_found": 197.93000000000001, "prob_shortest_per_episode_std": 0.13389388122155332, "goal_first_found_std": 59.512898601899742, "reward_per_dist": 0.0066003075675722511}}