{"0": {"prob_shortest_per_episode": 0.0, "reward": 29.832261123657226, "dist_ratio_per_episode_std": 0.01013490045419021, "goal_after_found_std": 4.222259466210005, "num_ep": 100, "reward_per_dist_std": 4.9445293675177782e-05, "dist_ratio_per_episode": 1.4111429147065815, "reward_std": 0.094257344379985661, "num_goal": 3.0, "num_goals_std": 0.0, "goal_after_found": 322.255, "goal_first_found": 305.44, "prob_shortest_per_episode_std": 0.0, "goal_first_found_std": 4.1068722892244898, "reward_per_dist": 0.0054209783798830668}}