{"0": {"prob_shortest_per_episode": 0.26561507936507928, "reward": 82.996047744750982, "dist_ratio_per_episode_std": 0.13363778248867106, "goal_after_found_std": 19.525935068170792, "num_ep": 100, "reward_per_dist_std": 0.00068379234014786117, "dist_ratio_per_episode": 1.4292927863620792, "reward_std": 10.314056108358333, "num_goal": 8.3300000000000001, "num_goals_std": 1.0203430795570674, "goal_after_found": 136.37773803710937, "goal_first_found": 155.22999999999999, "prob_shortest_per_episode_std": 0.11077885946144114, "goal_first_found_std": 2.4570510780201538, "reward_per_dist": 0.0082622459934596267}}