{"0": {"prob_shortest_per_episode": 0.099333333333333315, "reward": 55.292458801269532, "dist_ratio_per_episode_std": 0.24273486777932993, "goal_after_found_std": 26.40263176899494, "num_ep": 100, "reward_per_dist_std": 0.00087948563687750879, "dist_ratio_per_episode": 1.8239507939112491, "reward_std": 7.9656135877361498, "num_goal": 5.6100000000000003, "num_goals_std": 0.7986864215698174, "goal_after_found": 197.74650024414063, "goal_first_found": 197.94999999999999, "prob_shortest_per_episode_std": 0.16728086826917446, "goal_first_found_std": 61.350855739753129, "reward_per_dist": 0.0078923410334612934}}