{"0": {"prob_shortest_per_episode": 0.0, "reward": 10.179241995662451, "dist_ratio_per_episode_std": 0.55536442193129565, "goal_after_found_std": 113.0955517644723, "num_ep": 100, "reward_per_dist_std": 0.0030920288977408497, "dist_ratio_per_episode": 1.7642131131361283, "reward_std": 10.109532198682151, "num_goal": 1.0700000000000001, "num_goals_std": 1.0124722218411724, "goal_after_found": 341.99382697211371, "goal_first_found": 496.25925925925924, "prob_shortest_per_episode_std": 0.0, "goal_first_found_std": 207.59140647891894, "reward_per_dist": 0.0071875069114010802}}