{"0": {"prob_shortest_per_episode": NaN, "reward": 8.9459094919264324, "dist_ratio_per_episode_std": NaN, "goal_after_found_std": 132.26833731486315, "num_ep": 100, "reward_per_dist_std": NaN, "dist_ratio_per_episode": NaN, "reward_std": 10.031938036490356, "num_goal": 0.94999999999999996, "num_goals_std": 1.0037429949942367, "goal_after_found": 312.60666625976563, "goal_first_found": 527.63999999999999, "prob_shortest_per_episode_std": NaN, "goal_first_found_std": 239.36731272251856, "reward_per_dist": NaN}}