{"0": {"prob_shortest_per_episode": NaN, "reward": 7.4416340078413485, "dist_ratio_per_episode_std": NaN, "goal_after_found_std": 167.52752274840719, "num_ep": 100, "reward_per_dist_std": NaN, "dist_ratio_per_episode": NaN, "reward_std": 10.256317094207118, "num_goal": 0.79000000000000004, "num_goals_std": 1.0324243313676795, "goal_after_found": 466.36956521739131, "goal_first_found": 383.04347826086956, "prob_shortest_per_episode_std": NaN, "goal_first_found_std": 222.33865244376739, "reward_per_dist": -Infinity}}