{"0": {"prob_shortest_per_episode": 0.99750000000000005, "reward": 55.337166481018066, "dist_ratio_per_episode_std": 0.0053912310033396383, "goal_after_found_std": 1.8412212885757258, "num_ep": 100, "reward_per_dist_std": 0.00061475653589353901, "dist_ratio_per_episode": 0.88178137185245686, "reward_std": 4.9043281534303036, "num_goal": 5.5999999999999996, "num_goals_std": 0.4898979485566356, "goal_after_found": 199.04800033569336, "goal_first_found": 205.52000000000001, "prob_shortest_per_episode_std": 0.024874685927665497, "goal_first_found_std": 2.7073234014428347, "reward_per_dist": 0.010649317033669821}}