{"0": {"prob_shortest_per_episode": 0.48511904761904762, "reward": 25.831109285801649, "dist_ratio_per_episode_std": 0.88612448894854134, "goal_after_found_std": 208.28922125893394, "num_ep": 100, "reward_per_dist_std": 0.0044298417397108146, "dist_ratio_per_episode": 1.5892872294762204, "reward_std": 11.189011740338758, "num_goal": 2.6099999999999999, "num_goals_std": 1.1215614116043757, "goal_after_found": 372.75694420224147, "goal_first_found": 283.89285714285717, "prob_shortest_per_episode_std": 0.37448392934930047, "goal_first_found_std": 159.89922554512881, "reward_per_dist": 0.010399180824118708}}