{"0": {"prob_shortest_per_episode": 0.01719047619047619, "reward": 59.620100440979002, "dist_ratio_per_episode_std": 0.27507529789432228, "goal_after_found_std": 30.726418237885163, "num_ep": 100, "reward_per_dist_std": 0.0011958624968918064, "dist_ratio_per_episode": 1.601561799878636, "reward_std": 9.646495288543548, "num_goal": 6.0700000000000003, "num_goals_std": 0.98239503256073113, "goal_after_found": 180.08702423095704, "goal_first_found": 202.34, "prob_shortest_per_episode_std": 0.051976337717654579, "goal_first_found_std": 58.743717962008503, "reward_per_dist": 0.0088987688040377249}}