{"0": {"prob_shortest_per_episode": 0.09052380952380952, "reward": 57.703673210144046, "dist_ratio_per_episode_std": 0.25089681286823251, "goal_after_found_std": 27.990876492550559, "num_ep": 100, "reward_per_dist_std": 0.00096377007375790828, "dist_ratio_per_episode": 1.7331138962773993, "reward_std": 7.5897927237517013, "num_goal": 5.8600000000000003, "num_goals_std": 0.76183987818963639, "goal_after_found": 191.32509521484374, "goal_first_found": 189.94, "prob_shortest_per_episode_std": 0.12098939253742852, "goal_first_found_std": 56.218114518364985, "reward_per_dist": 0.0082299281089737615}}