{"0": {"prob_shortest_per_episode": NaN, "reward": 11.174063930213451, "dist_ratio_per_episode_std": NaN, "goal_after_found_std": 100.45119203271008, "num_ep": 100, "reward_per_dist_std": NaN, "dist_ratio_per_episode": NaN, "reward_std": 11.139121249803146, "num_goal": 1.1799999999999999, "num_goals_std": 1.1169601604354562, "goal_after_found": 289.36274539723115, "goal_first_found": 529.44117647058829, "prob_shortest_per_episode_std": NaN, "goal_first_found_std": 154.61702044206072, "reward_per_dist": -Infinity}}