{"0": {"prob_shortest_per_episode": 0.25446428571428564, "reward": 78.6480823135376, "dist_ratio_per_episode_std": 0.17741143265708487, "goal_after_found_std": 20.268454366425491, "num_ep": 100, "reward_per_dist_std": 0.00084011993586577101, "dist_ratio_per_episode": 1.4851381106335151, "reward_std": 10.2095534029114, "num_goal": 7.9000000000000004, "num_goals_std": 1.014889156509222, "goal_after_found": 145.46119033813477, "goal_first_found": 138.88, "prob_shortest_per_episode_std": 0.13105011234044953, "goal_first_found_std": 37.986123782244483, "reward_per_dist": 0.0091544895745520848}}