{"0": {"prob_shortest_per_episode": 0.14845238095238092, "reward": 56.244771156311032, "dist_ratio_per_episode_std": 0.22391458800781705, "goal_after_found_std": 22.72334890714269, "num_ep": 100, "reward_per_dist_std": 0.00085921181993478773, "dist_ratio_per_episode": 1.8047134476341709, "reward_std": 7.0229918862329876, "num_goal": 5.71, "num_goals_std": 0.71126647608333127, "goal_after_found": 194.01483337402342, "goal_first_found": 193.63, "prob_shortest_per_episode_std": 0.15658246941433501, "goal_first_found_std": 53.563169249027816, "reward_per_dist": 0.0079189165435327238}}