{"0": {"prob_shortest_per_episode": 0.42916666666666659, "reward": 23.333753532916308, "dist_ratio_per_episode_std": 0.91932005655123417, "goal_after_found_std": 213.03847727183569, "num_ep": 100, "reward_per_dist_std": 0.0026988132459065286, "dist_ratio_per_episode": 1.6651664734098997, "reward_std": 11.080914977728378, "num_goal": 2.3599999999999999, "num_goals_std": 1.1092339699089639, "goal_after_found": 388.66874961853028, "goal_first_found": 329.47500000000002, "prob_shortest_per_episode_std": 0.38529840527974046, "goal_first_found_std": 179.35802010225248, "reward_per_dist": 0.0062377992829358063}}