{"0": {"prob_shortest_per_episode": NaN, "reward": 15.896389134973287, "dist_ratio_per_episode_std": NaN, "goal_after_found_std": 221.25222561474226, "num_ep": 100, "reward_per_dist_std": NaN, "dist_ratio_per_episode": NaN, "reward_std": 8.3710833042379065, "num_goal": 1.6399999999999999, "num_goals_std": 0.84285230022821911, "goal_after_found": 466.99137931034483, "goal_first_found": 289.39655172413791, "prob_shortest_per_episode_std": NaN, "goal_first_found_std": 177.74778136790579, "reward_per_dist": NaN}}