{"0": {"prob_shortest_per_episode": 0.0, "reward": 6.5538842800259589, "dist_ratio_per_episode_std": 1.9947090875697271, "goal_after_found_std": 213.20451840115084, "num_ep": 100, "reward_per_dist_std": 0.0026220241235338599, "dist_ratio_per_episode": 4.8921056476760523, "reward_std": 8.2683243822313184, "num_goal": 0.69999999999999996, "num_goals_std": 0.83066238629180744, "goal_after_found": 520.16666666666663, "goal_first_found": 279.66666666666669, "prob_shortest_per_episode_std": 0.0, "goal_first_found_std": 87.946953708850359, "reward_per_dist": 0.005455766219787001}}