{"0": {"prob_shortest_per_episode": 0.23732142857142854, "reward": 75.51590400695801, "dist_ratio_per_episode_std": 0.14922031348920989, "goal_after_found_std": 17.537413093472285, "num_ep": 100, "reward_per_dist_std": 0.00075554805913303157, "dist_ratio_per_episode": 1.5164091760461829, "reward_std": 9.7173726528425988, "num_goal": 7.5899999999999999, "num_goals_std": 0.96015623728641164, "goal_after_found": 152.75713104248047, "goal_first_found": 119.70999999999999, "prob_shortest_per_episode_std": 0.14399599379898989, "goal_first_found_std": 79.704992942726008, "reward_per_dist": 0.0089870610850867009}}