{"0": {"prob_shortest_per_episode": 1.0, "reward": 54.410032463073733, "dist_ratio_per_episode_std": 0.0055029576724238277, "goal_after_found_std": 1.5926702956365553, "num_ep": 100, "reward_per_dist_std": 0.00013307166865561405, "dist_ratio_per_episode": 0.8847693816344383, "reward_std": 5.0228453306944552, "num_goal": 5.5, "num_goals_std": 0.5, "goal_after_found": 198.79900009155273, "goal_first_found": 201.0, "prob_shortest_per_episode_std": 0.0, "goal_first_found_std": 2.8390139133156782, "reward_per_dist": 0.0070230696977929994}}