{"0": {"prob_shortest_per_episode": 0.013000000000000001, "reward": 57.864113578796385, "dist_ratio_per_episode_std": 0.23992259477027469, "goal_after_found_std": 27.75256629352462, "num_ep": 100, "reward_per_dist_std": 0.0010357565535886418, "dist_ratio_per_episode": 1.6624781359170593, "reward_std": 7.982908713622284, "num_goal": 5.8700000000000001, "num_goals_std": 0.80814602640859401, "goal_after_found": 183.8133335876465, "goal_first_found": 218.97, "prob_shortest_per_episode_std": 0.053102626007466791, "goal_first_found_std": 57.658556173390259, "reward_per_dist": 0.0085961205573403515}}