{"0": {"prob_shortest_per_episode": 0.0020408163265306124, "reward": 43.372842607498171, "dist_ratio_per_episode_std": 0.068153531645760185, "goal_after_found_std": 19.159572939505004, "num_ep": 100, "reward_per_dist_std": 0.00034182613038211872, "dist_ratio_per_episode": 1.8544629898784333, "reward_std": 9.3457998319539524, "num_goal": 4.5300000000000002, "num_goals_std": 0.85387352693475649, "goal_after_found": 228.73690453354195, "goal_first_found": 259.53061224489795, "prob_shortest_per_episode_std": 0.020099709799583882, "goal_first_found_std": 70.918205843304577, "reward_per_dist": 0.0078430345973698468}}