{"0": {"prob_shortest_per_episode": 0.81140350877192979, "reward": 4.4512676823139188, "dist_ratio_per_episode_std": 0.59605503598223197, "goal_after_found_std": 96.574541202971901, "num_ep": 100, "reward_per_dist_std": 0.0072764371233295915, "dist_ratio_per_episode": 1.4370213859681422, "reward_std": 12.208512145634748, "num_goal": 0.75, "num_goals_std": 1.1779218989389746, "goal_after_found": 175.86842145417867, "goal_first_found": 537.78947368421052, "prob_shortest_per_episode_std": 0.32426491911007932, "goal_first_found_std": 248.59512188705312, "reward_per_dist": 0.020686437131293985}}