{"0": {"prob_shortest_per_episode": 0.51381818181818184, "reward": 111.41209022521973, "dist_ratio_per_episode_std": 0.020759081201599854, "goal_after_found_std": 2.0726650838348859, "num_ep": 100, "reward_per_dist_std": 0.0002111980125819538, "dist_ratio_per_episode": 1.0676150272867881, "reward_std": 3.6805369100686303, "num_goal": 11.16, "num_goals_std": 0.36660605559646725, "goal_after_found": 101.32654525756836, "goal_first_found": 107.12, "prob_shortest_per_episode_std": 0.096024101657727345, "goal_first_found_std": 1.1685888926393233, "reward_per_dist": 0.01208918222575543}}