{"0": {"goal_first_found": 522.79999999999995, "goal_after_found_std": 139.53272814011135, "num_ep": 100, "reward_std": 9.4942411191581151, "num_goal": 0.68999999999999995, "num_goals_std": 0.89101066211353497, "goal_after_found": 273.63333333333333, "reward": 3.7234014475345614, "goal_first_found_std": 264.90053479246387}}