{"0": {"goal_first_found": 112.0, "goal_after_found_std": 0.09999847412109375, "num_ep": 2, "reward_std": 7.5068550109863281, "num_goal": 11.0, "num_goals_std": 0.0, "goal_after_found": 100.09999847412109, "reward": 132.37357711791992, "goal_first_found_std": 1.0}}