{"86": {"goal_first_found": 273.0, "goal_after_found_std": 36.934798375467238, "num_ep": 100, "reward_std": 5.1376298274774399, "num_goal": 3.8399999999999999, "num_goals_std": 0.50438080851673961, "goal_after_found": 290.35249877929687, "reward": 37.096630764007571, "goal_first_found_std": 56.793485541917569}}