{"0": {"goal_first_found": 88.980000000000004, "goal_after_found_std": 1.2893409950127748, "num_ep": 100, "reward_std": 0.025880833935805172, "num_goal": 11.0, "num_goals_std": 0.0, "goal_after_found": 103.98000030517578, "reward": 109.84840660095215, "goal_first_found_std": 1.2081390648431167}}