{"0": {"prob_shortest_per_episode": 0.042500000000000003, "reward": 50.207688217163088, "dist_ratio_per_episode_std": 0.38044434809284666, "goal_after_found_std": 36.554111566159889, "num_ep": 100, "reward_per_dist_std": 0.00099631779817725653, "dist_ratio_per_episode": 2.0821563371184975, "reward_std": 9.6596104454713583, "num_goal": 5.0800000000000001, "num_goals_std": 0.96622978633449297, "goal_after_found": 223.78900009155274, "goal_first_found": 214.13999999999999, "prob_shortest_per_episode_std": 0.09601432184835762, "goal_first_found_std": 36.418132846152339, "reward_per_dist": 0.0072130079790509605}}