{"0": {"prob_shortest_per_episode": 0.34519047619047621, "reward": 73.713133163452142, "dist_ratio_per_episode_std": 0.16835573943640106, "goal_after_found_std": 17.812356628058918, "num_ep": 100, "reward_per_dist_std": 0.00084322868923057746, "dist_ratio_per_episode": 1.4827821751786272, "reward_std": 7.4627832450537293, "num_goal": 7.3899999999999997, "num_goals_std": 0.7469270379361026, "goal_after_found": 154.45257186889648, "goal_first_found": 103.61, "prob_shortest_per_episode_std": 0.12597824921142706, "goal_first_found_std": 35.611204697398257, "reward_per_dist": 0.0092635101856020727}}