{"0": {"prob_shortest_per_episode": NaN, "reward": 14.418842762708664, "dist_ratio_per_episode_std": NaN, "goal_after_found_std": 20.371030287196241, "num_ep": 100, "reward_per_dist_std": NaN, "dist_ratio_per_episode": NaN, "reward_std": 22.407010493787073, "num_goal": 1.6499999999999999, "num_goals_std": 2.2242976419535223, "goal_after_found": 237.81127480899588, "goal_first_found": 222.76470588235293, "prob_shortest_per_episode_std": NaN, "goal_first_found_std": 61.588319568457422, "reward_per_dist": -Infinity}}