{"0": {"goal_first_found": 528.13793103448279, "goal_after_found_std": 127.29240300362964, "num_ep": 100, "reward_std": 14.486353224115966, "num_goal": 1.1000000000000001, "num_goals_std": 1.3892443989449805, "goal_after_found": 224.33333350872172, "reward": 8.056886504888535, "goal_first_found_std": 260.14726918552287}}