{"0": {"goal_first_found": 92.780000000000001, "goal_after_found_std": 1.5365336674635122, "num_ep": 100, "reward_std": 4.9437495609371069, "num_goal": 11.42, "num_goals_std": 0.49355850717012273, "goal_after_found": 99.917545166015628, "reward": 114.07730430603027, "goal_first_found_std": 1.1452510641776328}}