{"0": {"goal_first_found": 0, "goal_after_found_std": 0, "num_ep": 100, "reward_std": 3.9776862961136459, "num_goal": 0.17999999999999999, "num_goals_std": 0.38418745424597095, "goal_after_found": 0, "reward": -1.5660227930545807, "goal_first_found_std": 0}}