{"0": {"prob_shortest_per_episode": 0.62857142857142856, "reward": 6.5629538893699646, "dist_ratio_per_episode_std": 1.1094199725351588, "goal_after_found_std": 222.71607073416439, "num_ep": 100, "reward_per_dist_std": 0.0050159405128953442, "dist_ratio_per_episode": 1.832877365278627, "reward_std": 11.351028302127448, "num_goal": 0.96999999999999997, "num_goals_std": 1.081249277456406, "goal_after_found": 277.24285714285713, "goal_first_found": 465.77142857142854, "prob_shortest_per_episode_std": 0.43659162256960354, "goal_first_found_std": 245.90196486919459, "reward_per_dist": 0.013059159139742602}}