{"0": {"prob_shortest_per_episode": 0.12542857142857142, "reward": 59.867696304321292, "dist_ratio_per_episode_std": 0.23763565944794846, "goal_after_found_std": 23.832189404033144, "num_ep": 100, "reward_per_dist_std": 0.00087990849927101124, "dist_ratio_per_episode": 1.8351663191415337, "reward_std": 8.960387020173302, "num_goal": 6.0199999999999996, "num_goals_std": 0.89420355624432635, "goal_after_found": 179.87026176452636, "goal_first_found": 215.47, "prob_shortest_per_episode_std": 0.14522360583462307, "goal_first_found_std": 59.18436533409816, "reward_per_dist": 0.0077952633198302146}}