{"0": {"prob_shortest_per_episode": 0.77818181818181809, "reward": 119.84895668029785, "dist_ratio_per_episode_std": 0.011689207796329044, "goal_after_found_std": 0.93327983832682082, "num_ep": 100, "reward_per_dist_std": 0.00045704817859169476, "dist_ratio_per_episode": 1.0124256853924676, "reward_std": 0.039017575737290429, "num_goal": 12.0, "num_goals_std": 0.0, "goal_after_found": 96.067272415161128, "goal_first_found": 113.12, "prob_shortest_per_episode_std": 0.060739247594509327, "goal_first_found_std": 1.4985326155943353, "reward_per_dist": 0.015449912820380454}}