{"0": {"prob_shortest_per_episode": 0.017857142857142856, "reward": 25.251965616941451, "dist_ratio_per_episode_std": 0.12436045165533589, "goal_after_found_std": 19.544807420955578, "num_ep": 100, "reward_per_dist_std": 0.0015081753499912713, "dist_ratio_per_episode": 1.8341317408186266, "reward_std": 23.710737909065745, "num_goal": 2.73, "num_goals_std": 2.3488507828297656, "goal_after_found": 227.98958315168107, "goal_first_found": 234.82142857142858, "prob_shortest_per_episode_std": 0.13243211584099399, "goal_first_found_std": 54.246825826447186, "reward_per_dist": 0.007945297593004599}}