{"0": {"goal_first_found": 96.930000000000007, "goal_after_found_std": 1.4628808948340055, "num_ep": 100, "reward_std": 3.2550438620082249, "num_goal": 11.119999999999999, "num_goals_std": 0.32496153618543844, "goal_after_found": 101.7572728729248, "reward": 111.0430451965332, "goal_first_found_std": 2.7285710545998247}}