{"0": {"prob_shortest_per_episode": 0.0, "reward": 44.980537509918214, "dist_ratio_per_episode_std": 0.074749971262357079, "goal_after_found_std": 21.427937413783525, "num_ep": 100, "reward_per_dist_std": 0.00026468717738643328, "dist_ratio_per_episode": 1.8423501048262867, "reward_std": 5.5091778088828276, "num_goal": 4.6799999999999997, "num_goals_std": 0.50754310161798077, "goal_after_found": 230.53000015258789, "goal_first_found": 238.96000000000001, "prob_shortest_per_episode_std": 0.0, "goal_first_found_std": 82.586187707146294, "reward_per_dist": 0.0078355315937578256}}