{"0": {"prob_shortest_per_episode": 0.017666666666666667, "reward": 50.197342453002932, "dist_ratio_per_episode_std": 0.35512581033582774, "goal_after_found_std": 34.847948094838515, "num_ep": 100, "reward_per_dist_std": 0.00089256588741135924, "dist_ratio_per_episode": 2.1334062785906664, "reward_std": 9.4020840339416054, "num_goal": 5.0800000000000001, "num_goals_std": 0.94530418384771775, "goal_after_found": 222.8081671142578, "goal_first_found": 212.75999999999999, "prob_shortest_per_episode_std": 0.066031137436145318, "goal_first_found_std": 37.997926259205251, "reward_per_dist": 0.0070063459522371951}}