{"0": {"prob_shortest_per_episode": 0.0025000000000000001, "reward": 40.03557403564453, "dist_ratio_per_episode_std": 0.10825927111417336, "goal_after_found_std": 11.944224067026671, "num_ep": 100, "reward_per_dist_std": 0.00025357850206461234, "dist_ratio_per_episode": 2.4883973524608654, "reward_std": 2.3796095598772844, "num_goal": 4.0599999999999996, "num_goals_std": 0.23748684174075832, "goal_after_found": 261.02416610717773, "goal_first_found": 249.03999999999999, "prob_shortest_per_episode_std": 0.024874685927665497, "goal_first_found_std": 17.443577614698196, "reward_per_dist": 0.0062029669258877127}}