{"0": {"prob_shortest_per_episode": 0.0, "reward": 42.963136692047122, "dist_ratio_per_episode_std": 0.30625761076005137, "goal_after_found_std": 37.406501881565163, "num_ep": 100, "reward_per_dist_std": 0.0012995746409491479, "dist_ratio_per_episode": 1.6648493788338561, "reward_std": 8.9655030813627921, "num_goal": 5.2999999999999998, "num_goals_std": 0.87749643873921224, "goal_after_found": 209.23050033569336, "goal_first_found": 208.63, "prob_shortest_per_episode_std": 0.0, "goal_first_found_std": 63.601832520769406, "reward_per_dist": 0.0059167971897095281}}