{"0": {"prob_shortest_per_episode": 0.045666666666666661, "reward": 59.510249404907228, "dist_ratio_per_episode_std": 0.081679519467844283, "goal_after_found_std": 8.8980612254555549, "num_ep": 100, "reward_per_dist_std": 0.00036930715204885022, "dist_ratio_per_episode": 1.7477843446024062, "reward_std": 2.6436034279632783, "num_goal": 6.0099999999999998, "num_goals_std": 0.2643860813280457, "goal_after_found": 187.06800003051757, "goal_first_found": 191.21000000000001, "prob_shortest_per_episode_std": 0.091245091192165881, "goal_first_found_std": 17.065928043912528, "reward_per_dist": 0.0080161411853484806}}