{"0": {"prob_shortest_per_episode": 0.081250000000000003, "reward": 63.969596252441406, "dist_ratio_per_episode_std": 0.14698556823809791, "goal_after_found_std": 12.994127595326281, "num_ep": 100, "reward_per_dist_std": 0.00056310629507929689, "dist_ratio_per_episode": 1.7820457502938236, "reward_std": 6.5658666344128989, "num_goal": 6.4299999999999997, "num_goals_std": 0.65199693250812152, "goal_after_found": 170.04533340454103, "goal_first_found": 195.13, "prob_shortest_per_episode_std": 0.10730601003787922, "goal_first_found_std": 51.969924956651603, "reward_per_dist": 0.0066132691573532873}}