{"0": {"prob_shortest_per_episode": 0.13149999999999998, "reward": 56.800093879699709, "dist_ratio_per_episode_std": 0.17376232037831957, "goal_after_found_std": 16.679321865405488, "num_ep": 100, "reward_per_dist_std": 0.00059717272245571524, "dist_ratio_per_episode": 1.9203935543026729, "reward_std": 6.5140366494865951, "num_goal": 5.71, "num_goals_std": 0.6526101439603893, "goal_after_found": 187.2226661682129, "goal_first_found": 167.0, "prob_shortest_per_episode_std": 0.13739430280926662, "goal_first_found_std": 3.4698703145794942, "reward_per_dist": 0.0074642794331790671}}