{"0": {"prob_shortest_per_episode": 0.040333333333333332, "reward": 59.923081932067873, "dist_ratio_per_episode_std": 0.092206760990824838, "goal_after_found_std": 9.9490628827632506, "num_ep": 100, "reward_per_dist_std": 0.00041850382073247149, "dist_ratio_per_episode": 1.7602752735644953, "reward_std": 3.2933082894365633, "num_goal": 6.0499999999999998, "num_goals_std": 0.32787192621509997, "goal_after_found": 188.8741664123535, "goal_first_found": 183.43000000000001, "prob_shortest_per_episode_std": 0.089727364833700529, "goal_first_found_std": 27.784979755256259, "reward_per_dist": 0.0079571277286170534}}