{"0": {"prob_shortest_per_episode": NaN, "reward": 19.831791381835938, "dist_ratio_per_episode_std": NaN, "goal_after_found_std": 45.50452841947714, "num_ep": 100, "reward_per_dist_std": NaN, "dist_ratio_per_episode": NaN, "reward_std": 22.139699415894903, "num_goal": 2.21, "num_goals_std": 2.2013405006949744, "goal_after_found": 234.27692266610953, "goal_first_found": 243.71153846153845, "prob_shortest_per_episode_std": NaN, "goal_first_found_std": 64.654804253185631, "reward_per_dist": NaN}}