{"0": {"goal_first_found": 114.2, "goal_after_found_std": 17.307131952310534, "num_ep": 100, "reward_std": 7.421696673615914, "num_goal": 7.6399999999999997, "num_goals_std": 0.74188947963965635, "goal_after_found": 150.16317886352539, "reward": 76.192417030334468, "goal_first_found_std": 51.504562904659231}}