{"0": {"goal_first_found": 89.079999999999998, "goal_after_found_std": 0.98786145230967304, "num_ep": 100, "reward_std": 4.7401723319154954, "num_goal": 11.66, "num_goals_std": 0.47370877129308042, "goal_after_found": 100.75318161010742, "reward": 116.48246467590332, "goal_first_found_std": 0.89084229805280346}}