{"0": {"prob_shortest_per_episode": 0.0053333333333333332, "reward": 49.259299240112306, "dist_ratio_per_episode_std": 0.34480961600726845, "goal_after_found_std": 32.866811544239617, "num_ep": 100, "reward_per_dist_std": 0.00091155418840116736, "dist_ratio_per_episode": 2.1580300670188324, "reward_std": 9.6758339661628412, "num_goal": 4.9800000000000004, "num_goals_std": 0.96932966528421083, "goal_after_found": 223.10233444213867, "goal_first_found": 233.66, "prob_shortest_per_episode_std": 0.030448499324451296, "goal_first_found_std": 33.575056217376613, "reward_per_dist": 0.0055359270779644573}}