{"0": {"prob_shortest_per_episode": 0.0, "reward": 21.592059973478317, "dist_ratio_per_episode_std": 0.29123692238269555, "goal_after_found_std": 115.09566710186292, "num_ep": 100, "reward_per_dist_std": 0.001647524602178683, "dist_ratio_per_episode": 1.5855714108084547, "reward_std": 9.4248538201496537, "num_goal": 3.4199999999999999, "num_goals_std": 0.87384209099813914, "goal_after_found": 304.32333374023438, "goal_first_found": 210.00999999999999, "prob_shortest_per_episode_std": 0.0, "goal_first_found_std": 28.79669946365382, "reward_per_dist": 0.0046833345873243054}}