{"0": {"goal_first_found": 252.83823529411765, "goal_after_found_std": 130.94899361542616, "num_ep": 100, "reward_std": 31.477221853392237, "num_goal": 3.4900000000000002, "num_goals_std": 3.1384550339299113, "goal_after_found": 198.3249943677117, "reward": 34.276267731040718, "goal_first_found_std": 238.35148355848943}}