{"0": {"prob_shortest_per_episode": 0.39968738361880313, "reward": 119.89418029740453, "dist_ratio_per_episode_std": 0.52264526386218169, "goal_after_found_std": 38.261779930083705, "num_ep": 100, "reward_per_dist_std": 0.0041093373594143492, "dist_ratio_per_episode": 1.4045467538000098, "reward_std": 35.771436001183609, "num_goal": 12.02, "num_goals_std": 3.5804468994805667, "goal_after_found": 97.329858298253527, "goal_first_found": 150.47474747474749, "prob_shortest_per_episode_std": 0.20334028259610631, "goal_first_found_std": 128.60450244520467, "reward_per_dist": 0.016141280990317985}}