{"0": {"prob_shortest_per_episode": 0.7700595238095238, "reward": 97.816807479858397, "dist_ratio_per_episode_std": 0.057918130392653894, "goal_after_found_std": 6.5361367443742528, "num_ep": 100, "reward_per_dist_std": 0.00063848718451808991, "dist_ratio_per_episode": 0.96293750206987772, "reward_std": 5.1095209036618181, "num_goal": 9.8000000000000007, "num_goals_std": 0.5099019513592784, "goal_after_found": 116.58640884399414, "goal_first_found": 122.09999999999999, "prob_shortest_per_episode_std": 0.13442424295623265, "goal_first_found_std": 6.5764732189829527, "reward_per_dist": 0.013624170185350337}}