{"0": {"prob_shortest_per_episode": 0.49400793650793645, "reward": 76.511102409362792, "dist_ratio_per_episode_std": 0.56222949103936204, "goal_after_found_std": 60.895908597962766, "num_ep": 100, "reward_per_dist_std": 0.0032385604204140661, "dist_ratio_per_episode": 1.3988742844297848, "reward_std": 27.070028358313341, "num_goal": 7.6699999999999999, "num_goals_std": 2.7057531299067179, "goal_after_found": 162.86924598693847, "goal_first_found": 172.15000000000001, "prob_shortest_per_episode_std": 0.37529658004127581, "goal_first_found_std": 69.749462363519328, "reward_per_dist": 0.0096683759072097759}}