{"0": {"prob_shortest_per_episode": 0.25678210678210678, "reward": 43.795306739807131, "dist_ratio_per_episode_std": 0.87317669826802924, "goal_after_found_std": 107.33119552641472, "num_ep": 100, "reward_per_dist_std": 0.0017759121667893284, "dist_ratio_per_episode": 2.0993463946520796, "reward_std": 12.529076443189231, "num_goal": 4.4100000000000001, "num_goals_std": 1.2497599769555754, "goal_after_found": 254.07527700096671, "goal_first_found": 260.07070707070704, "prob_shortest_per_episode_std": 0.22516078215042232, "goal_first_found_std": 81.281559841129535, "reward_per_dist": 0.0080654256846745265}}