{"0": {"prob_shortest_per_episode": 0.434611111111111, "reward": 75.323256149291993, "dist_ratio_per_episode_std": 0.56972628854704321, "goal_after_found_std": 63.273946033169011, "num_ep": 100, "reward_per_dist_std": 0.0031242365073941266, "dist_ratio_per_episode": 1.4400032242505258, "reward_std": 28.373003730908437, "num_goal": 7.5499999999999998, "num_goals_std": 2.8368115905008571, "goal_after_found": 166.38730537414551, "goal_first_found": 176.90000000000001, "prob_shortest_per_episode_std": 0.3733516075223276, "goal_first_found_std": 73.746389742142625, "reward_per_dist": 0.010958457481834882}}