{"0": {"prob_shortest_per_episode": 0.040666666666666663, "reward": 38.932502098083496, "dist_ratio_per_episode_std": 1.0185252653203776, "goal_after_found_std": 131.72932238729061, "num_ep": 100, "reward_per_dist_std": 0.0020540775664736701, "dist_ratio_per_episode": 2.4549255232325677, "reward_std": 9.898198441101643, "num_goal": 3.9199999999999999, "num_goals_std": 0.98671171068352059, "goal_after_found": 298.1441662597656, "goal_first_found": 254.43000000000001, "prob_shortest_per_episode_std": 0.10840561691064621, "goal_first_found_std": 107.60225415854445, "reward_per_dist": 0.0073010165264248469}}