{"0": {"prob_shortest_per_episode": 0.26618663594470049, "reward": 32.036528341770172, "dist_ratio_per_episode_std": 1.7474216248244006, "goal_after_found_std": 133.73456855836289, "num_ep": 100, "reward_per_dist_std": 0.0074920922826058559, "dist_ratio_per_episode": 2.4087490498461661, "reward_std": 31.551493791324912, "num_goal": 3.27, "num_goals_std": 3.1459656705056402, "goal_after_found": 201.25104971854918, "goal_first_found": 281.06451612903226, "prob_shortest_per_episode_std": 0.29768713282575821, "goal_first_found_std": 243.07186452063937, "reward_per_dist": 0.015953896845180775}}