{"0": {"prob_shortest_per_episode": 0.29626436781609189, "reward": 20.307668387405574, "dist_ratio_per_episode_std": 1.5322339788842374, "goal_after_found_std": 185.78151251043613, "num_ep": 100, "reward_per_dist_std": 0.070037174560250506, "dist_ratio_per_episode": 2.1686214001093611, "reward_std": 16.646336862624825, "num_goal": 2.1400000000000001, "num_goals_std": 1.6310732662881824, "goal_after_found": 251.93534456450362, "goal_first_found": 229.91379310344828, "prob_shortest_per_episode_std": 0.3700606130253839, "goal_first_found_std": 185.86501261183767, "reward_per_dist": 0.040713450308690759}}