{"0": {"prob_shortest_per_episode": 0.16899999999999996, "reward": 42.190717678070065, "dist_ratio_per_episode_std": 0.88642570258447462, "goal_after_found_std": 114.96549076189768, "num_ep": 100, "reward_per_dist_std": 0.0024893140701621702, "dist_ratio_per_episode": 2.317881480377888, "reward_std": 12.545195485730838, "num_goal": 4.25, "num_goals_std": 1.2519984025548914, "goal_after_found": 279.45550109863279, "goal_first_found": 249.72, "prob_shortest_per_episode_std": 0.2504997227765155, "goal_first_found_std": 99.673374579172346, "reward_per_dist": 0.0076164567955748445}}