{"0": {"prob_shortest_per_episode": 0.16295238095238093, "reward": 66.929673461914064, "dist_ratio_per_episode_std": 0.20677934972004736, "goal_after_found_std": 22.086011076086788, "num_ep": 100, "reward_per_dist_std": 0.00085964456640831924, "dist_ratio_per_episode": 1.6546867469884838, "reward_std": 9.1899220463946278, "num_goal": 6.7199999999999998, "num_goals_std": 0.9173875952943773, "goal_after_found": 164.18249938964843, "goal_first_found": 160.18000000000001, "prob_shortest_per_episode_std": 0.14481449545966762, "goal_first_found_std": 3.9531759384069916, "reward_per_dist": 0.0084585996405903367}}