{"0": {"prob_shortest_per_episode": 0.055333333333333325, "reward": 44.389567184448239, "dist_ratio_per_episode_std": 0.19444397525556975, "goal_after_found_std": 22.922862365227637, "num_ep": 100, "reward_per_dist_std": 0.00066990340893821078, "dist_ratio_per_episode": 2.0223517796478103, "reward_std": 6.4072286404513639, "num_goal": 4.46, "num_goals_std": 0.63906181234681825, "goal_after_found": 236.48633316040039, "goal_first_found": 249.30000000000001, "prob_shortest_per_episode_std": 0.12062061736425216, "goal_first_found_std": 76.5952348387287, "reward_per_dist": 0.0075801546786283137}}