{"0": {"prob_shortest_per_episode": 0.38974999999999993, "reward": 72.12522926330567, "dist_ratio_per_episode_std": 0.58500249574557561, "goal_after_found_std": 65.836014544239973, "num_ep": 100, "reward_per_dist_std": 0.0031431152351979732, "dist_ratio_per_episode": 1.5262656025446037, "reward_std": 28.643094603834566, "num_goal": 7.2300000000000004, "num_goals_std": 2.8630578059131113, "goal_after_found": 174.27416664123535, "goal_first_found": 188.56, "prob_shortest_per_episode_std": 0.35964353386459946, "goal_first_found_std": 94.301889694745768, "reward_per_dist": 0.010441354949671721}}