{"0": {"prob_shortest_per_episode": 0.21720779220779218, "reward": 28.375785762071608, "dist_ratio_per_episode_std": 4.6560811193119989, "goal_after_found_std": 119.20720026490446, "num_ep": 100, "reward_per_dist_std": 0.04615590318268082, "dist_ratio_per_episode": 3.0543930657107783, "reward_std": 23.327731536615854, "num_goal": 2.9100000000000001, "num_goals_std": 2.3370708162141769, "goal_after_found": 215.28910503965434, "goal_first_found": 174.65151515151516, "prob_shortest_per_episode_std": 0.2834305662930246, "goal_first_found_std": 114.93258793932898, "reward_per_dist": 0.027476274674182666}}