{"0": {"goal_first_found": 169.11354166666666, "goal_after_found_std": 66.767868067624633, "num_ep": 1001, "reward_std": 37.087848011655858, "num_goal": 9.2377622377622384, "num_goals_std": 3.4881578722974274, "goal_after_found": 126.59848058621088, "reward": 114.93980106115342, "goal_first_found_std": 126.56056942543334}, "0": {"reward": 116.1065145277977, "goal_after_found_std": 66.78570083050067, "num_ep": 1000, "reward_std": 38.330219924208166, "num_goal": 9.241, "num_goals_std": 3.4883977697504625, "goal_after_found": 126.54988672139125, "goal_first_found": 169.06465067778936, "goal_first_found_std": 126.61747664821466}}