{"0": {"goal_first_found": 233.4909090909091, "goal_after_found_std": 98.545487695603995, "num_ep": 100, "reward_std": 29.967051166853601, "num_goal": 3.0499999999999998, "num_goals_std": 2.9778347838656196, "goal_after_found": 175.02525301846592, "reward": 29.792470663636923, "goal_first_found_std": 214.80154669557177}}