{"0": {"prob_shortest_per_episode": NaN, "reward": 6.4966974115371707, "dist_ratio_per_episode_std": NaN, "goal_after_found_std": 206.4358862890098, "num_ep": 100, "reward_per_dist_std": NaN, "dist_ratio_per_episode": NaN, "reward_std": 7.1609072619458951, "num_goal": 0.81999999999999995, "num_goals_std": 0.63843558798049471, "goal_after_found": 482.61538461538464, "goal_first_found": 382.84615384615387, "prob_shortest_per_episode_std": NaN, "goal_first_found_std": 106.6849035199135, "reward_per_dist": -Infinity}}