{"0": {"prob_shortest_per_episode": 0.27261507936507934, "reward": 70.689478797912599, "dist_ratio_per_episode_std": 0.1521747306643004, "goal_after_found_std": 18.656293908205281, "num_ep": 100, "reward_per_dist_std": 0.0007068349686270483, "dist_ratio_per_episode": 1.5382655308376483, "reward_std": 8.028735834138784, "num_goal": 7.0899999999999999, "num_goals_std": 0.80118661995817186, "goal_after_found": 154.8082145690918, "goal_first_found": 151.38999999999999, "prob_shortest_per_episode_std": 0.1272406572385468, "goal_first_found_std": 43.685442655420118, "reward_per_dist": 0.007693785009707018}}