{"0": {"prob_shortest_per_episode": NaN, "reward": 41.007440423965456, "dist_ratio_per_episode_std": NaN, "goal_after_found_std": 116.48227814310553, "num_ep": 100, "reward_per_dist_std": NaN, "dist_ratio_per_episode": NaN, "reward_std": 11.92325018113859, "num_goal": 4.1299999999999999, "num_goals_std": 1.1887388274974449, "goal_after_found": 277.58857665399108, "goal_first_found": 245.24242424242425, "prob_shortest_per_episode_std": NaN, "goal_first_found_std": 100.35221718085231, "reward_per_dist": Infinity}}