{"0": {"prob_shortest_per_episode": 0.30113378684807252, "reward": 32.051420106142757, "dist_ratio_per_episode_std": 8.6405379630427657, "goal_after_found_std": 178.49483926443293, "num_ep": 100, "reward_per_dist_std": 0.017575007700373353, "dist_ratio_per_episode": 3.9705789272344978, "reward_std": 25.400674313519296, "num_goal": 3.2599999999999998, "num_goals_std": 2.5283196000505948, "goal_after_found": 237.49586704799108, "goal_first_found": 206.72857142857143, "prob_shortest_per_episode_std": 0.32136766510741721, "goal_first_found_std": 172.76680579229759, "reward_per_dist": 0.013967668680213662}}