{"0": {"prob_shortest_per_episode": 0.25575232847960117, "reward": 70.809123296737667, "dist_ratio_per_episode_std": 0.90414419929572598, "goal_after_found_std": 65.007903814454139, "num_ep": 100, "reward_per_dist_std": 0.0026562988866159079, "dist_ratio_per_episode": 2.4342310060088495, "reward_std": 23.374920962853309, "num_goal": 7.1100000000000003, "num_goals_std": 2.3404914013941602, "goal_after_found": 169.54875999990136, "goal_first_found": 154.93939393939394, "prob_shortest_per_episode_std": 0.18367291313109682, "goal_first_found_std": 113.72639665707513, "reward_per_dist": 0.010002704936565868}}