{"0": {"prob_shortest_per_episode": 0.2483982683982684, "reward": 20.800129873752596, "dist_ratio_per_episode_std": 3.8715646219041528, "goal_after_found_std": 189.64002983578024, "num_ep": 100, "reward_per_dist_std": 0.02949697379096184, "dist_ratio_per_episode": 2.9972319535952971, "reward_std": 17.621291163459517, "num_goal": 2.1800000000000002, "num_goals_std": 1.7571567943698139, "goal_after_found": 273.23541176535866, "goal_first_found": 167.87272727272727, "prob_shortest_per_episode_std": 0.30404917150035865, "goal_first_found_std": 148.88959357315798, "reward_per_dist": 0.018990189252307346}}