{"0": {"prob_shortest_per_episode": 0.22288786482334869, "reward": 25.090350575558841, "dist_ratio_per_episode_std": 1.9503618458265091, "goal_after_found_std": 125.7724143957364, "num_ep": 100, "reward_per_dist_std": 0.011457936598701037, "dist_ratio_per_episode": 2.8269308451748874, "reward_std": 21.834080516595954, "num_goal": 2.5800000000000001, "num_goals_std": 2.1917116598676936, "goal_after_found": 230.39516135184996, "goal_first_found": 202.91935483870967, "prob_shortest_per_episode_std": 0.29819187725710272, "goal_first_found_std": 198.54440458782051, "reward_per_dist": 0.015852866212534077}}