{"0": {"prob_shortest_per_episode": 0.37441638843612529, "reward": 106.01642372131347, "dist_ratio_per_episode_std": 0.36063691734917158, "goal_after_found_std": 36.150831630063536, "num_ep": 100, "reward_per_dist_std": 0.0036776957175912862, "dist_ratio_per_episode": 1.4705413628777995, "reward_std": 29.765072696487511, "num_goal": 10.630000000000001, "num_goals_std": 2.9787749159679722, "goal_after_found": 107.9321785736084, "goal_first_found": 180.15000000000001, "prob_shortest_per_episode_std": 0.17830908209206089, "goal_first_found_std": 125.0597757074592, "reward_per_dist": 0.017635053414559752}}