{"0": {"prob_shortest_per_episode": 0.25980952380952371, "reward": 68.950556144714355, "dist_ratio_per_episode_std": 0.21511552573083037, "goal_after_found_std": 23.39986317843675, "num_ep": 100, "reward_per_dist_std": 0.00090536303200555376, "dist_ratio_per_episode": 1.5955165834042255, "reward_std": 8.8117308318328362, "num_goal": 6.9199999999999999, "num_goals_std": 0.87954533709184091, "goal_after_found": 159.85076232910157, "goal_first_found": 160.38999999999999, "prob_shortest_per_episode_std": 0.13584424854937943, "goal_first_found_std": 3.6956596163607927, "reward_per_dist": 0.0087368967256275659}}