{"0": {"prob_shortest_per_episode": 0.0, "reward": 7.0251408094167713, "dist_ratio_per_episode_std": 0.74166702010539343, "goal_after_found_std": 162.20587805317044, "num_ep": 100, "reward_per_dist_std": 0.0019068984024985176, "dist_ratio_per_episode": 2.4395597941433151, "reward_std": 8.3098588709587329, "num_goal": 0.84999999999999998, "num_goals_std": 0.77942286340599476, "goal_after_found": 573.125, "goal_first_found": 376.69999999999999, "prob_shortest_per_episode_std": 0.0, "goal_first_found_std": 119.03533088961444, "reward_per_dist": 0.0054291027120494263}}