{"0": {"prob_shortest_per_episode": 0.028911564625850338, "reward": 40.328432264328001, "dist_ratio_per_episode_std": 0.86737010953306826, "goal_after_found_std": 109.55185125142444, "num_ep": 100, "reward_per_dist_std": 0.0019161398387564676, "dist_ratio_per_episode": 2.3843784365979666, "reward_std": 11.432989031543439, "num_goal": 4.0599999999999996, "num_goals_std": 1.1385956261992227, "goal_after_found": 288.13044178242586, "goal_first_found": 222.33673469387756, "prob_shortest_per_episode_std": 0.093815295338777568, "goal_first_found_std": 86.477075395330132, "reward_per_dist": 0.0072723423176658322}}