{"0": {"prob_shortest_per_episode": 0.0, "reward": 24.196245487858082, "dist_ratio_per_episode_std": 0.0, "goal_after_found_std": 181.51624371397085, "num_ep": 71, "reward_per_dist_std": 0.0, "dist_ratio_per_episode": 0.0, "reward_std": 16.445954093956409, "num_goal": 2.5211267605633805, "num_goals_std": 1.6346525230934259, "goal_after_found": 255.83435385567802, "goal_first_found": 226.87755102040816, "prob_shortest_per_episode_std": 0.0, "goal_first_found_std": 155.64908630464839, "reward_per_dist": 0.0}}