{"0": {"goal_first_found": 169.06153846153848, "goal_after_found_std": 194.69195634702348, "num_ep": 100, "reward_std": 21.714112530279664, "num_goal": 2.7000000000000002, "num_goals_std": 2.1656407827707715, "goal_after_found": 253.17848557692307, "reward": 26.221583102457224, "goal_first_found_std": 129.52064010426196}}