{"0": {"prob_shortest_per_episode": NaN, "reward": 33.373219669852404, "dist_ratio_per_episode_std": NaN, "goal_after_found_std": 147.87118454924021, "num_ep": 100, "reward_per_dist_std": NaN, "dist_ratio_per_episode": NaN, "reward_std": 28.56915183212735, "num_goal": 3.4100000000000001, "num_goals_std": 2.8287629805270003, "goal_after_found": 221.5279698758512, "goal_first_found": 254.01351351351352, "prob_shortest_per_episode_std": NaN, "goal_first_found_std": 232.12324855577833, "reward_per_dist": NaN}}