{"0": {"prob_shortest_per_episode": 0.10438095238095237, "reward": 41.310920200347901, "dist_ratio_per_episode_std": 0.47418240048698429, "goal_after_found_std": 88.981654884395198, "num_ep": 100, "reward_per_dist_std": 0.0011689439514242341, "dist_ratio_per_episode": 2.1646621936797446, "reward_std": 11.209238215798557, "num_goal": 4.1600000000000001, "num_goals_std": 1.1200000000000001, "goal_after_found": 269.82592665547071, "goal_first_found": 253.76767676767676, "prob_shortest_per_episode_std": 0.16194912557459645, "goal_first_found_std": 108.2364441585991, "reward_per_dist": 0.0056375246362126126}}