{"0": {"prob_shortest_per_episode": NaN, "reward": 33.522104158326982, "dist_ratio_per_episode_std": NaN, "goal_after_found_std": 200.19881536890131, "num_ep": 100, "reward_per_dist_std": NaN, "dist_ratio_per_episode": NaN, "reward_std": 26.732762420794607, "num_goal": 3.4100000000000001, "num_goals_std": 2.6649390236926624, "goal_after_found": 246.82844690595354, "goal_first_found": 227.75714285714287, "prob_shortest_per_episode_std": NaN, "goal_first_found_std": 165.8796840840877, "reward_per_dist": -Infinity}}