{"0": {"prob_shortest_per_episode": 0.0, "reward": 22.354176486559798, "dist_ratio_per_episode_std": 0.0, "goal_after_found_std": 163.44629691951874, "num_ep": 89, "reward_per_dist_std": 0.0, "dist_ratio_per_episode": 0.0, "reward_std": 16.606818480080264, "num_goal": 2.3258426966292136, "num_goals_std": 1.6542439863172802, "goal_after_found": 294.46696909124199, "goal_first_found": 160.16363636363636, "prob_shortest_per_episode_std": 0.0, "goal_first_found_std": 130.38485183017568, "reward_per_dist": 0.0}}