{"0": {"goal_first_found": 261.40740740740739, "goal_after_found_std": 171.15754944790103, "num_ep": 100, "reward_std": 16.754360524531148, "num_goal": 1.99, "num_goals_std": 1.6461773901982739, "goal_after_found": 275.82098784270107, "reward": 18.6900744304806, "goal_first_found_std": 219.82733278968431}}