{"0": {"prob_shortest_per_episode": 0.78096428571428556, "reward": 98.30649703979492, "dist_ratio_per_episode_std": 0.050749844925980052, "goal_after_found_std": 6.8833710049840162, "num_ep": 100, "reward_per_dist_std": 0.00056793527068279811, "dist_ratio_per_episode": 0.95770807465185404, "reward_std": 4.784465114547344, "num_goal": 9.8499999999999996, "num_goals_std": 0.47696960070847283, "goal_after_found": 111.82180145263672, "goal_first_found": 123.86, "prob_shortest_per_episode_std": 0.14496221798405662, "goal_first_found_std": 4.0423260630483533, "reward_per_dist": 0.013679724099948509}}