{"0": {"prob_shortest_per_episode": NaN, "reward": 3.8095613184571264, "dist_ratio_per_episode_std": NaN, "goal_after_found_std": 129.38583337271132, "num_ep": 100, "reward_per_dist_std": NaN, "dist_ratio_per_episode": NaN, "reward_std": 7.2116017022986743, "num_goal": 0.58999999999999997, "num_goals_std": 0.61798058221921515, "goal_after_found": 451.14285714285717, "goal_first_found": 369.71428571428572, "prob_shortest_per_episode_std": NaN, "goal_first_found_std": 81.132544616315144, "reward_per_dist": NaN}}