{"0": {"prob_shortest_per_episode": 0.25112978524743229, "reward": 41.046088256426152, "dist_ratio_per_episode_std": 5.5040532436890324, "goal_after_found_std": 196.31920788285015, "num_ep": 100, "reward_per_dist_std": 0.011179087639270589, "dist_ratio_per_episode": 3.4819706717363319, "reward_std": 25.231052700173649, "num_goal": 4.1399999999999997, "num_goals_std": 2.4980792621532246, "goal_after_found": 254.64047591265509, "goal_first_found": 256.70588235294116, "prob_shortest_per_episode_std": 0.24729009778042485, "goal_first_found_std": 210.93315492769472, "reward_per_dist": 0.010459882555520082}}