{"0": {"goal_first_found": 185.55555555555554, "goal_after_found_std": 191.76938358642371, "num_ep": 100, "reward_std": 27.643358616468419, "num_goal": 3.6299999999999999, "num_goals_std": 2.7628065440779599, "goal_after_found": 247.60409884982639, "reward": 35.99178956404328, "goal_first_found_std": 184.50300275250635}}