{"0": {"prob_shortest_per_episode": 0.29002380952380952, "reward": 56.090357570648194, "dist_ratio_per_episode_std": 0.48750420452838444, "goal_after_found_std": 49.128519280150812, "num_ep": 100, "reward_per_dist_std": 0.0020254317159808166, "dist_ratio_per_episode": 1.8297720306033505, "reward_std": 14.006100621678952, "num_goal": 5.6399999999999997, "num_goals_std": 1.4037093716293272, "goal_after_found": 202.97166732788085, "goal_first_found": 188.06, "prob_shortest_per_episode_std": 0.28952747001915313, "goal_first_found_std": 80.979481351759716, "reward_per_dist": 0.0084279020148178493}}