{"0": {"prob_shortest_per_episode": 0.25958333333333333, "reward": 65.581490020751957, "dist_ratio_per_episode_std": 0.32374253915426582, "goal_after_found_std": 32.955413676808618, "num_ep": 100, "reward_per_dist_std": 0.0013220553617029126, "dist_ratio_per_episode": 1.70924649948482, "reward_std": 9.6211881599230225, "num_goal": 6.5700000000000003, "num_goals_std": 0.96182118920306592, "goal_after_found": 181.86578559875488, "goal_first_found": 104.03, "prob_shortest_per_episode_std": 0.17806598109254046, "goal_first_found_std": 3.5873527844358986, "reward_per_dist": 0.0083853868379006324}}