{"0": {"prob_shortest_per_episode": 0.048000000000000001, "reward": 41.704648571014403, "dist_ratio_per_episode_std": 0.62220443794297009, "goal_after_found_std": 64.275142502315461, "num_ep": 100, "reward_per_dist_std": 0.00092540845659549369, "dist_ratio_per_episode": 2.3994214843184167, "reward_std": 7.249678705019452, "num_goal": 4.2000000000000002, "num_goals_std": 0.7211102550927978, "goal_after_found": 259.02566680908205, "goal_first_found": 260.24000000000001, "prob_shortest_per_episode_std": 0.10454345189122721, "goal_first_found_std": 98.998901004001056, "reward_per_dist": 0.0067002149267102618}}