{"0": {"prob_shortest_per_episode": 0.22716894977168947, "reward": 37.66253194063902, "dist_ratio_per_episode_std": 16.045451107759476, "goal_after_found_std": 180.1564733501354, "num_ep": 100, "reward_per_dist_std": 0.023377039718067236, "dist_ratio_per_episode": 4.5458595524681593, "reward_std": 30.338512141517597, "num_goal": 3.7999999999999998, "num_goals_std": 3.0298514815086235, "goal_after_found": 242.80516961502701, "goal_first_found": 231.50684931506851, "prob_shortest_per_episode_std": 0.25450636317714043, "goal_first_found_std": 217.90887395961448, "reward_per_dist": 0.017534279212013181}}