{"0": {"prob_shortest_per_episode": 0.17604761904761904, "reward": 65.050524597167964, "dist_ratio_per_episode_std": 0.14877690706794303, "goal_after_found_std": 17.405301593670107, "num_ep": 100, "reward_per_dist_std": 0.00081916810562829929, "dist_ratio_per_episode": 1.5066779186621029, "reward_std": 6.2147839884687492, "num_goal": 6.5300000000000002, "num_goals_std": 0.62377880695002785, "goal_after_found": 171.12830917358397, "goal_first_found": 173.90000000000001, "prob_shortest_per_episode_std": 0.17937843678314971, "goal_first_found_std": 22.150169299578728, "reward_per_dist": 0.0092826783358559706}}