{"0": {"prob_shortest_per_episode": 0.19388095238095235, "reward": 61.196568450927735, "dist_ratio_per_episode_std": 0.34638675739449837, "goal_after_found_std": 37.871393740840261, "num_ep": 100, "reward_per_dist_std": 0.0012708577294568975, "dist_ratio_per_episode": 1.754477367125493, "reward_std": 10.158521576974115, "num_goal": 6.1299999999999999, "num_goals_std": 1.0164152694642088, "goal_after_found": 188.63352355957031, "goal_first_found": 159.75, "prob_shortest_per_episode_std": 0.19513215912250223, "goal_first_found_std": 4.5329350315220713, "reward_per_dist": 0.0082968065647902618}}