{"0": {"prob_shortest_per_episode": 0.5798849206349207, "reward": 74.192700195312497, "dist_ratio_per_episode_std": 0.22282641335912898, "goal_after_found_std": 25.957251683560877, "num_ep": 100, "reward_per_dist_std": 0.0015965926903670682, "dist_ratio_per_episode": 1.3111719872173575, "reward_std": 10.223483078942587, "num_goal": 7.4500000000000002, "num_goals_std": 1.0234744745229363, "goal_after_found": 146.74952781677246, "goal_first_found": 180.99000000000001, "prob_shortest_per_episode_std": 0.19594629503654504, "goal_first_found_std": 66.313421718382159, "reward_per_dist": 0.010620624058918617}}