{"0": {"prob_shortest_per_episode": NaN, "reward": 45.27953682526946, "dist_ratio_per_episode_std": NaN, "goal_after_found_std": 162.18755540730049, "num_ep": 100, "reward_per_dist_std": NaN, "dist_ratio_per_episode": NaN, "reward_std": 28.923697858319173, "num_goal": 4.5800000000000001, "num_goals_std": 2.898896341713515, "goal_after_found": 231.65721130371094, "goal_first_found": 247.26436781609195, "prob_shortest_per_episode_std": NaN, "goal_first_found_std": 207.08571492995023, "reward_per_dist": -Infinity}}