{"0": {"prob_shortest_per_episode": 0.42919047619047618, "reward": 68.290846786499017, "dist_ratio_per_episode_std": 0.30148935225233731, "goal_after_found_std": 38.504284078274601, "num_ep": 100, "reward_per_dist_std": 0.0014060203469961939, "dist_ratio_per_episode": 1.5209256381303371, "reward_std": 11.382062908821636, "num_goal": 6.8399999999999999, "num_goals_std": 1.1377170122662315, "goal_after_found": 174.81906761169432, "goal_first_found": 104.84, "prob_shortest_per_episode_std": 0.17427244398260572, "goal_first_found_std": 16.740203105100012, "reward_per_dist": 0.0079936018351007259}}