{"0": {"prob_shortest_per_episode": 0.0, "reward": 61.935866279602052, "dist_ratio_per_episode_std": 0.20408276291808095, "goal_after_found_std": 39.461143733058535, "num_ep": 100, "reward_per_dist_std": 0.0015359358868520787, "dist_ratio_per_episode": 1.201426137726096, "reward_std": 17.516832307763146, "num_goal": 7.5499999999999998, "num_goals_std": 1.7342145196024628, "goal_after_found": 148.20623779296875, "goal_first_found": 109.94, "prob_shortest_per_episode_std": 0.0, "goal_first_found_std": 29.501464370434221, "reward_per_dist": 0.0081615898296751154}}