{"0": {"prob_shortest_per_episode": 0.0, "reward": 3.903335507810116, "dist_ratio_per_episode_std": 0.9329267440767911, "goal_after_found_std": 229.19205919926634, "num_ep": 100, "reward_per_dist_std": 0.0039153057919753898, "dist_ratio_per_episode": 2.1756833136926321, "reward_std": 5.6614609801787097, "num_goal": 0.40999999999999998, "num_goals_std": 0.56736231810017135, "goal_after_found": 470.0, "goal_first_found": 410.75, "prob_shortest_per_episode_std": 0.0, "goal_first_found_std": 195.07354382386146, "reward_per_dist": 0.0074276274516900491}}