{"0": {"prob_shortest_per_episode": 0.23454319312528268, "reward": 33.884065981432798, "dist_ratio_per_episode_std": 2.3404353036600551, "goal_after_found_std": 164.78691547154983, "num_ep": 100, "reward_per_dist_std": 0.013605347881179853, "dist_ratio_per_episode": 2.9490301001386339, "reward_std": 28.827130358115085, "num_goal": 3.4199999999999999, "num_goals_std": 2.8850649906024644, "goal_after_found": 234.89462724372521, "goal_first_found": 230.35820895522389, "prob_shortest_per_episode_std": 0.27400053628642324, "goal_first_found_std": 215.85088146595089, "reward_per_dist": 0.0124868436694006}}