{"0": {"prob_shortest_per_episode": 0.29108333333333331, "reward": 54.179395198822021, "dist_ratio_per_episode_std": 0.62725190384390328, "goal_after_found_std": 64.119979172669332, "num_ep": 100, "reward_per_dist_std": 0.002049381504923209, "dist_ratio_per_episode": 1.9007252566000838, "reward_std": 16.406333461034066, "num_goal": 5.4500000000000002, "num_goals_std": 1.6454482671904334, "goal_after_found": 210.72168632507325, "goal_first_found": 216.25999999999999, "prob_shortest_per_episode_std": 0.28551121230629056, "goal_first_found_std": 118.87334604527626, "reward_per_dist": 0.0083716879520923607}}