{"0": {"prob_shortest_per_episode": 0.20929761904761904, "reward": 66.49975379943848, "dist_ratio_per_episode_std": 0.14585828822943342, "goal_after_found_std": 16.841858856706388, "num_ep": 100, "reward_per_dist_std": 0.00083028179642895836, "dist_ratio_per_episode": 1.4800813325818414, "reward_std": 7.0817550476583095, "num_goal": 6.6699999999999999, "num_goals_std": 0.70788417131618364, "goal_after_found": 166.76777465820314, "goal_first_found": 171.84, "prob_shortest_per_episode_std": 0.18613647790540541, "goal_first_found_std": 18.550859818348041, "reward_per_dist": 0.0094238986133762578}}