{"0": {"prob_shortest_per_episode": 0.34412345024589919, "reward": 60.619937476068735, "dist_ratio_per_episode_std": 1.2571138738374827, "goal_after_found_std": 79.164867155477467, "num_ep": 100, "reward_per_dist_std": 0.0033060934378157034, "dist_ratio_per_episode": 2.1976013874317295, "reward_std": 26.113267034326149, "num_goal": 6.0899999999999999, "num_goals_std": 2.615702582481426, "goal_after_found": 196.33242751140983, "goal_first_found": 192.32653061224491, "prob_shortest_per_episode_std": 0.26051119795851213, "goal_first_found_std": 150.36294698741062, "reward_per_dist": 0.0091078371326156603}}