{"0": {"goal_first_found": 198.65625, "goal_after_found_std": 114.05763242024059, "num_ep": 73, "reward_std": 22.881628617492506, "num_goal": 4.6164383561643838, "num_goals_std": 2.236865082405501, "goal_after_found": 211.43084168434143, "reward": 45.718271542008814, "goal_first_found_std": 138.95212965599879}}