{"0": {"prob_shortest_per_episode": NaN, "reward": 30.907655624076725, "dist_ratio_per_episode_std": NaN, "goal_after_found_std": 193.33387570733262, "num_ep": 100, "reward_per_dist_std": NaN, "dist_ratio_per_episode": NaN, "reward_std": 25.069095488824132, "num_goal": 3.1200000000000001, "num_goals_std": 2.5071098898931417, "goal_after_found": 283.86533703523526, "goal_first_found": 238.01470588235293, "prob_shortest_per_episode_std": NaN, "goal_first_found_std": 202.34147699655844, "reward_per_dist": Infinity}}