{"0": {"prob_shortest_per_episode": 0.21666666666666665, "reward": 26.731408546864987, "dist_ratio_per_episode_std": 5.8221984666028987, "goal_after_found_std": 119.75640901429868, "num_ep": 10, "reward_per_dist_std": 0.0047877807899632252, "dist_ratio_per_episode": 5.2931831687132753, "reward_std": 29.390570043404601, "num_goal": 2.7000000000000002, "num_goals_std": 2.9342801502242422, "goal_after_found": 249.32499999999999, "goal_first_found": 187.80000000000001, "prob_shortest_per_episode_std": 0.19436506316151, "goal_first_found_std": 129.01224748061713, "reward_per_dist": 0.013115293612634188}}