{"0": {"prob_shortest_per_episode": 0.47621825396825396, "reward": 82.032061233520508, "dist_ratio_per_episode_std": 0.16207085472672805, "goal_after_found_std": 16.353513555358766, "num_ep": 100, "reward_per_dist_std": 0.0012559439618587045, "dist_ratio_per_episode": 1.2035388645469229, "reward_std": 8.7868086033803454, "num_goal": 8.2200000000000006, "num_goals_std": 0.87840765023990997, "goal_after_found": 142.14198020935058, "goal_first_found": 108.29000000000001, "prob_shortest_per_episode_std": 0.17107618520926457, "goal_first_found_std": 22.426009453311124, "reward_per_dist": 0.011293280249352292}}