{"0": {"prob_shortest_per_episode": 0.31369047619047619, "reward": 55.537618713378905, "dist_ratio_per_episode_std": 0.55939063237715758, "goal_after_found_std": 69.448254626202498, "num_ep": 100, "reward_per_dist_std": 0.0020819828259795881, "dist_ratio_per_episode": 1.858903046295606, "reward_std": 15.862408437587991, "num_goal": 5.5899999999999999, "num_goals_std": 1.5943337166352594, "goal_after_found": 214.23307189941406, "goal_first_found": 190.78999999999999, "prob_shortest_per_episode_std": 0.2685193724411058, "goal_first_found_std": 77.66161149499797, "reward_per_dist": 0.0068907624073205253}}