{"0": {"prob_shortest_per_episode": 0.47770944251826608, "reward": 97.02619958877564, "dist_ratio_per_episode_std": 0.25395832683944253, "goal_after_found_std": 38.823091898306586, "num_ep": 100, "reward_per_dist_std": 0.0033706113723487429, "dist_ratio_per_episode": 1.2124511412154859, "reward_std": 29.493101316733423, "num_goal": 9.7400000000000002, "num_goals_std": 2.9516774891576483, "goal_after_found": 117.87794387817382, "goal_first_found": 175.75999999999999, "prob_shortest_per_episode_std": 0.24520843613630938, "goal_first_found_std": 153.66060783427872, "reward_per_dist": 0.01698494322129657}}