{"0": {"prob_shortest_per_episode": NaN, "reward": 4.4062539138644929, "dist_ratio_per_episode_std": NaN, "goal_after_found_std": 229.34324167064523, "num_ep": 100, "reward_per_dist_std": NaN, "dist_ratio_per_episode": NaN, "reward_std": 7.24407223061346, "num_goal": 0.46000000000000002, "num_goals_std": 0.72691127381544995, "goal_after_found": 478.44999999999999, "goal_first_found": 371.0, "prob_shortest_per_episode_std": NaN, "goal_first_found_std": 206.61703705164297, "reward_per_dist": -Infinity}}