{"0": {"prob_shortest_per_episode": 0.28281905433068222, "reward": 42.732451586853713, "dist_ratio_per_episode_std": 2.0396761992759198, "goal_after_found_std": 119.39341374743182, "num_ep": 100, "reward_per_dist_std": 0.0083105920749862987, "dist_ratio_per_episode": 2.5005756969789728, "reward_std": 25.910906112128263, "num_goal": 4.29, "num_goals_std": 2.5934340168972874, "goal_after_found": 218.01457445011582, "goal_first_found": 221.82558139534885, "prob_shortest_per_episode_std": 0.25239607104507616, "goal_first_found_std": 170.02545581371623, "reward_per_dist": 0.010505743181400254}}