{"0": {"prob_shortest_per_episode": 0.3544761904761905, "reward": 73.579937973022467, "dist_ratio_per_episode_std": 0.23052385949526782, "goal_after_found_std": 24.98726059239139, "num_ep": 100, "reward_per_dist_std": 0.0014950095249310609, "dist_ratio_per_episode": 1.3370462784158483, "reward_std": 10.885685635701916, "num_goal": 7.3799999999999999, "num_goals_std": 1.084250893474384, "goal_after_found": 157.60811889648437, "goal_first_found": 137.84, "prob_shortest_per_episode_std": 0.22618221288164167, "goal_first_found_std": 30.90848427212179, "reward_per_dist": 0.010440833063971}}