{"0": {"prob_shortest_per_episode": 0.57065476190476194, "reward": 72.111891441345222, "dist_ratio_per_episode_std": 0.22204463846993777, "goal_after_found_std": 25.84004791590332, "num_ep": 100, "reward_per_dist_std": 0.0015076099679401842, "dist_ratio_per_episode": 1.3273890049935968, "reward_std": 9.6162859739989219, "num_goal": 7.25, "num_goals_std": 0.96306801421291111, "goal_after_found": 153.87898872375487, "goal_first_found": 156.91999999999999, "prob_shortest_per_episode_std": 0.1870031114459762, "goal_first_found_std": 61.182624984549328, "reward_per_dist": 0.010503895592315899}}