{"0": {"goal_first_found": 220.72289156626505, "goal_after_found_std": 91.083970717951573, "num_ep": 100, "reward_std": 27.52270157501486, "num_goal": 4.2999999999999998, "num_goals_std": 2.7586228448267445, "goal_after_found": 207.78101183420205, "reward": 42.586143276281653, "goal_first_found_std": 180.5916857052276}}