{"0": {"prob_shortest_per_episode": 0.35594047619047614, "reward": 76.078000946044924, "dist_ratio_per_episode_std": 0.19484956713974277, "goal_after_found_std": 23.15000391311953, "num_ep": 100, "reward_per_dist_std": 0.0013450421493061619, "dist_ratio_per_episode": 1.3298248832779429, "reward_std": 10.929546380124666, "num_goal": 7.6299999999999999, "num_goals_std": 1.092291169972549, "goal_after_found": 151.76786109924316, "goal_first_found": 130.81999999999999, "prob_shortest_per_episode_std": 0.21119073309785558, "goal_first_found_std": 28.302784315328413, "reward_per_dist": 0.0090142538183623656}}