{"0": {"prob_shortest_per_episode": 0.33229253143324033, "reward": 84.44492477416992, "dist_ratio_per_episode_std": 0.49657807472557114, "goal_after_found_std": 47.478703353534122, "num_ep": 100, "reward_per_dist_std": 0.0036365415554537131, "dist_ratio_per_episode": 1.3338055990452529, "reward_std": 35.69677330651205, "num_goal": 8.4800000000000004, "num_goals_std": 3.573457709278228, "goal_after_found": 133.24647981293347, "goal_first_found": 232.34693877551021, "prob_shortest_per_episode_std": 0.24540617887248659, "goal_first_found_std": 186.98903722317337, "reward_per_dist": 0.012945866898384409}}