{"0": {"goal_first_found": 242.12676056338029, "goal_after_found_std": 193.0862166639597, "num_ep": 100, "reward_std": 26.575436252278422, "num_goal": 3.6099999999999999, "num_goals_std": 2.6566708490138558, "goal_after_found": 243.179018477319, "reward": 35.817915226258336, "goal_first_found_std": 220.9853688087386}}