{"0": {"prob_shortest_per_episode": 0.32716627084758948, "reward": 48.614107532631607, "dist_ratio_per_episode_std": 8.7486378474073856, "goal_after_found_std": 121.32450749635159, "num_ep": 100, "reward_per_dist_std": 0.017290640020676713, "dist_ratio_per_episode": 3.4544586132604236, "reward_std": 25.939487055002687, "num_goal": 4.8799999999999999, "num_goals_std": 2.5972292929196685, "goal_after_found": 211.97794266585464, "goal_first_found": 208.30769230769232, "prob_shortest_per_episode_std": 0.27436018181493815, "goal_first_found_std": 185.27815099879342, "reward_per_dist": 0.015740832209845811}}