{"0": {"prob_shortest_per_episode": NaN, "reward": 34.820993595328183, "dist_ratio_per_episode_std": NaN, "goal_after_found_std": 181.45868604768557, "num_ep": 100, "reward_per_dist_std": NaN, "dist_ratio_per_episode": NaN, "reward_std": 28.939390550585877, "num_goal": 3.5099999999999998, "num_goals_std": 2.8965324096236174, "goal_after_found": 245.82755184173584, "goal_first_found": 276.43055555555554, "prob_shortest_per_episode_std": NaN, "goal_first_found_std": 268.69348637790529, "reward_per_dist": -Infinity}}