{"0": {"prob_shortest_per_episode": NaN, "reward": 6.3756328688561918, "dist_ratio_per_episode_std": NaN, "goal_after_found_std": 144.28324338254828, "num_ep": 100, "reward_per_dist_std": NaN, "dist_ratio_per_episode": NaN, "reward_std": 6.6156157868906247, "num_goal": 0.66000000000000003, "num_goals_std": 0.66663333249995826, "goal_after_found": 432.88888888888891, "goal_first_found": 460.22222222222223, "prob_shortest_per_episode_std": NaN, "goal_first_found_std": 197.43791022765038, "reward_per_dist": NaN}}