{"0": {"prob_shortest_per_episode": NaN, "reward": 42.156635622046885, "dist_ratio_per_episode_std": NaN, "goal_after_found_std": 159.27128398658331, "num_ep": 100, "reward_per_dist_std": NaN, "dist_ratio_per_episode": NaN, "reward_std": 26.656829929816634, "num_goal": 4.2400000000000002, "num_goals_std": 2.6650328328183877, "goal_after_found": 250.04115470798536, "goal_first_found": 231.26436781609195, "prob_shortest_per_episode_std": NaN, "goal_first_found_std": 215.43270863250612, "reward_per_dist": Infinity}}