{"0": {"prob_shortest_per_episode": 0.0, "reward": 70.988093338012689, "dist_ratio_per_episode_std": 0.087570238761597211, "goal_after_found_std": 11.320101995222874, "num_ep": 100, "reward_per_dist_std": 0.00069728676659508481, "dist_ratio_per_episode": 1.1281818278025304, "reward_std": 5.8538082287159776, "num_goal": 8.3000000000000007, "num_goals_std": 0.60827625302982213, "goal_after_found": 137.30559555053711, "goal_first_found": 147.34, "prob_shortest_per_episode_std": 0.0, "goal_first_found_std": 28.181987154918655, "reward_per_dist": 0.0089661906412378048}}