{"0": {"prob_shortest_per_episode": 0.27100000000000002, "reward": 109.67600723266601, "dist_ratio_per_episode_std": 0.017984249316332142, "goal_after_found_std": 1.8100547182287763, "num_ep": 100, "reward_per_dist_std": 0.00024076678201832914, "dist_ratio_per_episode": 0.97361655884036746, "reward_std": 0.11560471484445085, "num_goal": 11.0, "num_goals_std": 0.0, "goal_after_found": 103.24900001525879, "goal_first_found": 94.760000000000005, "prob_shortest_per_episode_std": 0.13288717018583848, "goal_first_found_std": 10.827852972773504, "reward_per_dist": 0.013257148488667185}}