{"0": {"prob_shortest_per_episode": 0.58916666666666684, "reward": 41.517123489379884, "dist_ratio_per_episode_std": 0.017645160017044047, "goal_after_found_std": 13.001183907800762, "num_ep": 100, "reward_per_dist_std": 0.00065557510673952492, "dist_ratio_per_episode": 0.87223050925259149, "reward_std": 5.7500814466907375, "num_goal": 4.1799999999999997, "num_goals_std": 0.57236352085016751, "goal_after_found": 256.64499938964843, "goal_first_found": 239.40000000000001, "prob_shortest_per_episode_std": 0.29468792344143024, "goal_first_found_std": 104.36809857422909, "reward_per_dist": 0.0070618391499157563}}