{"0": {"goal_first_found": 273.39795918367349, "goal_after_found_std": 111.59548063970182, "num_ep": 100, "reward_std": 11.10633599117776, "num_goal": 3.8900000000000001, "num_goals_std": 1.1126095451684748, "goal_after_found": 292.00340130864356, "reward": 38.586859140396115, "goal_first_found_std": 133.8668802523168}}