{"0": {"prob_shortest_per_episode": 0.47811447811447816, "reward": 38.525606031417844, "dist_ratio_per_episode_std": 0.1845496994712239, "goal_after_found_std": 54.487960377197105, "num_ep": 100, "reward_per_dist_std": 0.0011510605420205742, "dist_ratio_per_episode": 0.90575530591668107, "reward_std": 4.4435367564638844, "num_goal": 3.8900000000000001, "num_goals_std": 0.44485952839070447, "goal_after_found": 278.90740797254773, "goal_first_found": 271.28282828282829, "prob_shortest_per_episode_std": 0.29171737379948293, "goal_first_found_std": 54.784433460396158, "reward_per_dist": 0.011276928136443499}}