{"0": {"prob_shortest_per_episode": NaN, "reward": 42.959680076688528, "dist_ratio_per_episode_std": NaN, "goal_after_found_std": 22.926574127051325, "num_ep": 100, "reward_per_dist_std": NaN, "dist_ratio_per_episode": NaN, "reward_std": 33.721771210956696, "num_goal": 4.3300000000000001, "num_goals_std": 3.3706230877984562, "goal_after_found": 161.80063456873739, "goal_first_found": 156.95161290322579, "prob_shortest_per_episode_std": NaN, "goal_first_found_std": 54.601024278279368, "reward_per_dist": -Infinity}}