{"0": {"prob_shortest_per_episode": 0.12421428571428571, "reward": 72.254095268249515, "dist_ratio_per_episode_std": 0.17648397188625067, "goal_after_found_std": 17.071748325755173, "num_ep": 100, "reward_per_dist_std": 0.00083490768039549133, "dist_ratio_per_episode": 1.630727273285538, "reward_std": 9.8196918739518235, "num_goal": 7.25, "num_goals_std": 0.98361577864530014, "goal_after_found": 157.51801193237304, "goal_first_found": 93.780000000000001, "prob_shortest_per_episode_std": 0.12896074434790783, "goal_first_found_std": 1.8632230140270383, "reward_per_dist": 0.0084575596638449962}}