{"0": {"prob_shortest_per_episode": 0.44895926924228807, "reward": 39.398566836118697, "dist_ratio_per_episode_std": 0.20102253511443832, "goal_after_found_std": 22.957796416609359, "num_ep": 100, "reward_per_dist_std": 0.0012362702865228842, "dist_ratio_per_episode": 1.3517957025484379, "reward_std": 36.994792758842713, "num_goal": 3.9700000000000002, "num_goals_std": 3.6971745969050471, "goal_after_found": 150.52300823859449, "goal_first_found": 175.83018867924528, "prob_shortest_per_episode_std": 0.19511672759282514, "goal_first_found_std": 57.428457822659041, "reward_per_dist": 0.010242399387498781}}