{"0": {"prob_shortest_per_episode": 0.005681818181818182, "reward": 31.016604213416578, "dist_ratio_per_episode_std": 0.63470447686902332, "goal_after_found_std": 155.13868948754035, "num_ep": 100, "reward_per_dist_std": 0.0017228840840322402, "dist_ratio_per_episode": 1.6872280764882965, "reward_std": 15.449638581471113, "num_goal": 3.1200000000000001, "num_goals_std": 1.5445387661046259, "goal_after_found": 344.16534077037466, "goal_first_found": 337.25, "prob_shortest_per_episode_std": 0.052996471892550093, "goal_first_found_std": 156.52586556511704, "reward_per_dist": 0.0065227760857215714}}