{"0": {"prob_shortest_per_episode": 0.0045000000000000005, "reward": 30.515328636169432, "dist_ratio_per_episode_std": 0.79807228451328016, "goal_after_found_std": 144.37101328998412, "num_ep": 100, "reward_per_dist_std": 0.001474437744724996, "dist_ratio_per_episode": 1.8541839935314968, "reward_std": 14.695516162278343, "num_goal": 3.0699999999999998, "num_goals_std": 1.4714278779471321, "goal_after_found": 315.99531846635796, "goal_first_found": 343.83146067415731, "prob_shortest_per_episode_std": 0.031697791721190929, "goal_first_found_std": 179.94151583941246, "reward_per_dist": 0.0040325454345519172}}