{"0": {"prob_shortest_per_episode": 0.73999999999999999, "reward": 49.667136497497559, "dist_ratio_per_episode_std": 0.0043465253829557517, "goal_after_found_std": 1.4974979131871937, "num_ep": 100, "reward_per_dist_std": 0.00037709957971284624, "dist_ratio_per_episode": 0.83818544900679204, "reward_std": 0.05532754883012099, "num_goal": 5.0, "num_goals_std": 0.0, "goal_after_found": 215.5, "goal_first_found": 206.71000000000001, "prob_shortest_per_episode_std": 0.23162469643800934, "goal_first_found_std": 2.479092575923699, "reward_per_dist": 0.011027334152588579}}