{"0": {"prob_shortest_per_episode": 0.11172222222222221, "reward": 86.72106700897217, "dist_ratio_per_episode_std": 0.47199049693314632, "goal_after_found_std": 47.197795604697568, "num_ep": 100, "reward_per_dist_std": 0.002837333922955469, "dist_ratio_per_episode": 1.3735773470457311, "reward_std": 25.957608131879041, "num_goal": 8.6999999999999993, "num_goals_std": 2.5980762113533156, "goal_after_found": 144.13961143493651, "goal_first_found": 125.40000000000001, "prob_shortest_per_episode_std": 0.13833644574811885, "goal_first_found_std": 41.395410373615093, "reward_per_dist": 0.010773642824859058}}