{"0": {"prob_shortest_per_episode": 0.13040404040404041, "reward": 82.314611282348636, "dist_ratio_per_episode_std": 0.48394359247772428, "goal_after_found_std": 48.30290269445937, "num_ep": 100, "reward_per_dist_std": 0.0028402164884060023, "dist_ratio_per_episode": 1.4109703189976739, "reward_std": 25.157009888632793, "num_goal": 8.2599999999999998, "num_goals_std": 2.5203967941576186, "goal_after_found": 148.94605560302733, "goal_first_found": 164.41999999999999, "prob_shortest_per_episode_std": 0.14322502154031946, "goal_first_found_std": 63.56133730500013, "reward_per_dist": 0.00927187804047944}}