{"0": {"prob_shortest_per_episode": 0.652061855670103, "reward": 39.075386314392091, "dist_ratio_per_episode_std": 0.43531782360107246, "goal_after_found_std": 120.36437741115208, "num_ep": 100, "reward_per_dist_std": 0.0015195455813991636, "dist_ratio_per_episode": 1.1280776538677997, "reward_std": 11.7102558401193, "num_goal": 3.9399999999999999, "num_goals_std": 1.1732007500849972, "goal_after_found": 305.15206169836301, "goal_first_found": 280.30927835051546, "prob_shortest_per_episode_std": 0.30507597435026917, "goal_first_found_std": 140.97951601041467, "reward_per_dist": 0.0061938055554228667}}