{"0": {"goal_first_found": 342.9111111111111, "goal_after_found_std": 100.9168963560865, "num_ep": 100, "reward_std": 12.481493496222722, "num_goal": 3.4300000000000002, "num_goals_std": 1.2510395677195827, "goal_after_found": 296.81296284993488, "reward": 33.994223384857179, "goal_first_found_std": 193.0357850787974}}