{"0": {"prob_shortest_per_episode": 0.20202777777777781, "reward": 107.05984634399414, "dist_ratio_per_episode_std": 0.048680362583197349, "goal_after_found_std": 5.0366116104138028, "num_ep": 100, "reward_per_dist_std": 0.00049638862528833256, "dist_ratio_per_episode": 0.98787543636933806, "reward_std": 5.000319336961673, "num_goal": 10.74, "num_goals_std": 0.50239426748321869, "goal_after_found": 107.03744445800781, "goal_first_found": 116.38, "prob_shortest_per_episode_std": 0.13276665167238458, "goal_first_found_std": 6.2654289557858691, "reward_per_dist": 0.013118152347161231}}