{"0": {"prob_shortest_per_episode": NaN, "reward": 34.831016673967241, "dist_ratio_per_episode_std": NaN, "goal_after_found_std": 26.705888221953398, "num_ep": 100, "reward_per_dist_std": NaN, "dist_ratio_per_episode": NaN, "reward_std": 38.08615943172051, "num_goal": 3.5099999999999998, "num_goals_std": 3.8013024083858413, "goal_after_found": 150.46755744086371, "goal_first_found": 161.82222222222222, "prob_shortest_per_episode_std": NaN, "goal_first_found_std": 51.618811768531259, "reward_per_dist": NaN}}