{"0": {"prob_shortest_per_episode": 0.14127777777777778, "reward": 83.197223663330078, "dist_ratio_per_episode_std": 0.42381203281961471, "goal_after_found_std": 40.923130669731215, "num_ep": 100, "reward_per_dist_std": 0.0026523488527178426, "dist_ratio_per_episode": 1.3770484266504708, "reward_std": 24.325943192951129, "num_goal": 8.3499999999999996, "num_goals_std": 2.4387496796514396, "goal_after_found": 145.4325, "goal_first_found": 152.53999999999999, "prob_shortest_per_episode_std": 0.16341316076470433, "goal_first_found_std": 45.905864549096563, "reward_per_dist": 0.010634639660620065}}