{"0": {"prob_shortest_per_episode": 0.0, "reward": 58.482767333984377, "dist_ratio_per_episode_std": 0.23646270504335329, "goal_after_found_std": 26.733617975842659, "num_ep": 100, "reward_per_dist_std": 0.00071151526620448502, "dist_ratio_per_episode": 1.8722576794012753, "reward_std": 7.4509371686781618, "num_goal": 5.8700000000000001, "num_goals_std": 0.74370693152612199, "goal_after_found": 193.54357131958008, "goal_first_found": 183.94, "prob_shortest_per_episode_std": 0.0, "goal_first_found_std": 37.818730808952331, "reward_per_dist": 0.007665336274623691}}