{"0": {"prob_shortest_per_episode": 0.42103571428571435, "reward": 69.821431236267088, "dist_ratio_per_episode_std": 0.17734176801424759, "goal_after_found_std": 19.50933443996313, "num_ep": 100, "reward_per_dist_std": 0.0011008606555113611, "dist_ratio_per_episode": 1.4263450696958493, "reward_std": 7.9465164948671054, "num_goal": 7.0099999999999998, "num_goals_std": 0.79366239674057892, "goal_after_found": 159.31249977111815, "goal_first_found": 167.56, "prob_shortest_per_episode_std": 0.18229880151246142, "goal_first_found_std": 53.185772533639117, "reward_per_dist": 0.0097391389737778583}}