{"0": {"prob_shortest_per_episode": NaN, "reward": 30.500498304367067, "dist_ratio_per_episode_std": NaN, "goal_after_found_std": 151.05692252315467, "num_ep": 100, "reward_per_dist_std": NaN, "dist_ratio_per_episode": NaN, "reward_std": 13.645505519793778, "num_goal": 3.0699999999999998, "num_goals_std": 1.365686640485291, "goal_after_found": 340.87178091569382, "goal_first_found": 334.57954545454544, "prob_shortest_per_episode_std": NaN, "goal_first_found_std": 163.87715199272881, "reward_per_dist": Infinity}}