{"0": {"prob_shortest_per_episode": 0.13223015873015873, "reward": 68.950058937072754, "dist_ratio_per_episode_std": 0.21629446760956828, "goal_after_found_std": 21.574833888300539, "num_ep": 100, "reward_per_dist_std": 0.00105467140218064, "dist_ratio_per_episode": 1.5983621159493373, "reward_std": 13.022395992311633, "num_goal": 6.9299999999999997, "num_goals_std": 1.3057947771376632, "goal_after_found": 156.51652389526367, "goal_first_found": 206.97, "prob_shortest_per_episode_std": 0.13845825052274094, "goal_first_found_std": 73.844898943664347, "reward_per_dist": 0.0087548036463533756}}