{"0": {"prob_shortest_per_episode": 0.16077380952380951, "reward": 74.165652427673336, "dist_ratio_per_episode_std": 0.13536339719627175, "goal_after_found_std": 16.385387398082319, "num_ep": 100, "reward_per_dist_std": 0.00074328512272078123, "dist_ratio_per_episode": 1.4771684719416067, "reward_std": 6.9802236640511559, "num_goal": 7.4500000000000002, "num_goals_std": 0.69821200218844715, "goal_after_found": 151.34895217895507, "goal_first_found": 99.859999999999999, "prob_shortest_per_episode_std": 0.14285919724051929, "goal_first_found_std": 23.347385292576121, "reward_per_dist": 0.0079960400017726647}}