{"0": {"goal_first_found": 207.09999999999999, "goal_after_found_std": 1.8541760299389052, "num_ep": 100, "reward_std": 0.053560447625301433, "num_goal": 5.0, "num_goals_std": 0.0, "goal_after_found": 214.41249999999999, "reward": 49.677641181945802, "goal_first_found_std": 2.2869193252058544}}