{"0": {"prob_shortest_per_episode": 0.77249999999999996, "reward": 49.661125297546384, "dist_ratio_per_episode_std": 0.0053075167005761648, "goal_after_found_std": 1.7307422540632675, "num_ep": 100, "reward_per_dist_std": 4.6138111815088145e-05, "dist_ratio_per_episode": 0.84223895437654717, "reward_std": 0.052188997651099703, "num_goal": 5.0, "num_goals_std": 0.0, "goal_after_found": 225.8125, "goal_first_found": 206.96000000000001, "prob_shortest_per_episode_std": 0.20029665498954297, "goal_first_found_std": 2.3061656488639319, "reward_per_dist": 0.0068564767762825394}}