{"0": {"goal_first_found": 171.73737373737373, "goal_after_found_std": 46.207463970264968, "num_ep": 100, "reward_std": 42.288992410796375, "num_goal": 10.9, "num_goals_std": 4.2367440328629717, "goal_after_found": 111.84561188052399, "reward": 108.68667401313782, "goal_first_found_std": 155.59001979487442}}