{"0": {"goal_first_found": 262.39705882352939, "goal_after_found_std": 193.57682189466433, "num_ep": 100, "reward_std": 30.186684008690801, "num_goal": 3.5600000000000001, "num_goals_std": 3.0077233915371937, "goal_after_found": 236.70816410289092, "reward": 35.106711703119799, "goal_first_found_std": 233.63654149289499}}