{"0": {"goal_first_found": 208.36144578313252, "goal_after_found_std": 111.56741456245324, "num_ep": 98, "reward_std": 26.656555452341472, "num_goal": 4.3061224489795915, "num_goals_std": 2.65502282270565, "goal_after_found": 222.63436246205526, "reward": 42.620861240234987, "goal_first_found_std": 199.45731060689707}}