{"0": {"prob_shortest_per_episode": 0.16082142857142856, "reward": 53.599180793762208, "dist_ratio_per_episode_std": 0.45895261481831617, "goal_after_found_std": 55.045958981177314, "num_ep": 100, "reward_per_dist_std": 0.0012095038183311086, "dist_ratio_per_episode": 1.8891497262215671, "reward_std": 10.77208836650245, "num_goal": 5.3799999999999999, "num_goals_std": 1.074988372030135, "goal_after_found": 205.05676284790039, "goal_first_found": 194.78, "prob_shortest_per_episode_std": 0.22250704433548071, "goal_first_found_std": 96.357831025817518, "reward_per_dist": 0.0064763381337211243}}