{"0": {"prob_shortest_per_episode": 0.0025000000000000001, "reward": 56.919803199768069, "dist_ratio_per_episode_std": 0.17792606621339482, "goal_after_found_std": 20.977047447405813, "num_ep": 100, "reward_per_dist_std": 0.00086001542633498543, "dist_ratio_per_episode": 1.7335605688476483, "reward_std": 6.5756965694492333, "num_goal": 5.71, "num_goals_std": 0.65261014396038919, "goal_after_found": 186.39599975585938, "goal_first_found": 193.25999999999999, "prob_shortest_per_episode_std": 0.024874685927665497, "goal_first_found_std": 44.595878733353828, "reward_per_dist": 0.008328103337012515}}