{"0": {"prob_shortest_per_episode": NaN, "reward": 43.588338207304474, "dist_ratio_per_episode_std": NaN, "goal_after_found_std": 151.47262196995834, "num_ep": 100, "reward_per_dist_std": NaN, "dist_ratio_per_episode": NaN, "reward_std": 29.599799928916006, "num_goal": 4.4000000000000004, "num_goals_std": 2.9529646120466801, "goal_after_found": 224.239633993669, "goal_first_found": 210.68181818181819, "prob_shortest_per_episode_std": NaN, "goal_first_found_std": 177.5354347123762, "reward_per_dist": Infinity}}