{"0": {"goal_first_found": 167.43157894736842, "goal_after_found_std": 93.914956722080689, "num_ep": 100, "reward_std": 33.18353302474322, "num_goal": 6.5800000000000001, "num_goals_std": 3.3201807179730447, "goal_after_found": 199.73971091822574, "reward": 65.543016548156743, "goal_first_found_std": 145.63022044903059}}