{"0": {"goal_first_found": 239.33333333333334, "goal_after_found_std": 134.18578374799202, "num_ep": 100, "reward_std": 27.151339651151432, "num_goal": 3.1600000000000001, "num_goals_std": 2.6710297639674478, "goal_after_found": 228.5214724465022, "reward": 30.734344999548046, "goal_first_found_std": 218.62593987745734}}