{"0": {"prob_shortest_per_episode": NaN, "reward": 44.656043574810028, "dist_ratio_per_episode_std": NaN, "goal_after_found_std": 33.946585918157616, "num_ep": 100, "reward_per_dist_std": NaN, "dist_ratio_per_episode": NaN, "reward_std": 18.462590130052387, "num_goal": 5.3300000000000001, "num_goals_std": 1.9029188106695463, "goal_after_found": 170.66637560786035, "goal_first_found": 154.39795918367346, "prob_shortest_per_episode_std": NaN, "goal_first_found_std": 32.998991881916993, "reward_per_dist": -Infinity}}