{"0": {"prob_shortest_per_episode": 0.37685824315003885, "reward": 111.09927547454834, "dist_ratio_per_episode_std": 0.53576035534290745, "goal_after_found_std": 34.850146826639957, "num_ep": 100, "reward_per_dist_std": 0.0044826361134694265, "dist_ratio_per_episode": 1.5129187141486222, "reward_std": 40.975862174933717, "num_goal": 11.140000000000001, "num_goals_std": 4.1061417413430821, "goal_after_found": 105.70312515258789, "goal_first_found": 178.06, "prob_shortest_per_episode_std": 0.21889685328110645, "goal_first_found_std": 173.29672934016961, "reward_per_dist": 0.018460112423170052}}