{"0": {"goal_first_found": 247.14942528735631, "goal_after_found_std": 160.9107634446521, "num_ep": 100, "reward_std": 26.438199003031386, "num_goal": 4.5199999999999996, "num_goals_std": 2.5941472587345538, "goal_after_found": 227.66623845593682, "reward": 44.424351933300493, "goal_first_found_std": 212.74600520234162}}