{"0": {"prob_shortest_per_episode": 0.3979166666666667, "reward": 52.653280544281003, "dist_ratio_per_episode_std": 0.76585693804537103, "goal_after_found_std": 77.634747215911617, "num_ep": 100, "reward_per_dist_std": 0.0019003797853890776, "dist_ratio_per_episode": 1.9839825563160138, "reward_std": 13.225239686871673, "num_goal": 5.29, "num_goals_std": 1.3213250924734607, "goal_after_found": 211.42133331298828, "goal_first_found": 233.08000000000001, "prob_shortest_per_episode_std": 0.25115116906401658, "goal_first_found_std": 100.03516181823269, "reward_per_dist": 0.008100908257348995}}