{"0": {"prob_shortest_per_episode": 0.54476190476190478, "reward": 82.161406631469731, "dist_ratio_per_episode_std": 0.24533188915616014, "goal_after_found_std": 24.942085596693055, "num_ep": 100, "reward_per_dist_std": 0.0012594786373951743, "dist_ratio_per_episode": 1.3656360161467884, "reward_std": 12.547261927229608, "num_goal": 8.2599999999999998, "num_goals_std": 1.2539537471533786, "goal_after_found": 136.54589317321776, "goal_first_found": 162.43000000000001, "prob_shortest_per_episode_std": 0.17318315962450223, "goal_first_found_std": 75.523142810664325, "reward_per_dist": 0.010003627445610033}}