{"0": {"goal_first_found": 268.35820895522386, "goal_after_found_std": 169.62671603829565, "num_ep": 100, "reward_std": 25.370262797905209, "num_goal": 3.0499999999999998, "num_goals_std": 2.5114736709748722, "goal_after_found": 219.12732195498339, "reward": 29.411302948892118, "goal_first_found_std": 268.64128562650382}}