{"0": {"goal_first_found": 239.32911392405063, "goal_after_found_std": 96.240519257042067, "num_ep": 100, "reward_std": 28.169390709893154, "num_goal": 4.5099999999999998, "num_goals_std": 2.7910392329739833, "goal_after_found": 201.27754163138474, "reward": 44.550230738539248, "goal_first_found_std": 165.63836783551952}}