{"0": {"prob_shortest_per_episode": 0.0, "reward": 47.535806942095114, "dist_ratio_per_episode_std": 0.0, "goal_after_found_std": 179.37515231886522, "num_ep": 82, "reward_per_dist_std": 0.0, "dist_ratio_per_episode": 0.0, "reward_std": 29.566887399010074, "num_goal": 4.8170731707317076, "num_goals_std": 2.9678276886921848, "goal_after_found": 231.52906836926098, "goal_first_found": 205.49295774647888, "prob_shortest_per_episode_std": 0.0, "goal_first_found_std": 197.13203362924307, "reward_per_dist": 0.0}}