{"0": {"prob_shortest_per_episode": NaN, "reward": 31.322258555144071, "dist_ratio_per_episode_std": NaN, "goal_after_found_std": 228.09009057978912, "num_ep": 100, "reward_per_dist_std": NaN, "dist_ratio_per_episode": NaN, "reward_std": 27.951203257409929, "num_goal": 3.2000000000000002, "num_goals_std": 2.7604347483684522, "goal_after_found": 257.72388989997631, "goal_first_found": 233.89393939393941, "prob_shortest_per_episode_std": NaN, "goal_first_found_std": 217.09822722974815, "reward_per_dist": -Infinity}}