{"0": {"prob_shortest_per_episode": 0.0025000000000000001, "reward": 59.081398391723631, "dist_ratio_per_episode_std": 0.090326693092068436, "goal_after_found_std": 10.190538244644781, "num_ep": 100, "reward_per_dist_std": 0.00045263924575191167, "dist_ratio_per_episode": 1.665913885898064, "reward_std": 4.1910112976858507, "num_goal": 5.9199999999999999, "num_goals_std": 0.4166533331199932, "goal_after_found": 179.55399993896484, "goal_first_found": 203.75999999999999, "prob_shortest_per_episode_std": 0.024874685927665497, "goal_first_found_std": 57.739781779982508, "reward_per_dist": 0.0085160227280217694}}