{"0": {"prob_shortest_per_episode": 0.23606144258318171, "reward": 36.17653220705688, "dist_ratio_per_episode_std": 1.6196539790423108, "goal_after_found_std": 129.91561839094035, "num_ep": 100, "reward_per_dist_std": 0.049909977782468536, "dist_ratio_per_episode": 2.7366720992611406, "reward_std": 28.234641067768102, "num_goal": 3.6800000000000002, "num_goals_std": 2.7959971387682074, "goal_after_found": 213.78322302776834, "goal_first_found": 257.21739130434781, "prob_shortest_per_episode_std": 0.26321817045123969, "goal_first_found_std": 252.65511060521584, "reward_per_dist": 0.021644832356786565}}