{"0": {"prob_shortest_per_episode": NaN, "reward": 33.121367831379175, "dist_ratio_per_episode_std": NaN, "goal_after_found_std": 12.083362753146101, "num_ep": 100, "reward_per_dist_std": NaN, "dist_ratio_per_episode": NaN, "reward_std": 28.380893962332223, "num_goal": 3.3399999999999999, "num_goals_std": 2.8221268575313903, "goal_after_found": 187.37442542766703, "goal_first_found": 202.18965517241378, "prob_shortest_per_episode_std": NaN, "goal_first_found_std": 61.619650050084559, "reward_per_dist": -Infinity}}