{"0": {"prob_shortest_per_episode": NaN, "reward": 43.533547010486949, "dist_ratio_per_episode_std": NaN, "goal_after_found_std": 169.19521385859125, "num_ep": 100, "reward_per_dist_std": NaN, "dist_ratio_per_episode": NaN, "reward_std": 29.193969640200432, "num_goal": 4.4000000000000004, "num_goals_std": 2.9086079144497976, "goal_after_found": 236.23409568972704, "goal_first_found": 185.85365853658536, "prob_shortest_per_episode_std": NaN, "goal_first_found_std": 164.22397866798241, "reward_per_dist": -Infinity}}