{"0": {"prob_shortest_per_episode": 0.22474999999999998, "reward": 54.375682563781737, "dist_ratio_per_episode_std": 0.46676707995086836, "goal_after_found_std": 50.224580054603727, "num_ep": 100, "reward_per_dist_std": 0.0015683914264497966, "dist_ratio_per_episode": 1.8400214539323354, "reward_std": 11.43439656951411, "num_goal": 5.46, "num_goals_std": 1.1438531374263043, "goal_after_found": 200.59167854309081, "goal_first_found": 200.81, "prob_shortest_per_episode_std": 0.26078055773270986, "goal_first_found_std": 76.252959942549111, "reward_per_dist": 0.0082782545164781073}}