{"0": {"prob_shortest_per_episode": 0.19809618291761147, "reward": 43.065311997085807, "dist_ratio_per_episode_std": 5.2874811252530405, "goal_after_found_std": 133.09387943431506, "num_ep": 100, "reward_per_dist_std": 0.034660925920191925, "dist_ratio_per_episode": 3.7310396265011696, "reward_std": 28.767285907238357, "num_goal": 4.3700000000000001, "num_goals_std": 2.8342723934018763, "goal_after_found": 214.17706907363166, "goal_first_found": 231.86904761904762, "prob_shortest_per_episode_std": 0.23983708547787994, "goal_first_found_std": 246.81874879400033, "reward_per_dist": 0.018468141863262094}}