{"0": {"prob_shortest_per_episode": NaN, "reward": 34.465362005755303, "dist_ratio_per_episode_std": NaN, "goal_after_found_std": 153.72584752508342, "num_ep": 100, "reward_per_dist_std": NaN, "dist_ratio_per_episode": NaN, "reward_std": 29.171208462408977, "num_goal": 3.5099999999999998, "num_goals_std": 2.9034290072257667, "goal_after_found": 218.099763158542, "goal_first_found": 223.16417910447763, "prob_shortest_per_episode_std": NaN, "goal_first_found_std": 183.94918157858331, "reward_per_dist": NaN}}