{"0": {"prob_shortest_per_episode": 0.13602941176470587, "reward": 24.709816736727952, "dist_ratio_per_episode_std": 12.021660831230344, "goal_after_found_std": 187.46565358328311, "num_ep": 100, "reward_per_dist_std": 0.019419718122274696, "dist_ratio_per_episode": 6.3812605846420567, "reward_std": 20.255750574282462, "num_goal": 2.5600000000000001, "num_goals_std": 2.0214846029589246, "goal_after_found": 269.06217350679287, "goal_first_found": 270.89705882352939, "prob_shortest_per_episode_std": 0.24014242598063165, "goal_first_found_std": 286.60503360106418, "reward_per_dist": 0.01788933248304217}}