{"0": {"prob_shortest_per_episode": 0.0, "reward": 58.669376296997072, "dist_ratio_per_episode_std": 0.09987999475738886, "goal_after_found_std": 11.246620955872164, "num_ep": 100, "reward_per_dist_std": 0.00041448313014096126, "dist_ratio_per_episode": 1.6561464061012197, "reward_std": 3.5641761914620922, "num_goal": 5.8799999999999999, "num_goals_std": 0.35440090293338705, "goal_after_found": 182.80400009155272, "goal_first_found": 195.19, "prob_shortest_per_episode_std": 0.0, "goal_first_found_std": 43.560921707420285, "reward_per_dist": 0.0085740034113003655}}