{"0": {"goal_first_found": 194.40000000000001, "goal_after_found_std": 41.655236385820032, "num_ep": 100, "reward_std": 43.730883182673857, "num_goal": 11.0, "num_goals_std": 4.3840620433565949, "goal_after_found": 109.19874080657959, "reward": 109.6425245475769, "goal_first_found_std": 196.71969906443024}}