{"0": {"prob_shortest_per_episode": 0.34398455148222945, "reward": 109.76106740951538, "dist_ratio_per_episode_std": 0.74807735139224019, "goal_after_found_std": 70.229535571768665, "num_ep": 100, "reward_per_dist_std": 0.0051780698260905592, "dist_ratio_per_episode": 1.5638156007200987, "reward_std": 42.945870434715104, "num_goal": 11.01, "num_goals_std": 4.3046370346406677, "goal_after_found": 116.88600708007813, "goal_first_found": 174.56999999999999, "prob_shortest_per_episode_std": 0.23203564169964438, "goal_first_found_std": 164.85680180083563, "reward_per_dist": 0.015455389847557351}}