{"0": {"prob_shortest_per_episode": 0.18799999999999997, "reward": 74.444237785339354, "dist_ratio_per_episode_std": 0.15289683431732337, "goal_after_found_std": 16.005810206565091, "num_ep": 100, "reward_per_dist_std": 0.00066339943851872671, "dist_ratio_per_episode": 1.5778125018271303, "reward_std": 8.2098099403091673, "num_goal": 7.4800000000000004, "num_goals_std": 0.81829090181915132, "goal_after_found": 153.61228591918945, "goal_first_found": 132.81, "prob_shortest_per_episode_std": 0.12500132425602392, "goal_first_found_std": 60.457537991552378, "reward_per_dist": 0.0086479447822158523}}