{"0": {"prob_shortest_per_episode": 0.25846560846560845, "reward": 27.6729182164371, "dist_ratio_per_episode_std": 7.2021389091998564, "goal_after_found_std": 185.92750265168854, "num_ep": 100, "reward_per_dist_std": 0.0092852690641558201, "dist_ratio_per_episode": 5.0529811142536278, "reward_std": 22.761203506796068, "num_goal": 2.8700000000000001, "num_goals_std": 2.274444987244141, "goal_after_found": 222.3529290093316, "goal_first_found": 258.55555555555554, "prob_shortest_per_episode_std": 0.31135368966727689, "goal_first_found_std": 253.68752043545885, "reward_per_dist": 0.013485026068427358}}