{"0": {"goal_first_found": 309.97014925373134, "goal_after_found_std": 180.72060877076311, "num_ep": 100, "reward_std": 25.380105928762127, "num_goal": 2.8399999999999999, "num_goals_std": 2.5088642848906755, "goal_after_found": 222.22112035039646, "reward": 27.119031969299542, "goal_first_found_std": 264.93130453734295}}