{"0": {"prob_shortest_per_episode": NaN, "reward": 31.827557916752994, "dist_ratio_per_episode_std": NaN, "goal_after_found_std": 11.005848632775876, "num_ep": 100, "reward_per_dist_std": NaN, "dist_ratio_per_episode": NaN, "reward_std": 29.676785057295593, "num_goal": 3.21, "num_goals_std": 2.9505762149112496, "goal_after_found": 184.91666581895618, "goal_first_found": 187.53703703703704, "prob_shortest_per_episode_std": NaN, "goal_first_found_std": 37.534533710311095, "reward_per_dist": NaN}}