{"0": {"prob_shortest_per_episode": 0.23690691563825891, "reward": 34.988211450651285, "dist_ratio_per_episode_std": 6.9332458471452894, "goal_after_found_std": 152.23872462561383, "num_ep": 100, "reward_per_dist_std": 0.028215239826713357, "dist_ratio_per_episode": 4.1613494940362061, "reward_std": 28.905255657816625, "num_goal": 3.5699999999999998, "num_goals_std": 2.8644545728637412, "goal_after_found": 224.38800094376748, "goal_first_found": 224.8955223880597, "prob_shortest_per_episode_std": 0.22639386883923737, "goal_first_found_std": 224.27442773346868, "reward_per_dist": 0.013380380744243159}}