{"0": {"prob_shortest_per_episode": 1.0, "reward": 2.2946354193240404, "dist_ratio_per_episode_std": 0.016745762201835532, "goal_after_found_std": 5.9942101694514811, "num_ep": 100, "reward_per_dist_std": 0.0038491931477779733, "dist_ratio_per_episode": 0.96675851970881943, "reward_std": 6.9171164751508121, "num_goal": 0.27000000000000002, "num_goals_std": 0.69072425757316491, "goal_after_found": 111.41666666666667, "goal_first_found": 377.0, "prob_shortest_per_episode_std": 0.0, "goal_first_found_std": 298.4705457271566, "reward_per_dist": 0.019114718734793847}}