{"0": {"prob_shortest_per_episode": 0.04597701149425288, "reward": 34.078628650456665, "dist_ratio_per_episode_std": 0.22441482933584164, "goal_after_found_std": 24.319626646042849, "num_ep": 100, "reward_per_dist_std": 0.0029988345148448474, "dist_ratio_per_episode": 1.6512660848512268, "reward_std": 28.536275940080412, "num_goal": 3.4300000000000002, "num_goals_std": 2.843431026066924, "goal_after_found": 178.87270171066811, "goal_first_found": 185.65517241379311, "prob_shortest_per_episode_std": 0.19276448081894737, "goal_first_found_std": 69.913629405820515, "reward_per_dist": 0.0091325920220054445}}