{"0": {"prob_shortest_per_episode": 0.35848412698412702, "reward": 75.347202644348144, "dist_ratio_per_episode_std": 0.17573436173937332, "goal_after_found_std": 18.733300465503397, "num_ep": 100, "reward_per_dist_std": 0.00091402054817768281, "dist_ratio_per_episode": 1.5098651396973042, "reward_std": 9.9167413188165181, "num_goal": 7.5800000000000001, "num_goals_std": 0.99176610145739508, "goal_after_found": 153.80278945922851, "goal_first_found": 135.69, "prob_shortest_per_episode_std": 0.1608610419502943, "goal_first_found_std": 62.95247334299107, "reward_per_dist": 0.0078497975161310948}}