{"0": {"goal_first_found": 245.23809523809524, "goal_after_found_std": 124.80448371979685, "num_ep": 100, "reward_std": 27.156406749855815, "num_goal": 4.3200000000000003, "num_goals_std": 2.701407040784487, "goal_after_found": 228.66229084559851, "reward": 42.630172587260603, "goal_first_found_std": 231.9417834925506}}