{"0": {"goal_first_found": 179.2929292929293, "goal_after_found_std": 96.373662572181587, "num_ep": 100, "reward_std": 39.553126655723275, "num_goal": 10.880000000000001, "num_goals_std": 3.963029144480267, "goal_after_found": 116.01373922945272, "reward": 108.48200507842004, "goal_first_found_std": 149.41909418672321}}