{"0": {"prob_shortest_per_episode": 0.26422917710796501, "reward": 70.914856473207479, "dist_ratio_per_episode_std": 1.566273297826843, "goal_after_found_std": 101.30733484423259, "num_ep": 100, "reward_per_dist_std": 0.0040765501687544644, "dist_ratio_per_episode": 2.7792930703869985, "reward_std": 35.050225569733016, "num_goal": 7.1200000000000001, "num_goals_std": 3.5079338648269869, "goal_after_found": 183.08475263190991, "goal_first_found": 183.14141414141415, "prob_shortest_per_episode_std": 0.21820651387935017, "goal_first_found_std": 158.20974507401257, "reward_per_dist": 0.010916118166852153}}