{"0": {"prob_shortest_per_episode": 0.0, "reward": 58.011539611816403, "dist_ratio_per_episode_std": 0.18674466504697496, "goal_after_found_std": 22.400701479070623, "num_ep": 100, "reward_per_dist_std": 0.00060589390984040834, "dist_ratio_per_episode": 1.7792284599423798, "reward_std": 6.4007951965556602, "num_goal": 5.8200000000000003, "num_goals_std": 0.63843558798049482, "goal_after_found": 196.39250000000001, "goal_first_found": 159.22, "prob_shortest_per_episode_std": 0.0, "goal_first_found_std": 45.408497002213139, "reward_per_dist": 0.0080464162512206214}}