{"0": {"prob_shortest_per_episode": 0.16066666666666665, "reward": 53.718711833953854, "dist_ratio_per_episode_std": 0.50747633356944899, "goal_after_found_std": 54.460793750713002, "num_ep": 100, "reward_per_dist_std": 0.0015694869425639036, "dist_ratio_per_episode": 1.8979153907887982, "reward_std": 12.011317463060697, "num_goal": 5.3899999999999997, "num_goals_std": 1.1991246807567593, "goal_after_found": 208.46933349609375, "goal_first_found": 184.77000000000001, "prob_shortest_per_episode_std": 0.21793882933826486, "goal_first_found_std": 114.23798448852291, "reward_per_dist": 0.0081216721328253878}}