{"78": {"goal_first_found": 0, "goal_after_found_std": 0, "num_ep": 100, "reward_std": 1.5071644155590831, "num_goal": 0.01, "num_goals_std": 0.099498743710661988, "goal_after_found": 0, "reward": -3.4389188683032987, "goal_first_found_std": 0}}