{"0": {"goal_first_found": 82.810000000000002, "goal_after_found_std": 1.5044289040919447, "num_ep": 100, "reward_std": 7.2712909207365071, "num_goal": 15.58, "num_goals_std": 0.72360210060502184, "goal_after_found": 74.383552932739263, "reward": 154.69188468933106, "goal_first_found_std": 18.032024290134483}}