{"0": {"goal_first_found": 0, "goal_after_found_std": 0, "num_ep": 100, "reward_std": 1.351790907833921, "num_goal": 0.01, "num_goals_std": 0.099498743710661988, "goal_after_found": 0, "reward": -2.5650288939476011, "goal_first_found_std": 0}}