{"0": {"prob_shortest_per_episode": 0.17270171957671954, "reward": 60.029595890343188, "dist_ratio_per_episode_std": 0.77153232210470934, "goal_after_found_std": 70.8432273992521, "num_ep": 100, "reward_per_dist_std": 0.0027522558478418756, "dist_ratio_per_episode": 1.7462632003600504, "reward_std": 20.345265920935869, "num_goal": 6.0300000000000002, "num_goals_std": 2.0369339704565781, "goal_after_found": 167.63628005981445, "goal_first_found": 236.04166666666666, "prob_shortest_per_episode_std": 0.17062928651207671, "goal_first_found_std": 132.74348043208082, "reward_per_dist": 0.010231052201812243}}