{"0": {"goal_first_found": 68.120000000000005, "goal_after_found_std": 1.3754750649876297, "num_ep": 100, "reward_std": 4.3640745533570602, "num_goal": 15.82, "num_goals_std": 0.43312815655415426, "goal_after_found": 75.424688339233398, "reward": 157.11224197387696, "goal_first_found_std": 0.94106322848148727}}