{"0": {"reward": 153.1571254348755, "goal_after_found_std": 2.3595850653515393, "num_ep": 1000, "reward_std": 7.352229859657334, "num_goal": 13.025, "num_goals_std": 0.4778859696622197, "goal_after_found": 88.36522762298584, "goal_first_found": 76.692, "goal_first_found_std": 6.538129396088762}, "77": {"goal_first_found": 76.697302697302703, "goal_after_found_std": 2.3655787925624692, "num_ep": 1001, "reward_std": 4.8726429701358169, "num_goal": 13.025974025974026, "num_goals_std": 0.47863930025117074, "goal_after_found": 88.359406676087588, "reward": 153.79328094482423, "goal_first_found_std": 6.5370138570386711}}