{"0": {"goal_first_found": 85.319999999999993, "goal_after_found_std": 6.0802687814827596, "num_ep": 100, "reward_std": 8.2487989662838714, "num_goal": 15.66, "num_goals_std": 0.80274528961557912, "goal_after_found": 74.991642761230466, "reward": 155.49448036193849, "goal_first_found_std": 6.4867249055282121}}