{"0": {"prob_shortest_per_episode": 0.98732167832167828, "reward": 153.18554931640625, "dist_ratio_per_episode_std": 0.01948357964060057, "goal_after_found_std": 4.5171898600563782, "num_ep": 100, "reward_per_dist_std": 0.00032374811406536171, "dist_ratio_per_episode": 0.82773625947185148, "reward_std": 8.5323939200766556, "num_goal": 15.43, "num_goals_std": 0.83970232820922908, "goal_after_found": 75.857317657470702, "goal_first_found": 73.420000000000002, "prob_shortest_per_episode_std": 0.031613980010306887, "goal_first_found_std": 13.127208385639349, "reward_per_dist": 0.017110638064734836}}