{"0": {"goal_first_found": 114.19, "goal_after_found_std": 109.1893454406971, "num_ep": 100, "reward_std": 22.944874076808571, "num_goal": 6.5599999999999996, "num_goals_std": 2.2992172581119865, "goal_after_found": 199.20473678588868, "reward": 65.295991802215582, "goal_first_found_std": 91.901218163852434}}