{"0": {"prob_shortest_per_episode": 0.97592066267066269, "reward": 150.51787837982178, "dist_ratio_per_episode_std": 0.063227271820718967, "goal_after_found_std": 24.099359024374628, "num_ep": 100, "reward_per_dist_std": 0.0010651536700347175, "dist_ratio_per_episode": 0.84873113619188056, "reward_std": 20.299327457558167, "num_goal": 15.16, "num_goals_std": 2.0035967658189109, "goal_after_found": 78.293552474975584, "goal_first_found": 81.0, "prob_shortest_per_episode_std": 0.052669177231180878, "goal_first_found_std": 2.5612496949731396, "reward_per_dist": 0.020023809472538342}}