{"0": {"goal_first_found": 251.73563218390805, "goal_after_found_std": 110.17553158607308, "num_ep": 100, "reward_std": 19.612554583455495, "num_goal": 3.4399999999999999, "num_goals_std": 1.9355619339096333, "goal_after_found": 240.816488857927, "reward": 33.744359259307387, "goal_first_found_std": 249.26528635817112}}