{"0": {"goal_first_found": 258.18000000000001, "goal_after_found_std": 36.595421440090732, "num_ep": 100, "reward_std": 80.673232236900006, "num_goal": 15.359999999999999, "num_goals_std": 8.0913781273649548, "goal_after_found": 76.950276641845704, "reward": 153.23233781814577, "goal_first_found_std": 166.5432304238152}}