{"0": {"prob_shortest_per_episode": 0.0, "reward": 60.89410926818848, "dist_ratio_per_episode_std": 0.01511735231241247, "goal_after_found_std": 5.6264343271624231, "num_ep": 100, "reward_per_dist_std": 8.8770593457313435e-05, "dist_ratio_per_episode": 1.6124025859460869, "reward_std": 3.0135577908238891, "num_goal": 6.0999999999999996, "num_goals_std": 0.29999999999999999, "goal_after_found": 178.1010008239746, "goal_first_found": 165.88999999999999, "prob_shortest_per_episode_std": 0.0, "goal_first_found_std": 7.5351111471563579, "reward_per_dist": 0.0087165956009860272}}