{"0": {"prob_shortest_per_episode": 0.68641666666666656, "reward": 100.40075309753418, "dist_ratio_per_episode_std": 0.023633805440260617, "goal_after_found_std": 3.3066513276152483, "num_ep": 100, "reward_per_dist_std": 0.00028895717196762753, "dist_ratio_per_episode": 0.95394899605881389, "reward_std": 2.9673414138729624, "num_goal": 10.050000000000001, "num_goals_std": 0.2958039891549808, "goal_after_found": 113.74866668701172, "goal_first_found": 105.36, "prob_shortest_per_episode_std": 0.15136564296553684, "goal_first_found_std": 14.269211611017617, "reward_per_dist": 0.013690272812033444}}