{"0": {"prob_shortest_per_episode": 0.37149350649350643, "reward": 84.801158332824713, "dist_ratio_per_episode_std": 0.32524437800511213, "goal_after_found_std": 33.226129752420348, "num_ep": 100, "reward_per_dist_std": 0.0024977965973971539, "dist_ratio_per_episode": 1.2547316992595081, "reward_std": 21.838148986157808, "num_goal": 8.4900000000000002, "num_goals_std": 2.184010073236843, "goal_after_found": 139.95544456481935, "goal_first_found": 147.22999999999999, "prob_shortest_per_episode_std": 0.35008368876332208, "goal_first_found_std": 30.138963154030368, "reward_per_dist": 0.010011626494793006}}