{"0": {"prob_shortest_per_episode": 0.26083333333333331, "reward": 49.133670578002928, "dist_ratio_per_episode_std": 0.38568295376139972, "goal_after_found_std": 43.827005020286784, "num_ep": 100, "reward_per_dist_std": 0.0011543784244109692, "dist_ratio_per_episode": 2.0015030191575316, "reward_std": 8.1848783092395845, "num_goal": 4.9400000000000004, "num_goals_std": 0.82243540779808355, "goal_after_found": 224.81916656494141, "goal_first_found": 231.88, "prob_shortest_per_episode_std": 0.20517438382453543, "goal_first_found_std": 41.347377184048803, "reward_per_dist": 0.0076121642515106676}}