{"0": {"prob_shortest_per_episode": 0.20908665277326535, "reward": 45.532482879161833, "dist_ratio_per_episode_std": 16.917656408402543, "goal_after_found_std": 161.90921054491648, "num_ep": 100, "reward_per_dist_std": 0.0090139561761093112, "dist_ratio_per_episode": 7.4234444324951445, "reward_std": 40.874930631231337, "num_goal": 4.6200000000000001, "num_goals_std": 4.0762237426323882, "goal_after_found": 264.22302636332898, "goal_first_found": 259.4942528735632, "prob_shortest_per_episode_std": 0.27735138145413502, "goal_first_found_std": 236.40545112854815, "reward_per_dist": 0.015208099052766235}}