{"0": {"prob_shortest_per_episode": 0.55119047619047623, "reward": 67.236197547912596, "dist_ratio_per_episode_std": 0.38111699693044188, "goal_after_found_std": 43.402644456990203, "num_ep": 100, "reward_per_dist_std": 0.0018701518362740715, "dist_ratio_per_episode": 1.4507153229519196, "reward_std": 15.808089851130159, "num_goal": 6.7400000000000002, "num_goals_std": 1.5787336697492711, "goal_after_found": 164.7731583404541, "goal_first_found": 164.84999999999999, "prob_shortest_per_episode_std": 0.21662851428728849, "goal_first_found_std": 114.37258194165241, "reward_per_dist": 0.010120568251542268}}