{"0": {"goal_first_found": 192.77000000000001, "goal_after_found_std": 46.149851792412896, "num_ep": 100, "reward_std": 103.19840779846665, "num_goal": 17.300000000000001, "num_goals_std": 10.346496991735899, "goal_after_found": 81.35911252975464, "reward": 172.62404033660889, "goal_first_found_std": 144.92148598465309}}