{"0": {"prob_shortest_per_episode": 0.36893222394559294, "reward": 79.596235809326174, "dist_ratio_per_episode_std": 7.7331062067263669, "goal_after_found_std": 97.406095055476555, "num_ep": 100, "reward_per_dist_std": 0.0086023475955092736, "dist_ratio_per_episode": 4.7152125909669849, "reward_std": 47.238143099169442, "num_goal": 7.9900000000000002, "num_goals_std": 4.7360215371131913, "goal_after_found": 182.53435843881934, "goal_first_found": 188.63636363636363, "prob_shortest_per_episode_std": 0.34910863835962858, "goal_first_found_std": 169.28730312967443, "reward_per_dist": 0.011602236466357871}}