{"0": {"prob_shortest_per_episode": 0.40192857142857141, "reward": 55.978619956970213, "dist_ratio_per_episode_std": 0.47112364336167356, "goal_after_found_std": 53.840010251359971, "num_ep": 100, "reward_per_dist_std": 0.0018080856428060977, "dist_ratio_per_episode": 1.7559138649922048, "reward_std": 15.06742356648032, "num_goal": 5.6200000000000001, "num_goals_std": 1.5018655066283397, "goal_after_found": 198.91695243835449, "goal_first_found": 210.93000000000001, "prob_shortest_per_episode_std": 0.24994499281463226, "goal_first_found_std": 95.29902990062385, "reward_per_dist": 0.0087423687661266208}}