{"0": {"prob_shortest_per_episode": 0.32955555555555549, "reward": 84.396956901550297, "dist_ratio_per_episode_std": 0.3290224959062561, "goal_after_found_std": 34.278378012761884, "num_ep": 100, "reward_per_dist_std": 0.0024939953193527926, "dist_ratio_per_episode": 1.3051808429206571, "reward_std": 22.195926530758211, "num_goal": 8.4499999999999993, "num_goals_std": 2.2197972880423116, "goal_after_found": 143.50888900756837, "goal_first_found": 133.71000000000001, "prob_shortest_per_episode_std": 0.37613111714394309, "goal_first_found_std": 30.573287360046841, "reward_per_dist": 0.010953495954780014}}