{"0": {"prob_shortest_per_episode": 0.39128571428571424, "reward": 83.055769920349121, "dist_ratio_per_episode_std": 0.082233955759140359, "goal_after_found_std": 12.057982016792062, "num_ep": 100, "reward_per_dist_std": 0.00053964093563348343, "dist_ratio_per_episode": 1.3027402816452842, "reward_std": 6.9341603835557324, "num_goal": 8.3300000000000001, "num_goals_std": 0.67904344485459844, "goal_after_found": 133.83745269775392, "goal_first_found": 154.38, "prob_shortest_per_episode_std": 0.14628427656163526, "goal_first_found_std": 8.2737899417377019, "reward_per_dist": 0.010275530809153534}}