{"0": {"prob_shortest_per_episode": 0.57008333333333328, "reward": 80.651898536682125, "dist_ratio_per_episode_std": 0.13276611299745261, "goal_after_found_std": 30.786135876907409, "num_ep": 100, "reward_per_dist_std": 0.0010208789752441123, "dist_ratio_per_episode": 1.1759663406565029, "reward_std": 13.025955329835373, "num_goal": 8.1500000000000004, "num_goals_std": 1.2519984025548916, "goal_after_found": 144.00702812194825, "goal_first_found": 119.69, "prob_shortest_per_episode_std": 0.16851312677224237, "goal_first_found_std": 51.440586116412014, "reward_per_dist": 0.010000280396740273}}