{"0": {"prob_shortest_per_episode": 0.33907142857142858, "reward": 77.408489723205562, "dist_ratio_per_episode_std": 0.093396960822256472, "goal_after_found_std": 18.134431142961308, "num_ep": 100, "reward_per_dist_std": 0.00059823089676628433, "dist_ratio_per_episode": 1.3766175031495009, "reward_std": 7.390397953150079, "num_goal": 7.7800000000000002, "num_goals_std": 0.71526218968990674, "goal_after_found": 144.95742813110351, "goal_first_found": 127.72, "prob_shortest_per_episode_std": 0.14104067175263799, "goal_first_found_std": 56.342005644101803, "reward_per_dist": 0.0098087244124261935}}