{"0": {"prob_shortest_per_episode": 0.33965476190476196, "reward": 54.893831157684325, "dist_ratio_per_episode_std": 0.46304806502320772, "goal_after_found_std": 42.780706825371396, "num_ep": 100, "reward_per_dist_std": 0.0014375179688661305, "dist_ratio_per_episode": 1.8215928745425314, "reward_std": 12.284218934717103, "num_goal": 5.5099999999999998, "num_goals_std": 1.228779882647824, "goal_after_found": 197.80604827880859, "goal_first_found": 202.12, "prob_shortest_per_episode_std": 0.19595351609634754, "goal_first_found_std": 116.32611744573957, "reward_per_dist": 0.0067648601356926387}}