{"0": {"prob_shortest_per_episode": 0.2263333333333333, "reward": 51.469570713043211, "dist_ratio_per_episode_std": 0.3665978281037946, "goal_after_found_std": 40.244003431378559, "num_ep": 100, "reward_per_dist_std": 0.0011646592865934371, "dist_ratio_per_episode": 1.9430745825177491, "reward_std": 9.1273031231716519, "num_goal": 5.1699999999999999, "num_goals_std": 0.91711504185680015, "goal_after_found": 212.09783340454101, "goal_first_found": 216.03999999999999, "prob_shortest_per_episode_std": 0.20326747567347475, "goal_first_found_std": 47.67848990897258, "reward_per_dist": 0.0077529826307649241}}