{"0": {"prob_shortest_per_episode": 0.0, "reward": 77.794112548828124, "dist_ratio_per_episode_std": 0.010381461849176444, "goal_after_found_std": 4.8385018191722775, "num_ep": 100, "reward_per_dist_std": 0.00015103038321622378, "dist_ratio_per_episode": 0.98755829217888802, "reward_std": 3.8094692038640563, "num_goal": 8.9299999999999997, "num_goals_std": 0.38091993909481814, "goal_after_found": 125.01347206115723, "goal_first_found": 137.36000000000001, "prob_shortest_per_episode_std": 0.0, "goal_first_found_std": 19.367250708347839, "reward_per_dist": 0.010376592645957399}}