{"0": {"prob_shortest_per_episode": 0.35377777777777775, "reward": 86.106177253723146, "dist_ratio_per_episode_std": 0.32669070174264525, "goal_after_found_std": 33.852376400717567, "num_ep": 100, "reward_per_dist_std": 0.0024671462861815038, "dist_ratio_per_episode": 1.2821773293650578, "reward_std": 21.892346520649525, "num_goal": 8.6199999999999992, "num_goals_std": 2.189885841773493, "goal_after_found": 140.90111129760743, "goal_first_found": 128.91999999999999, "prob_shortest_per_episode_std": 0.36943306582310254, "goal_first_found_std": 30.142222877551678, "reward_per_dist": 0.011106347769862156}}