{"0": {"prob_shortest_per_episode": 0.30761046312994367, "reward": 49.330091656148433, "dist_ratio_per_episode_std": 1.4666549757308522, "goal_after_found_std": 113.16939898881118, "num_ep": 100, "reward_per_dist_std": 0.005787187582548114, "dist_ratio_per_episode": 2.2729111939741564, "reward_std": 39.64974116217946, "num_goal": 5.0099999999999998, "num_goals_std": 3.9255445482123879, "goal_after_found": 195.28944094769366, "goal_first_found": 220.10389610389609, "prob_shortest_per_episode_std": 0.33275449220340347, "goal_first_found_std": 195.24686900165707, "reward_per_dist": 0.012556246064195463}}