{"0": {"goal_first_found": 215.67692307692309, "goal_after_found_std": 177.39551881735207, "num_ep": 100, "reward_std": 43.567060887384748, "num_goal": 4.3099999999999996, "num_goals_std": 4.3719446474080614, "goal_after_found": 261.43685560960034, "reward": 41.794246498346325, "goal_first_found_std": 177.56733134155988}}