{"0": {"prob_shortest_per_episode": 0.0033333333333333331, "reward": 63.896041297912596, "dist_ratio_per_episode_std": 0.017517406436472458, "goal_after_found_std": 5.6558523304710082, "num_ep": 100, "reward_per_dist_std": 0.00013003441262961492, "dist_ratio_per_episode": 1.6102651584525396, "reward_std": 4.9041848300749882, "num_goal": 6.4000000000000004, "num_goals_std": 0.4898979485566356, "goal_after_found": 175.82066665649415, "goal_first_found": 158.31999999999999, "prob_shortest_per_episode_std": 0.023333333333333334, "goal_first_found_std": 13.452791531871741, "reward_per_dist": 0.0086563269575766193}}