{"0": {"goal_first_found": 174.69999999999999, "goal_after_found_std": 99.721465661115616, "num_ep": 100, "reward_std": 40.871222952730115, "num_goal": 7.8899999999999997, "num_goals_std": 4.0911978685954553, "goal_after_found": 175.91134464263916, "reward": 78.673430709838868, "goal_first_found_std": 153.32595996764539}}