{"0": {"prob_shortest_per_episode": 0.64820286402870864, "reward": 189.11309608459473, "dist_ratio_per_episode_std": 0.54219768016108683, "goal_after_found_std": 39.137410129811911, "num_ep": 100, "reward_per_dist_std": 0.022595505711346518, "dist_ratio_per_episode": 1.178076299226418, "reward_std": 112.442689805233, "num_goal": 18.949999999999999, "num_goals_std": 11.259107424658492, "goal_after_found": 75.254565525054929, "goal_first_found": 166.62, "prob_shortest_per_episode_std": 0.34326412438173809, "goal_first_found_std": 140.6152040143597, "reward_per_dist": 0.028539976461602855}}