{"0": {"goal_first_found": 206.72727272727272, "goal_after_found_std": 32.335726738167267, "num_ep": 100, "reward_std": 83.739554230688825, "num_goal": 15.81, "num_goals_std": 8.385338395079831, "goal_after_found": 76.576163725419477, "reward": 157.68844854354859, "goal_first_found_std": 188.30985738274956}}