{"0": {"goal_first_found": 269.68918918918916, "goal_after_found_std": 159.58371962893202, "num_ep": 100, "reward_std": 39.872734407333091, "num_goal": 4.3300000000000001, "num_goals_std": 3.9574107696826215, "goal_after_found": 230.76957377871952, "reward": 42.523275210857392, "goal_first_found_std": 206.31954523988082}}