{"0": {"prob_shortest_per_episode": 0.7151167604641101, "reward": 164.89870259284973, "dist_ratio_per_episode_std": 0.71435713287234115, "goal_after_found_std": 35.995416967811678, "num_ep": 100, "reward_per_dist_std": 0.013715118738543195, "dist_ratio_per_episode": 1.1645402971302914, "reward_std": 88.464020785234695, "num_goal": 16.52, "num_goals_std": 8.8560487803534595, "goal_after_found": 77.446995034509769, "goal_first_found": 187.08163265306123, "prob_shortest_per_episode_std": 0.33987166640717725, "goal_first_found_std": 137.38146456308328, "reward_per_dist": 0.026328746666212214}}