{"0": {"goal_first_found": 222.2235294117647, "goal_after_found_std": 167.72030597639682, "num_ep": 100, "reward_std": 134.50007234313941, "num_goal": 8.9100000000000001, "num_goals_std": 13.482651816315663, "goal_after_found": 234.12065923354206, "reward": 88.428922222852705, "goal_first_found_std": 188.432629650374}}