{"0": {"prob_shortest_per_episode": 1.0, "reward": 148.66032073974608, "dist_ratio_per_episode_std": 0.0054058271776880719, "goal_after_found_std": 0.85208525934559631, "num_ep": 100, "reward_per_dist_std": 0.0001032884776946758, "dist_ratio_per_episode": 0.88447854551404947, "reward_std": 0.082666483999436227, "num_goal": 15.0, "num_goals_std": 0.0, "goal_after_found": 77.491428375244141, "goal_first_found": 72.049999999999997, "prob_shortest_per_episode_std": 0.0, "goal_first_found_std": 0.81700673191840945, "reward_per_dist": 0.016007943710352655}}