{"0": {"goal_first_found": 69.329999999999998, "goal_after_found_std": 0.71550068433706826, "num_ep": 100, "reward_std": 2.1989800986340526, "num_goal": 15.949999999999999, "num_goals_std": 0.21794494717703372, "goal_after_found": 74.033999786376953, "reward": 158.19606094360353, "goal_first_found_std": 0.61733297336202608}}