{"0": {"reward": 128.99305400848388, "goal_after_found_std": 9.495323322324328, "num_ep": 1000, "reward_std": 7.378969339432279, "num_goal": 11.018, "num_goals_std": 0.6720684488949024, "goal_after_found": 104.47885643005371, "goal_first_found": 101.928, "goal_first_found_std": 21.673781765072746}, "79": {"goal_first_found": 101.9070929070929, "goal_after_found_std": 9.5297879465006634, "num_ep": 1001, "reward_std": 7.4703514812617753, "num_goal": 11.021978021978022, "num_goals_std": 0.68341015070190558, "goal_after_found": 104.45154774272359, "reward": 128.94467082977295, "goal_first_found_std": 21.673039450002353}}