{"0": {"prob_shortest_per_episode": NaN, "reward": 7.6051290225982662, "dist_ratio_per_episode_std": NaN, "goal_after_found_std": 141.10757442349507, "num_ep": 100, "reward_per_dist_std": NaN, "dist_ratio_per_episode": NaN, "reward_std": 16.894903466260562, "num_goal": 1.99, "num_goals_std": 1.7349063375294933, "goal_after_found": 266.92067859790944, "goal_first_found": 236.81481481481481, "prob_shortest_per_episode_std": NaN, "goal_first_found_std": 197.04916420491256, "reward_per_dist": -Infinity}}