{"0": {"prob_shortest_per_episode": 0.99928571428571433, "reward": 148.52094268798828, "dist_ratio_per_episode_std": 0.004260604389953673, "goal_after_found_std": 0.870761470112283, "num_ep": 100, "reward_per_dist_std": 0.00046441141449236754, "dist_ratio_per_episode": 0.87904195218622816, "reward_std": 1.0043194596820371, "num_goal": 14.99, "num_goals_std": 0.099498743710661988, "goal_after_found": 75.381923065185546, "goal_first_found": 89.780000000000001, "prob_shortest_per_episode_std": 0.0071070531221901359, "goal_first_found_std": 7.0350266524015383, "reward_per_dist": 0.019044887221933905}}