{"0": {"prob_shortest_per_episode": 0.43333333333333335, "reward": -0.2097878336906433, "dist_ratio_per_episode_std": 1.0207149555878616, "goal_after_found_std": 290.13661130116157, "num_ep": 100, "reward_per_dist_std": 0.0057480781391154694, "dist_ratio_per_episode": 1.8806438465590714, "reward_std": 9.8573275250153944, "num_goal": 0.58999999999999997, "num_goals_std": 0.92838569571057061, "goal_after_found": 347.86666700575086, "goal_first_found": 314.11111111111109, "prob_shortest_per_episode_std": 0.43716256828680006, "goal_first_found_std": 178.52758544670934, "reward_per_dist": 0.015508731695620451}}