{"0": {"prob_shortest_per_episode": 0.13519047619047619, "reward": 65.835585556030267, "dist_ratio_per_episode_std": 0.14975757834808845, "goal_after_found_std": 16.45036322495308, "num_ep": 100, "reward_per_dist_std": 0.00072044729085555159, "dist_ratio_per_episode": 1.6882345005932917, "reward_std": 6.9885930855306242, "num_goal": 6.6299999999999999, "num_goals_std": 0.70221079456243052, "goal_after_found": 170.52659515380859, "goal_first_found": 159.88999999999999, "prob_shortest_per_episode_std": 0.11171086545326492, "goal_first_found_std": 39.772074373861869, "reward_per_dist": 0.0093191637484791572}}