{"0": {"prob_shortest_per_episode": 0.0, "reward": -2.1913772726058962, "dist_ratio_per_episode_std": 0.0, "goal_after_found_std": 0.0, "num_ep": 100, "reward_per_dist_std": 0.0, "dist_ratio_per_episode": 3.3060422764077049, "reward_std": 4.8317194535842454, "num_goal": 0.20000000000000001, "num_goals_std": 0.42426406871192851, "goal_after_found": 395.0, "goal_first_found": 443.0, "prob_shortest_per_episode_std": 0.0, "goal_first_found_std": 0.0, "reward_per_dist": 0.0061798505947600682}}