{"0": {"prob_shortest_per_episode": NaN, "reward": -3.4924083375930786, "dist_ratio_per_episode_std": NaN, "goal_after_found_std": 84.231163406953428, "num_ep": 100, "reward_per_dist_std": NaN, "dist_ratio_per_episode": NaN, "reward_std": 5.7806476492230443, "num_goal": 0.28999999999999998, "num_goals_std": 0.51565492337414953, "goal_after_found": 190.33333333333334, "goal_first_found": 386.33333333333331, "prob_shortest_per_episode_std": NaN, "goal_first_found_std": 208.8226254238005, "reward_per_dist": -Infinity}}