{"0": {"prob_shortest_per_episode": 0.65416666666666656, "reward": 2.1765673470497133, "dist_ratio_per_episode_std": 0.77015608835709071, "goal_after_found_std": 200.44952810038504, "num_ep": 100, "reward_per_dist_std": 0.0057433187990328432, "dist_ratio_per_episode": 1.3636180197923637, "reward_std": 11.565267121288962, "num_goal": 0.79000000000000004, "num_goals_std": 1.098134782255803, "goal_after_found": 178.16666717529296, "goal_first_found": 683.75, "prob_shortest_per_episode_std": 0.41017865348866922, "goal_first_found_std": 374.69345804270455, "reward_per_dist": 0.016156942335927849}}