{"0": {"prob_shortest_per_episode": 0.0, "reward": -5.182406258583069, "dist_ratio_per_episode_std": 0.29144015192086165, "goal_after_found_std": 35.814336049502117, "num_ep": 100, "reward_per_dist_std": 0.00086788305959510821, "dist_ratio_per_episode": 2.3424975733452538, "reward_std": 4.6966308189845014, "num_goal": 0.14999999999999999, "num_goals_std": 0.4330127018922193, "goal_after_found": 273.0, "goal_first_found": 159.0, "prob_shortest_per_episode_std": 0.0, "goal_first_found_std": 46.108567533594012, "reward_per_dist": 0.0076624263892845603}}