{"0": {"prob_shortest_per_episode": 0.0, "reward": -1.3338249909877777, "dist_ratio_per_episode_std": 0.0, "goal_after_found_std": 0.0, "num_ep": 100, "reward_per_dist_std": 0.0, "dist_ratio_per_episode": 1.0730487008027543, "reward_std": 4.3611347171500672, "num_goal": 0.17000000000000001, "num_goals_std": 0.40137264480778956, "goal_after_found": 114.0, "goal_first_found": 593.0, "prob_shortest_per_episode_std": 0.0, "goal_first_found_std": 0.0, "reward_per_dist": 0.01876099412001727}}