{"0": {"goal_first_found": 101.928, "goal_after_found_std": 9.4953233223243281, "num_ep": 1000, "reward_std": 7.3789693394322793, "num_goal": 11.018000000000001, "num_goals_std": 0.67206844889490236, "goal_after_found": 104.47885643005371, "reward": 128.99305400848388, "goal_first_found_std": 21.673781765072746}}