{"0": {"goal_first_found": 427.68000000000001, "goal_after_found_std": 157.80798458886673, "num_ep": 100, "reward_std": 8.0242614707193329, "num_goal": 1.0, "num_goals_std": 0.78740078740118113, "goal_after_found": 449.10000000000002, "reward": 6.9923987138271331, "goal_first_found_std": 172.89435386963913}}