{"0": {"prob_shortest_per_episode": NaN, "reward": 27.84756279706955, "dist_ratio_per_episode_std": NaN, "goal_after_found_std": 137.3697294121622, "num_ep": 100, "reward_per_dist_std": NaN, "dist_ratio_per_episode": NaN, "reward_std": 22.015279177713289, "num_goal": 3.1699999999999999, "num_goals_std": 2.186572660580937, "goal_after_found": 232.59233553115635, "goal_first_found": 208.42465753424656, "prob_shortest_per_episode_std": NaN, "goal_first_found_std": 119.52267141026886, "reward_per_dist": NaN}}