{"0": {"prob_shortest_per_episode": 0.054054054054054057, "reward": 9.7591536867618558, "dist_ratio_per_episode_std": 0.56983406706061268, "goal_after_found_std": 161.1727496284355, "num_ep": 100, "reward_per_dist_std": 0.0039952437817072734, "dist_ratio_per_episode": 1.7222891153726634, "reward_std": 9.4606172424479666, "num_goal": 1.24, "num_goals_std": 0.93936148526539032, "goal_after_found": 418.51351351351349, "goal_first_found": 422.29729729729729, "prob_shortest_per_episode_std": 0.19395540668118003, "goal_first_found_std": 146.14780834684893, "reward_per_dist": 0.011956290235697166}}