{"0": {"prob_shortest_per_episode": 0.27646876932591224, "reward": 35.488243497610092, "dist_ratio_per_episode_std": 0.41508193718092601, "goal_after_found_std": 134.46099832179704, "num_ep": 100, "reward_per_dist_std": 0.0029422144628271783, "dist_ratio_per_episode": 1.3538527849858091, "reward_std": 26.170882468278954, "num_goal": 3.9300000000000002, "num_goals_std": 2.6277556964071072, "goal_after_found": 223.35286048790078, "goal_first_found": 152.57142857142858, "prob_shortest_per_episode_std": 0.28109063504654813, "goal_first_found_std": 39.929947935290727, "reward_per_dist": 0.011570795188827053}}