{"0": {"prob_shortest_per_episode": 0.20000000000000001, "reward": 3.3261769378185271, "dist_ratio_per_episode_std": 0.76432881066892766, "goal_after_found_std": 167.06035502842144, "num_ep": 100, "reward_per_dist_std": 0.005780716151074586, "dist_ratio_per_episode": 1.7446847542588784, "reward_std": 9.6652362040588446, "num_goal": 0.58999999999999997, "num_goals_std": 0.96015623728641164, "goal_after_found": 287.23333333333335, "goal_first_found": 277.73333333333335, "prob_shortest_per_episode_std": 0.35590260840104371, "goal_first_found_std": 231.37140897027203, "reward_per_dist": 0.012863356844347111}}