{"0": {"prob_shortest_per_episode": NaN, "reward": 4.2457852411270141, "dist_ratio_per_episode_std": NaN, "goal_after_found_std": 125.82969089650945, "num_ep": 100, "reward_per_dist_std": NaN, "dist_ratio_per_episode": NaN, "reward_std": 7.8670267227874131, "num_goal": 0.71999999999999997, "num_goals_std": 0.74939975980780782, "goal_after_found": 297.83333333333331, "goal_first_found": 242.44444444444446, "prob_shortest_per_episode_std": NaN, "goal_first_found_std": 272.87201359331289, "reward_per_dist": NaN}}