{"0": {"prob_shortest_per_episode": 0.53730158730158728, "reward": 64.532708282470708, "dist_ratio_per_episode_std": 0.076443939420310705, "goal_after_found_std": 26.411995575131108, "num_ep": 100, "reward_per_dist_std": 0.0010668825609545169, "dist_ratio_per_episode": 0.97437893671946396, "reward_std": 14.090127040407168, "num_goal": 6.5999999999999996, "num_goals_std": 1.3784048752090221, "goal_after_found": 168.47109137641058, "goal_first_found": 130.91919191919192, "prob_shortest_per_episode_std": 0.14209069688810416, "goal_first_found_std": 1.4402354442535414, "reward_per_dist": 0.01234994716162085}}