{"0": {"prob_shortest_per_episode": 0.1924107142857143, "reward": 18.757404034137725, "dist_ratio_per_episode_std": 0.75849741439610308, "goal_after_found_std": 152.60469489096798, "num_ep": 100, "reward_per_dist_std": 0.00357497768405609, "dist_ratio_per_episode": 1.5301735588267913, "reward_std": 22.984372269083771, "num_goal": 2.27, "num_goals_std": 2.2797148944550063, "goal_after_found": 240.90441481272379, "goal_first_found": 203.08333333333334, "prob_shortest_per_episode_std": 0.25140227297247258, "goal_first_found_std": 123.64310759421875, "reward_per_dist": 0.011483450742756784}}