{"0": {"prob_shortest_per_episode": NaN, "reward": 17.12849505662918, "dist_ratio_per_episode_std": NaN, "goal_after_found_std": 86.258054120980887, "num_ep": 100, "reward_per_dist_std": NaN, "dist_ratio_per_episode": NaN, "reward_std": 23.469500133839695, "num_goal": 2.1000000000000001, "num_goals_std": 2.3388031127052997, "goal_after_found": 209.22589302062988, "goal_first_found": 186.15000000000001, "prob_shortest_per_episode_std": NaN, "goal_first_found_std": 116.6510930081669, "reward_per_dist": -Infinity}}