{"0": {"prob_shortest_per_episode": NaN, "reward": 18.303649880886077, "dist_ratio_per_episode_std": NaN, "goal_after_found_std": 102.74792040649318, "num_ep": 100, "reward_per_dist_std": NaN, "dist_ratio_per_episode": NaN, "reward_std": 23.261129494650429, "num_goal": 2.23, "num_goals_std": 2.3145409912118642, "goal_after_found": 214.55817629256339, "goal_first_found": 216.75471698113208, "prob_shortest_per_episode_std": NaN, "goal_first_found_std": 160.19150163080192, "reward_per_dist": NaN}}