{"0": {"prob_shortest_per_episode": 0.024390243902439025, "reward": 9.8219486904144286, "dist_ratio_per_episode_std": 0.51288813734471095, "goal_after_found_std": 162.65909705896587, "num_ep": 100, "reward_per_dist_std": 0.0016153248500334456, "dist_ratio_per_episode": 1.8884913243236598, "reward_std": 9.674123487728755, "num_goal": 1.27, "num_goals_std": 0.94715363062176983, "goal_after_found": 501.89024390243901, "goal_first_found": 375.21951219512198, "prob_shortest_per_episode_std": 0.15425744683748191, "goal_first_found_std": 130.30630185144949, "reward_per_dist": 0.0068380441201764267}}