{"0": {"prob_shortest_per_episode": 0.0, "reward": 57.6177551651001, "dist_ratio_per_episode_std": 0.14339334865560666, "goal_after_found_std": 26.158879452538105, "num_ep": 100, "reward_per_dist_std": 0.00060120231811164825, "dist_ratio_per_episode": 1.0974152392137333, "reward_std": 5.5156396014544438, "num_goal": 5.79, "num_goals_std": 0.55308227236099339, "goal_after_found": 199.51300048828125, "goal_first_found": 186.16999999999999, "prob_shortest_per_episode_std": 0.0, "goal_first_found_std": 36.103200689135583, "reward_per_dist": 0.0082223582683146855}}