{"0": {"prob_shortest_per_episode": 0.0, "reward": 28.590254060029984, "dist_ratio_per_episode_std": 0.1458348714340946, "goal_after_found_std": 50.377781545862199, "num_ep": 100, "reward_per_dist_std": 0.00077052667545199859, "dist_ratio_per_episode": 1.9615293008038663, "reward_std": 7.8900211509213269, "num_goal": 3.71, "num_goals_std": 0.72518963037263573, "goal_after_found": 280.46212090386285, "goal_first_found": 270.82828282828285, "prob_shortest_per_episode_std": 0.0, "goal_first_found_std": 91.575992664042985, "reward_per_dist": 0.0045585231310042986}}