{"0": {"prob_shortest_per_episode": 0.0, "reward": 2.203212388753891, "dist_ratio_per_episode_std": 1.0943769533878258, "goal_after_found_std": 206.03235991788605, "num_ep": 100, "reward_per_dist_std": 0.0043041305672833746, "dist_ratio_per_episode": 2.2486197653522439, "reward_std": 6.4862263154448305, "num_goal": 0.56999999999999995, "num_goals_std": 0.60423505360083163, "goal_after_found": 396.0, "goal_first_found": 648.16666666666663, "prob_shortest_per_episode_std": 0.0, "goal_first_found_std": 204.10815488090839, "reward_per_dist": 0.010853183984895381}}