{"0": {"prob_shortest_per_episode": NaN, "reward": 2.9992372936010359, "dist_ratio_per_episode_std": NaN, "goal_after_found_std": 191.09775621538719, "num_ep": 100, "reward_per_dist_std": NaN, "dist_ratio_per_episode": NaN, "reward_std": 8.3747141967251508, "num_goal": 0.55000000000000004, "num_goals_std": 0.84113019206303608, "goal_after_found": 346.04166666666669, "goal_first_found": 272.75, "prob_shortest_per_episode_std": NaN, "goal_first_found_std": 168.53393575182417, "reward_per_dist": -Infinity}}