{"0": {"prob_shortest_per_episode": NaN, "reward": 9.7604195392131814, "dist_ratio_per_episode_std": NaN, "goal_after_found_std": 116.81230653620132, "num_ep": 100, "reward_per_dist_std": NaN, "dist_ratio_per_episode": NaN, "reward_std": 12.950905416554887, "num_goal": 1.1899999999999999, "num_goals_std": 1.2937928736857383, "goal_after_found": 190.80405405405406, "goal_first_found": 154.64864864864865, "prob_shortest_per_episode_std": NaN, "goal_first_found_std": 136.84163587514095, "reward_per_dist": NaN}}