{"0": {"prob_shortest_per_episode": 0.49357638888888894, "reward": 56.039626560211182, "dist_ratio_per_episode_std": 0.13568296431024846, "goal_after_found_std": 55.059311983033922, "num_ep": 100, "reward_per_dist_std": 0.00076778741400190733, "dist_ratio_per_episode": 1.0051233636753591, "reward_std": 13.927378676887464, "num_goal": 5.7699999999999996, "num_goals_std": 1.3773525329413672, "goal_after_found": 192.30052026112875, "goal_first_found": 143.05208333333334, "prob_shortest_per_episode_std": 0.22411567201451005, "goal_first_found_std": 4.2533560074826671, "reward_per_dist": 0.0087712254730716657}}