{"0": {"prob_shortest_per_episode": 0.44927536231884052, "reward": 4.1562785136699674, "dist_ratio_per_episode_std": 0.58804100318443198, "goal_after_found_std": 142.14918013829225, "num_ep": 100, "reward_per_dist_std": 0.0053472124378557192, "dist_ratio_per_episode": 1.2807826673662666, "reward_std": 10.872369464851841, "num_goal": 0.71999999999999997, "num_goals_std": 1.0590561835898982, "goal_after_found": 185.95652173913044, "goal_first_found": 237.56521739130434, "prob_shortest_per_episode_std": 0.41538871443381198, "goal_first_found_std": 184.37127619513379, "reward_per_dist": 0.01656382469155052}}