{"0": {"prob_shortest_per_episode": NaN, "reward": 3.5915902364253998, "dist_ratio_per_episode_std": NaN, "goal_after_found_std": 183.02980631580201, "num_ep": 100, "reward_per_dist_std": NaN, "dist_ratio_per_episode": NaN, "reward_std": 8.0914983411768908, "num_goal": 0.59999999999999998, "num_goals_std": 0.80000000000000004, "goal_after_found": 173.30000000000001, "goal_first_found": 215.25, "prob_shortest_per_episode_std": NaN, "goal_first_found_std": 193.06368767844461, "reward_per_dist": NaN}}