{"0": {"prob_shortest_per_episode": 0.0, "reward": -4.2642547273635865, "dist_ratio_per_episode_std": 0.67963878350818618, "goal_after_found_std": 55.930512443765636, "num_ep": 100, "reward_per_dist_std": 0.0028106716668040766, "dist_ratio_per_episode": 1.8693745452831543, "reward_std": 5.2081302445994515, "num_goal": 0.19, "num_goals_std": 0.46249324319388713, "goal_after_found": 573.33333333333337, "goal_first_found": 443.0, "prob_shortest_per_episode_std": 0.0, "goal_first_found_std": 147.62339471325902, "reward_per_dist": 0.010614274663328843}}