{"0": {"prob_shortest_per_episode": 0.0, "reward": -1.3977287256717681, "dist_ratio_per_episode_std": 0.47799769436529299, "goal_after_found_std": 221.43578201265387, "num_ep": 100, "reward_per_dist_std": 0.0022381535220322882, "dist_ratio_per_episode": 1.324640836969224, "reward_std": 5.5790327858013118, "num_goal": 0.19, "num_goals_std": 0.56026779311325758, "goal_after_found": 506.83333333333331, "goal_first_found": 291.16666666666669, "prob_shortest_per_episode_std": 0.0, "goal_first_found_std": 171.17770168907967, "reward_per_dist": 0.0084219555986753316}}