{"0": {"goal_first_found": 149.20202020202021, "goal_after_found_std": 159.48234331692257, "num_ep": 100, "reward_std": 9.7927683214918524, "num_goal": 2.7599999999999998, "num_goals_std": 1.0011992808627062, "goal_after_found": 254.69090918338659, "reward": 26.113960618972779, "goal_first_found_std": 125.34767646796961}}