{"0": {"prob_shortest_per_episode": 0.014285714285714284, "reward": 72.475375595092771, "dist_ratio_per_episode_std": 0.13542297263836203, "goal_after_found_std": 19.512839509244401, "num_ep": 100, "reward_per_dist_std": 0.0009312665032747534, "dist_ratio_per_episode": 1.2650145717990591, "reward_std": 8.4237342002013804, "num_goal": 7.4800000000000004, "num_goals_std": 0.83042157968106778, "goal_after_found": 150.03547660827635, "goal_first_found": 136.19, "prob_shortest_per_episode_std": 0.046679723634994411, "goal_first_found_std": 43.517282773629148, "reward_per_dist": 0.010515712852250931}}