{"0": {"prob_shortest_per_episode": 0.052898550724637679, "reward": 30.409898357391356, "dist_ratio_per_episode_std": 1.3731406659267538, "goal_after_found_std": 165.60496738323084, "num_ep": 100, "reward_per_dist_std": 0.0024198710925959822, "dist_ratio_per_episode": 2.8572288064281106, "reward_std": 12.780970509532116, "num_goal": 3.29, "num_goals_std": 1.2433422698517091, "goal_after_found": 313.87173909726351, "goal_first_found": 265.66304347826087, "prob_shortest_per_episode_std": 0.15215061933519419, "goal_first_found_std": 139.68156932154128, "reward_per_dist": 0.0064364450797694626}}