{"0": {"prob_shortest_per_episode": 0.063043478260869576, "reward": 17.031246759891509, "dist_ratio_per_episode_std": 1.2605188500557176, "goal_after_found_std": 141.63597831486976, "num_ep": 100, "reward_per_dist_std": 0.0018778913306040984, "dist_ratio_per_episode": 2.4683950606823135, "reward_std": 21.12865347409728, "num_goal": 1.95, "num_goals_std": 2.0802644062714721, "goal_after_found": 269.6434780618419, "goal_first_found": 298.82608695652175, "prob_shortest_per_episode_std": 0.13637442435034219, "goal_first_found_std": 185.93492367279964, "reward_per_dist": 0.0069792881929287677}}