{"0": {"goal_first_found": 82.760000000000005, "goal_after_found_std": 0.73325243796386896, "num_ep": 100, "reward_std": 0.07934221633527179, "num_goal": 14.0, "num_goals_std": 0.0, "goal_after_found": 81.872307510375975, "reward": 139.08009155273439, "goal_first_found_std": 1.184229707446997}}