{"0": {"prob_shortest_per_episode": 0.012500000000000001, "reward": 68.854156188964851, "dist_ratio_per_episode_std": 0.10407074930213878, "goal_after_found_std": 11.742334339778512, "num_ep": 100, "reward_per_dist_std": 0.00045566939343608532, "dist_ratio_per_episode": 1.6034182827326831, "reward_std": 5.8712193163244661, "num_goal": 6.9800000000000004, "num_goals_std": 0.58275209137333861, "goal_after_found": 157.9274754333496, "goal_first_found": 156.72, "prob_shortest_per_episode_std": 0.039809815731442759, "goal_first_found_std": 11.365808374242459, "reward_per_dist": 0.0072659567003826699}}