{"0": {"prob_shortest_per_episode": 0.52754385964912276, "reward": 28.475084995180367, "dist_ratio_per_episode_std": 1.104346161514183, "goal_after_found_std": 123.15366717440411, "num_ep": 100, "reward_per_dist_std": 0.0093635758976919892, "dist_ratio_per_episode": 1.5303308649967564, "reward_std": 9.6850232018704911, "num_goal": 3.0, "num_goals_std": 0.98994949366116658, "goal_after_found": 174.42403532329359, "goal_first_found": 176.06315789473683, "prob_shortest_per_episode_std": 0.37750929209781159, "goal_first_found_std": 150.5950869769882, "reward_per_dist": 0.021070525630627539}}