{"0": {"prob_shortest_per_episode": 0.75538811188811195, "reward": 134.1771035003662, "dist_ratio_per_episode_std": 0.032995061947334432, "goal_after_found_std": 3.6906644697594135, "num_ep": 100, "reward_per_dist_std": 0.00077679566953934936, "dist_ratio_per_episode": 0.85045047188942491, "reward_std": 7.0955353401221517, "num_goal": 13.52, "num_goals_std": 0.69971422738143607, "goal_after_found": 86.563498687744143, "goal_first_found": 81.489999999999995, "prob_shortest_per_episode_std": 0.1077355308559344, "goal_first_found_std": 1.6522409025320732, "reward_per_dist": 0.018051806872095236}}