{"0": {"goal_first_found": 82.670000000000002, "goal_after_found_std": 1.7550830619296565, "num_ep": 100, "reward_std": 4.1273214709278321, "num_goal": 13.85, "num_goals_std": 0.40926763859362253, "goal_after_found": 85.41409660339356, "reward": 137.34125747680665, "goal_first_found_std": 1.777948255714997}}