{"0": {"prob_shortest_per_episode": 0.18192524321556577, "reward": 39.359973955154416, "dist_ratio_per_episode_std": 1.4089971357659403, "goal_after_found_std": 145.32320670136491, "num_ep": 100, "reward_per_dist_std": 0.0029162904171858208, "dist_ratio_per_episode": 2.4416914216986716, "reward_std": 15.180722944998296, "num_goal": 3.9500000000000002, "num_goals_std": 1.5190457530963311, "goal_after_found": 254.97350212835497, "goal_first_found": 341.52688172043008, "prob_shortest_per_episode_std": 0.20751323085428669, "goal_first_found_std": 219.1799276284728, "reward_per_dist": 0.007944281185639902}}