{"0": {"prob_shortest_per_episode": 0.0, "reward": 6.2963275957107543, "dist_ratio_per_episode_std": 0.72312948897611118, "goal_after_found_std": 210.05450497841841, "num_ep": 100, "reward_per_dist_std": 0.001917753494524203, "dist_ratio_per_episode": 2.026468215212454, "reward_std": 10.183124295080631, "num_goal": 1.04, "num_goals_std": 0.90465463023189119, "goal_after_found": 448.27777777777777, "goal_first_found": 453.40740740740739, "prob_shortest_per_episode_std": 0.0, "goal_first_found_std": 197.56466531788357, "reward_per_dist": 0.0057884048118258336}}