{"0": {"prob_shortest_per_episode": 0.040857142857142856, "reward": 63.97891067504883, "dist_ratio_per_episode_std": 0.12499076103132166, "goal_after_found_std": 16.123682213451492, "num_ep": 100, "reward_per_dist_std": 0.00059508565461142808, "dist_ratio_per_episode": 1.5750312020717812, "reward_std": 6.7610819952080776, "num_goal": 6.5499999999999998, "num_goals_std": 0.66895440801298267, "goal_after_found": 173.49373809814452, "goal_first_found": 144.44999999999999, "prob_shortest_per_episode_std": 0.07306748348518062, "goal_first_found_std": 38.275155127053374, "reward_per_dist": 0.0086733244019356684}}