{"0": {"goal_first_found": 667.95652173913038, "goal_after_found_std": 44.730471519089733, "num_ep": 100, "reward_std": 11.895342477056117, "num_goal": 1.1899999999999999, "num_goals_std": 1.2222520198387894, "goal_after_found": 134.15942017928413, "reward": 10.50582277238369, "goal_first_found_std": 235.55835209152661}}