{"0": {"prob_shortest_per_episode": 0.014503968253968252, "reward": 76.559027099609381, "dist_ratio_per_episode_std": 0.12124486414427564, "goal_after_found_std": 16.720914784541545, "num_ep": 100, "reward_per_dist_std": 0.00087949111137096295, "dist_ratio_per_episode": 1.2441185883468622, "reward_std": 9.4739611465407005, "num_goal": 7.8799999999999999, "num_goals_std": 0.94106322848148738, "goal_after_found": 144.90823043823241, "goal_first_found": 121.91, "prob_shortest_per_episode_std": 0.043852972437566626, "goal_first_found_std": 24.152471923180038, "reward_per_dist": 0.010627447381947605}}