{"0": {"prob_shortest_per_episode": NaN, "reward": 11.636037204265595, "dist_ratio_per_episode_std": NaN, "goal_after_found_std": 193.90151892836204, "num_ep": 100, "reward_per_dist_std": NaN, "dist_ratio_per_episode": NaN, "reward_std": 11.193308688993424, "num_goal": 1.53, "num_goals_std": 1.024255827418131, "goal_after_found": 383.89259236653646, "goal_first_found": 376.42222222222222, "prob_shortest_per_episode_std": NaN, "goal_first_found_std": 177.02385136081884, "reward_per_dist": -Infinity}}