{"0": {"prob_shortest_per_episode": 0.051527777777777777, "reward": 69.071511344909666, "dist_ratio_per_episode_std": 0.18816564037365607, "goal_after_found_std": 27.004596156257659, "num_ep": 100, "reward_per_dist_std": 0.001126065092870369, "dist_ratio_per_episode": 1.4079258919180888, "reward_std": 10.931521556979707, "num_goal": 7.0899999999999999, "num_goals_std": 1.0963119993870358, "goal_after_found": 158.40817779541015, "goal_first_found": 166.71000000000001, "prob_shortest_per_episode_std": 0.09134893700055445, "goal_first_found_std": 44.18807418297385, "reward_per_dist": 0.0082828094329788285}}