{"0": {"prob_shortest_per_episode": 0.0, "reward": 53.692178773880002, "dist_ratio_per_episode_std": 0.21390426708865318, "goal_after_found_std": 34.421935284880234, "num_ep": 100, "reward_per_dist_std": 0.0012797464651410923, "dist_ratio_per_episode": 1.3582612663218472, "reward_std": 13.266756985985895, "num_goal": 6.4299999999999997, "num_goals_std": 1.3509626197641444, "goal_after_found": 173.43321418762207, "goal_first_found": 182.90000000000001, "prob_shortest_per_episode_std": 0.0, "goal_first_found_std": 128.26562283012547, "reward_per_dist": 0.0073491591002638398}}