{"0": {"goal_first_found": 286.39999999999998, "goal_after_found_std": 118.25724124062734, "num_ep": 100, "reward_std": 17.748715678123233, "num_goal": 4.0599999999999996, "num_goals_std": 1.7766260157951081, "goal_after_found": 255.63957689073351, "reward": 40.410980470478535, "goal_first_found_std": 176.90353931513698}}