{"0": {"prob_shortest_per_episode": NaN, "reward": 27.427140998840333, "dist_ratio_per_episode_std": NaN, "goal_after_found_std": 105.1845622767014, "num_ep": 100, "reward_per_dist_std": NaN, "dist_ratio_per_episode": NaN, "reward_std": 20.80237094224351, "num_goal": 3.0499999999999998, "num_goals_std": 1.9098429254784279, "goal_after_found": 268.9337604229267, "goal_first_found": 266.93589743589746, "prob_shortest_per_episode_std": NaN, "goal_first_found_std": 130.30126234148446, "reward_per_dist": -Infinity}}