{"0": {"prob_shortest_per_episode": NaN, "reward": 16.085245208740233, "dist_ratio_per_episode_std": NaN, "goal_after_found_std": 94.104120061415699, "num_ep": 100, "reward_per_dist_std": NaN, "dist_ratio_per_episode": NaN, "reward_std": 21.866351930594266, "num_goal": 1.8899999999999999, "num_goals_std": 2.1066323836872916, "goal_after_found": 266.12163235278842, "goal_first_found": 254.91489361702128, "prob_shortest_per_episode_std": NaN, "goal_first_found_std": 123.23249602297486, "reward_per_dist": NaN}}