{"0": {"prob_shortest_per_episode": 0.035035714285714288, "reward": 71.733317832946781, "dist_ratio_per_episode_std": 0.18734258084728769, "goal_after_found_std": 23.150575271862952, "num_ep": 100, "reward_per_dist_std": 0.0010878621880520396, "dist_ratio_per_episode": 1.4133841692975775, "reward_std": 9.5564462225599804, "num_goal": 7.3300000000000001, "num_goals_std": 0.9492628719169417, "goal_after_found": 157.17282142639161, "goal_first_found": 140.78, "prob_shortest_per_episode_std": 0.075507214406556153, "goal_first_found_std": 43.271140498027087, "reward_per_dist": 0.0095996037183605637}}