{"0": {"goal_first_found": 84.989999999999995, "goal_after_found_std": 2.3194037714302591, "num_ep": 100, "reward_std": 3.3513749513009978, "num_goal": 13.949999999999999, "num_goals_std": 0.32787192621509997, "goal_after_found": 83.45070510864258, "reward": 138.50051300048827, "goal_first_found_std": 1.4932849694549264}}