{"0": {"prob_shortest_per_episode": NaN, "reward": 5.5991803216934208, "dist_ratio_per_episode_std": NaN, "goal_after_found_std": 174.33790651550171, "num_ep": 100, "reward_per_dist_std": NaN, "dist_ratio_per_episode": NaN, "reward_std": 10.769608555122163, "num_goal": 0.98999999999999999, "num_goals_std": 0.97462813421324945, "goal_after_found": 367.92307633620044, "goal_first_found": 493.80769230769232, "prob_shortest_per_episode_std": NaN, "goal_first_found_std": 224.24266032594952, "reward_per_dist": NaN}}