{"0": {"prob_shortest_per_episode": 0.88653846153846161, "reward": 138.1939141845703, "dist_ratio_per_episode_std": 0.017541440139352483, "goal_after_found_std": 1.997285087898774, "num_ep": 100, "reward_per_dist_std": 0.00029009918760665297, "dist_ratio_per_episode": 0.82388385352697457, "reward_std": 2.7327012992249631, "num_goal": 13.92, "num_goals_std": 0.27129319932501073, "goal_after_found": 84.299294815063476, "goal_first_found": 86.159999999999997, "prob_shortest_per_episode_std": 0.076077078634048001, "goal_first_found_std": 1.3016912076218383, "reward_per_dist": 0.015280190997337764}}