{"0": {"goal_first_found": 632.97435897435901, "goal_after_found_std": 103.39974748230074, "num_ep": 100, "reward_std": 21.505290857749014, "num_goal": 1.73, "num_goals_std": 2.1902282986026824, "goal_after_found": 132.4119655902569, "reward": 15.903695245981217, "goal_first_found_std": 235.50496616022249}}