{"0": {"goal_first_found": 518.28813559322032, "goal_after_found_std": 118.97749401053375, "num_ep": 100, "reward_std": 14.763202440222592, "num_goal": 1.6899999999999999, "num_goals_std": 1.5079456223617613, "goal_after_found": 152.24152568235235, "reward": 15.573715988397598, "goal_first_found_std": 260.27775586518891}}