{"58": {"goal_first_found": 558.0, "goal_after_found_std": 0.0, "num_ep": 100, "reward_std": 5.2145102742123592, "num_goal": 0.34000000000000002, "num_goals_std": 0.494368283772331, "goal_after_found": 515.0, "reward": 1.0001865351200103, "goal_first_found_std": 0.0}}