{"0": {"prob_shortest_per_episode": 0.030428571428571426, "reward": 68.28562377929687, "dist_ratio_per_episode_std": 0.24220637731790676, "goal_after_found_std": 24.336039284307223, "num_ep": 100, "reward_per_dist_std": 0.0014242691575789934, "dist_ratio_per_episode": 1.4297839745430876, "reward_std": 10.086378787428515, "num_goal": 7.04, "num_goals_std": 1.0384603988597734, "goal_after_found": 162.96919097900391, "goal_first_found": 154.47999999999999, "prob_shortest_per_episode_std": 0.076886390257331752, "goal_first_found_std": 45.301099324409336, "reward_per_dist": 0.0095790781504295538}}