{"0": {"prob_shortest_per_episode": 0.031761904761904762, "reward": 74.168534851074213, "dist_ratio_per_episode_std": 0.15959571653387469, "goal_after_found_std": 15.423653436832527, "num_ep": 100, "reward_per_dist_std": 0.00071589120404323811, "dist_ratio_per_episode": 1.5288203528540931, "reward_std": 7.5632822507612687, "num_goal": 7.5, "num_goals_std": 0.75498344352707492, "goal_after_found": 151.79284545898437, "goal_first_found": 129.46000000000001, "prob_shortest_per_episode_std": 0.065187867351882436, "goal_first_found_std": 58.190277538434202, "reward_per_dist": 0.0088711957938455814}}