{"58": {"goal_first_found": 319.39583333333331, "goal_after_found_std": 158.85847368892556, "num_ep": 100, "reward_std": 16.530813055554049, "num_goal": 1.74, "num_goals_std": 1.6347476869535555, "goal_after_found": 200.08611186345419, "reward": 16.023997018039225, "goal_first_found_std": 294.59065805957295}}