{"0": {"prob_shortest_per_episode": 0.36999999999999994, "reward": 14.115266122519969, "dist_ratio_per_episode_std": 0.42972515225994584, "goal_after_found_std": 52.58134346995022, "num_ep": 100, "reward_per_dist_std": 0.0049101359998272838, "dist_ratio_per_episode": 1.1730609549363282, "reward_std": 13.941095796623099, "num_goal": 1.55, "num_goals_std": 1.4309088021254186, "goal_after_found": 134.86666641235351, "goal_first_found": 587.91999999999996, "prob_shortest_per_episode_std": 0.3610016928245936, "goal_first_found_std": 214.44354408561711, "reward_per_dist": 0.017084123242038837}}