{"46": {"reward": 157.6617411804199, "goal_after_found_std": 1.0947611438858678, "num_ep": 1000, "reward_std": 5.600956802328675, "num_goal": 13.045, "num_goals_std": 0.3420160814932538, "goal_after_found": 86.77139046478271, "goal_first_found": 84.758, "goal_first_found_std": 9.016398172219327}, "57": {"goal_first_found": 84.756243756243762, "goal_after_found_std": 1.0943581724149065, "num_ep": 1001, "reward_std": 5.5602664658331475, "num_goal": 13.044955044955046, "num_goals_std": 0.34184815754104741, "goal_after_found": 86.771951848810374, "reward": 157.88316513061523, "goal_first_found_std": 9.0120644788168907}}