{"0": {"prob_shortest_per_episode": 0.049293650793650799, "reward": 76.707592582702631, "dist_ratio_per_episode_std": 0.21244727641478084, "goal_after_found_std": 22.531044251087035, "num_ep": 100, "reward_per_dist_std": 0.0011002287272514741, "dist_ratio_per_episode": 1.4856428237582897, "reward_std": 11.635510908403319, "num_goal": 7.7699999999999996, "num_goals_std": 1.1476497723608889, "goal_after_found": 150.61336112976073, "goal_first_found": 108.90000000000001, "prob_shortest_per_episode_std": 0.081750723782742521, "goal_first_found_std": 39.967361684254321, "reward_per_dist": 0.0091620779809834102}}