{"0": {"prob_shortest_per_episode": 0.011578947368421053, "reward": 32.885321919918063, "dist_ratio_per_episode_std": 0.87166723340209407, "goal_after_found_std": 113.31732942069202, "num_ep": 100, "reward_per_dist_std": 0.0013802258831512382, "dist_ratio_per_episode": 2.5302630713157717, "reward_std": 11.835313117899673, "num_goal": 3.5600000000000001, "num_goals_std": 1.1859173664298874, "goal_after_found": 300.15929806357934, "goal_first_found": 295.45263157894738, "prob_shortest_per_episode_std": 0.057332195225878825, "goal_first_found_std": 141.37607691775059, "reward_per_dist": 0.0065308981096859255}}