{"0": {"prob_shortest_per_episode": NaN, "reward": 25.707575926780702, "dist_ratio_per_episode_std": NaN, "goal_after_found_std": 185.35384700121091, "num_ep": 100, "reward_per_dist_std": NaN, "dist_ratio_per_episode": NaN, "reward_std": 16.270499599857644, "num_goal": 2.9500000000000002, "num_goals_std": 1.5960889699512368, "goal_after_found": 343.37139911416136, "goal_first_found": 268.39506172839504, "prob_shortest_per_episode_std": NaN, "goal_first_found_std": 181.85529989271762, "reward_per_dist": -Infinity}}