{"0": {"prob_shortest_per_episode": NaN, "reward": 3.3811785650253294, "dist_ratio_per_episode_std": NaN, "goal_after_found_std": 244.61615339138993, "num_ep": 100, "reward_per_dist_std": NaN, "dist_ratio_per_episode": NaN, "reward_std": 8.556232397848051, "num_goal": 0.93000000000000005, "num_goals_std": 0.7906326580656784, "goal_after_found": 390.0, "goal_first_found": 420.29166666666669, "prob_shortest_per_episode_std": NaN, "goal_first_found_std": 211.06406593865179, "reward_per_dist": -Infinity}}