{"0": {"prob_shortest_per_episode": NaN, "reward": 31.476657197475433, "dist_ratio_per_episode_std": NaN, "goal_after_found_std": 95.106814748873532, "num_ep": 100, "reward_per_dist_std": NaN, "dist_ratio_per_episode": NaN, "reward_std": 10.92928107669716, "num_goal": 3.4100000000000001, "num_goals_std": 1.0963119993870358, "goal_after_found": 305.25566997724712, "goal_first_found": 294.10309278350513, "prob_shortest_per_episode_std": NaN, "goal_first_found_std": 150.32668786086586, "reward_per_dist": -Infinity}}