{"0": {"prob_shortest_per_episode": NaN, "reward": 39.24589611530304, "dist_ratio_per_episode_std": NaN, "goal_after_found_std": 118.79255072428971, "num_ep": 100, "reward_per_dist_std": NaN, "dist_ratio_per_episode": NaN, "reward_std": 14.17713098924316, "num_goal": 4.2199999999999998, "num_goals_std": 1.4183088521193117, "goal_after_found": 262.50120261280807, "goal_first_found": 237.27835051546393, "prob_shortest_per_episode_std": NaN, "goal_first_found_std": 150.19875095696295, "reward_per_dist": Infinity}}