{"0": {"prob_shortest_per_episode": 0.20384615384615384, "reward": 138.62545303344726, "dist_ratio_per_episode_std": 0.0025388492122125706, "goal_after_found_std": 0.42755392377000251, "num_ep": 100, "reward_per_dist_std": 4.1805343883515587e-05, "dist_ratio_per_episode": 0.8903426181493781, "reward_std": 0.031035637987955104, "num_goal": 14.0, "num_goals_std": 0.0, "goal_after_found": 83.083076858520513, "goal_first_found": 95.859999999999999, "prob_shortest_per_episode_std": 0.11885797800278805, "goal_first_found_std": 1.5100993344810134, "reward_per_dist": 0.014090525940039643}}