{"0": {"prob_shortest_per_episode": NaN, "reward": 15.385604197978973, "dist_ratio_per_episode_std": NaN, "goal_after_found_std": 220.11104200574474, "num_ep": 100, "reward_per_dist_std": NaN, "dist_ratio_per_episode": NaN, "reward_std": 10.049172378960428, "num_goal": 1.9199999999999999, "num_goals_std": 0.9867117106835207, "goal_after_found": 481.90796035083372, "goal_first_found": 295.55223880597015, "prob_shortest_per_episode_std": NaN, "goal_first_found_std": 204.53458515575915, "reward_per_dist": NaN}}