{"0": {"prob_shortest_per_episode": 0.19493589743589745, "reward": 134.62430694580078, "dist_ratio_per_episode_std": 0.0022970613523955489, "goal_after_found_std": 0.37794712876921788, "num_ep": 100, "reward_per_dist_std": 0.00049640053204184464, "dist_ratio_per_episode": 0.89273153043534625, "reward_std": 4.9090722704129695, "num_goal": 13.6, "num_goals_std": 0.4898979485566356, "goal_after_found": 85.409871368408204, "goal_first_found": 90.25, "prob_shortest_per_episode_std": 0.12157231690644592, "goal_first_found_std": 0.95262794416288255, "reward_per_dist": 0.016751766963359761}}