{"0": {"prob_shortest_per_episode": NaN, "reward": 4.6474330592155457, "dist_ratio_per_episode_std": NaN, "goal_after_found_std": 210.41371770184239, "num_ep": 100, "reward_per_dist_std": NaN, "dist_ratio_per_episode": NaN, "reward_std": 10.713853599561421, "num_goal": 1.0800000000000001, "num_goals_std": 1.0067770358922574, "goal_after_found": 359.03333282470703, "goal_first_found": 372.40909090909093, "prob_shortest_per_episode_std": NaN, "goal_first_found_std": 260.05465493568653, "reward_per_dist": NaN}}