{"0": {"prob_shortest_per_episode": 0.061176767676767677, "reward": 108.67695846557618, "dist_ratio_per_episode_std": 0.068800183587883978, "goal_after_found_std": 7.5335513890572763, "num_ep": 100, "reward_per_dist_std": 0.00071187429598831094, "dist_ratio_per_episode": 1.0260957376509177, "reward_std": 5.9225283005496197, "num_goal": 10.9, "num_goals_std": 0.59160797830996148, "goal_after_found": 105.73903785705566, "goal_first_found": 89.390000000000001, "prob_shortest_per_episode_std": 0.071958138536673502, "goal_first_found_std": 2.2798903482404587, "reward_per_dist": 0.012637940501446001}}