{"0": {"prob_shortest_per_episode": NaN, "reward": 7.8055216467380522, "dist_ratio_per_episode_std": NaN, "goal_after_found_std": 141.86379858311133, "num_ep": 100, "reward_per_dist_std": NaN, "dist_ratio_per_episode": NaN, "reward_std": 10.581684310600574, "num_goal": 2.2400000000000002, "num_goals_std": 0.8957678270623477, "goal_after_found": 375.23839656008948, "goal_first_found": 381.59493670886076, "prob_shortest_per_episode_std": NaN, "goal_first_found_std": 137.13686400101895, "reward_per_dist": -Infinity}}