{"0": {"prob_shortest_per_episode": 0.0, "reward": 1.3489198303222656, "dist_ratio_per_episode_std": 0.79725025386196957, "goal_after_found_std": 163.80273726251914, "num_ep": 100, "reward_per_dist_std": 0.002583629101319076, "dist_ratio_per_episode": 2.1225289036241395, "reward_std": 8.6775741891341447, "num_goal": 0.69999999999999996, "num_goals_std": 0.80622577482985502, "goal_after_found": 466.35714285714283, "goal_first_found": 339.92857142857144, "prob_shortest_per_episode_std": 0.0, "goal_first_found_std": 130.1474242573257, "reward_per_dist": 0.0089862950255359432}}