{"0": {"prob_shortest_per_episode": NaN, "reward": 33.921638169288634, "dist_ratio_per_episode_std": NaN, "goal_after_found_std": 109.19669156552682, "num_ep": 100, "reward_per_dist_std": NaN, "dist_ratio_per_episode": NaN, "reward_std": 13.261408120737707, "num_goal": 3.6699999999999999, "num_goals_std": 1.3345785851721135, "goal_after_found": 264.95649092824834, "goal_first_found": 294.98947368421051, "prob_shortest_per_episode_std": NaN, "goal_first_found_std": 164.66505044047781, "reward_per_dist": Infinity}}