{"0": {"prob_shortest_per_episode": 0.44204339963833633, "reward": 27.685363507270814, "dist_ratio_per_episode_std": 1.0189304886330672, "goal_after_found_std": 175.43495325275049, "num_ep": 100, "reward_per_dist_std": 0.0038037420102768321, "dist_ratio_per_episode": 1.937805226535763, "reward_std": 18.173604996002837, "num_goal": 3.1299999999999999, "num_goals_std": 1.7756970462328308, "goal_after_found": 330.71766141094741, "goal_first_found": 254.55696202531647, "prob_shortest_per_episode_std": 0.38253943189875927, "goal_first_found_std": 170.96270574405304, "reward_per_dist": 0.0096000136948107048}}