{"0": {"prob_shortest_per_episode": 0.032130584192439859, "reward": 33.592908394336703, "dist_ratio_per_episode_std": 0.83366593383742194, "goal_after_found_std": 111.44868201139393, "num_ep": 100, "reward_per_dist_std": 0.0019679538022070167, "dist_ratio_per_episode": 2.3310764705994984, "reward_std": 11.462198673765807, "num_goal": 3.6600000000000001, "num_goals_std": 1.1594826432508596, "goal_after_found": 281.7487970725777, "goal_first_found": 271.28865979381442, "prob_shortest_per_episode_std": 0.13333864728844583, "goal_first_found_std": 163.27833163876929, "reward_per_dist": 0.0071036089671817773}}