{"0": {"prob_shortest_per_episode": NaN, "reward": 29.78774839401245, "dist_ratio_per_episode_std": NaN, "goal_after_found_std": 180.90042147608327, "num_ep": 100, "reward_per_dist_std": NaN, "dist_ratio_per_episode": NaN, "reward_std": 17.757116263699874, "num_goal": 3.3100000000000001, "num_goals_std": 1.7302889932031582, "goal_after_found": 318.72889937477549, "goal_first_found": 252.54022988505747, "prob_shortest_per_episode_std": NaN, "goal_first_found_std": 151.87122529041346, "reward_per_dist": NaN}}