{"0": {"prob_shortest_per_episode": 0.016666666666666666, "reward": 31.176646575927734, "dist_ratio_per_episode_std": 0.63441435669412316, "goal_after_found_std": 81.352938180866431, "num_ep": 100, "reward_per_dist_std": 0.00097361080131788767, "dist_ratio_per_episode": 2.7023802680839197, "reward_std": 7.5820508354796026, "num_goal": 3.3599999999999999, "num_goals_std": 0.75524830353996819, "goal_after_found": 306.53583374023435, "goal_first_found": 320.38999999999999, "prob_shortest_per_episode_std": 0.072648315725677884, "goal_first_found_std": 129.5439612641207, "reward_per_dist": 0.0061296273453007232}}