{"0": {"prob_shortest_per_episode": 0.0, "reward": 4.9251277303695682, "dist_ratio_per_episode_std": 0.13228536182426004, "goal_after_found_std": 166.36533792080911, "num_ep": 100, "reward_per_dist_std": 0.00071286545275415776, "dist_ratio_per_episode": 1.7166836008021544, "reward_std": 9.9032248648719943, "num_goal": 1.1000000000000001, "num_goals_std": 0.92195444572928875, "goal_after_found": 343.40277798970538, "goal_first_found": 424.04166666666669, "prob_shortest_per_episode_std": 0.0, "goal_first_found_std": 208.33896242395201, "reward_per_dist": 0.0095376893518635698}}