{"0": {"prob_shortest_per_episode": 0.0, "reward": -0.94325636625289921, "dist_ratio_per_episode_std": 1.1809945417407093, "goal_after_found_std": 187.49922448819214, "num_ep": 100, "reward_per_dist_std": 0.0046354806059659579, "dist_ratio_per_episode": 2.6068575749384828, "reward_std": 6.6904317253407353, "num_goal": 0.48999999999999999, "num_goals_std": 0.62441973062996659, "goal_after_found": 479.57142857142856, "goal_first_found": 446.85714285714283, "prob_shortest_per_episode_std": 0.0, "goal_first_found_std": 177.80039255253834, "reward_per_dist": 0.012319177075806667}}