{"0": {"prob_shortest_per_episode": NaN, "reward": 33.313051898479465, "dist_ratio_per_episode_std": NaN, "goal_after_found_std": 112.11231347321234, "num_ep": 100, "reward_per_dist_std": NaN, "dist_ratio_per_episode": NaN, "reward_std": 11.427713468813264, "num_goal": 3.6000000000000001, "num_goals_std": 1.1489125293076059, "goal_after_found": 299.07525823534149, "goal_first_found": 280.89690721649487, "prob_shortest_per_episode_std": NaN, "goal_first_found_std": 123.20810360750789, "reward_per_dist": NaN}}