{"0": {"prob_shortest_per_episode": 0.040935672514619881, "reward": 14.988404245376588, "dist_ratio_per_episode_std": 0.95533575502664625, "goal_after_found_std": 142.913533001861, "num_ep": 100, "reward_per_dist_std": 0.0024018896029946836, "dist_ratio_per_episode": 2.7320962109524736, "reward_std": 9.6248094105524338, "num_goal": 1.8300000000000001, "num_goals_std": 0.95973954800247763, "goal_after_found": 364.71929824561403, "goal_first_found": 407.36842105263156, "prob_shortest_per_episode_std": 0.13348201415805064, "goal_first_found_std": 176.71462092420117, "reward_per_dist": 0.0072646887262381495}}