{"0": {"prob_shortest_per_episode": 0.58366406846553898, "reward": 112.1213656425476, "dist_ratio_per_episode_std": 0.22530365352551093, "goal_after_found_std": 68.782400512232073, "num_ep": 100, "reward_per_dist_std": 0.013498481413827965, "dist_ratio_per_episode": 0.9869552361152536, "reward_std": 91.326603099880387, "num_goal": 11.26, "num_goals_std": 9.1712812627244187, "goal_after_found": 143.63537252426147, "goal_first_found": 148.41999999999999, "prob_shortest_per_episode_std": 0.43108887041677257, "goal_first_found_std": 88.856646346798385, "reward_per_dist": 0.014719444251771827}}