{"0": {"prob_shortest_per_episode": NaN, "reward": 12.044522117674351, "dist_ratio_per_episode_std": NaN, "goal_after_found_std": 163.13803055349101, "num_ep": 100, "reward_per_dist_std": NaN, "dist_ratio_per_episode": NaN, "reward_std": 12.714458801291757, "num_goal": 1.29, "num_goals_std": 1.2513592609638529, "goal_after_found": 385.14639653386297, "goal_first_found": 361.51351351351349, "prob_shortest_per_episode_std": NaN, "goal_first_found_std": 162.08433267427804, "reward_per_dist": NaN}}