{"0": {"prob_shortest_per_episode": 0.36400375939849627, "reward": 4.1949860668182373, "dist_ratio_per_episode_std": 0.38092732813742425, "goal_after_found_std": 84.140986210094809, "num_ep": 100, "reward_per_dist_std": 0.015680640911042359, "dist_ratio_per_episode": 1.7684604756454223, "reward_std": 26.583006858482321, "num_goal": 0.79000000000000004, "num_goals_std": 2.6279079131506875, "goal_after_found": 158.80310173034667, "goal_first_found": 318.30000000000001, "prob_shortest_per_episode_std": 0.31562329195704386, "goal_first_found_std": 255.1341019934419, "reward_per_dist": 0.037747500280816013}}