{"0": {"prob_shortest_per_episode": 0.29245221898283119, "reward": 32.845863913595679, "dist_ratio_per_episode_std": 0.29597394399629534, "goal_after_found_std": 34.818370156173458, "num_ep": 100, "reward_per_dist_std": 0.0014002928981426222, "dist_ratio_per_episode": 1.4812495473920866, "reward_std": 34.029095619359083, "num_goal": 3.3300000000000001, "num_goals_std": 3.400161760857856, "goal_after_found": 173.05370782346142, "goal_first_found": 140.77551020408163, "prob_shortest_per_episode_std": 0.22377545433613344, "goal_first_found_std": 36.524112977885231, "reward_per_dist": 0.009601670117049101}}