{"0": {"prob_shortest_per_episode": 0.0, "reward": 1.1480139911174774, "dist_ratio_per_episode_std": 0.44937904838361264, "goal_after_found_std": 60.0, "num_ep": 100, "reward_per_dist_std": 0.0014240153476641399, "dist_ratio_per_episode": 2.7181792329978309, "reward_std": 4.2360187071953996, "num_goal": 0.16, "num_goals_std": 0.41761226035642196, "goal_after_found": 351.0, "goal_first_found": 272.0, "prob_shortest_per_episode_std": 0.0, "goal_first_found_std": 17.0, "reward_per_dist": 0.0087824634952654388}}