{"0": {"prob_shortest_per_episode": NaN, "reward": 35.648712336719036, "dist_ratio_per_episode_std": NaN, "goal_after_found_std": 27.636702209019703, "num_ep": 100, "reward_per_dist_std": NaN, "dist_ratio_per_episode": NaN, "reward_std": 35.29209879536851, "num_goal": 3.6099999999999999, "num_goals_std": 3.5267407049569148, "goal_after_found": 163.39596427755154, "goal_first_found": 108.91489361702128, "prob_shortest_per_episode_std": NaN, "goal_first_found_std": 27.805425604974811, "reward_per_dist": -Infinity}}