{"0": {"prob_shortest_per_episode": 0.41300000000000003, "reward": 55.731779766082767, "dist_ratio_per_episode_std": 0.25139102568233179, "goal_after_found_std": 32.899973207272261, "num_ep": 100, "reward_per_dist_std": 0.0018182616125929497, "dist_ratio_per_episode": 1.5674373356116484, "reward_std": 11.164736874865167, "num_goal": 5.6299999999999999, "num_goals_std": 1.1104503590885999, "goal_after_found": 174.86226203918457, "goal_first_found": 270.88, "prob_shortest_per_episode_std": 0.19727233498303776, "goal_first_found_std": 110.28474781219748, "reward_per_dist": 0.0093879524771714028}}