{"0": {"goal_first_found": 77.428571428571431, "goal_after_found_std": 19.653044232041445, "num_ep": 100, "reward_std": 63.53922151448014, "num_goal": 1.7, "num_goals_std": 6.3458647952820426, "goal_after_found": 52.329865591866628, "reward": 16.006629097824916, "goal_first_found_std": 78.188156105014016}}