{"0": {"goal_first_found": 304.28571428571428, "goal_after_found_std": 295.1531153605751, "num_ep": 100, "reward_std": 18.948396218453368, "num_goal": 0.76000000000000001, "num_goals_std": 1.8821264569629748, "goal_after_found": 321.75340053013394, "reward": 3.5795573103427887, "goal_first_found_std": 260.7769787635811}}