{"0": {"prob_shortest_per_episode": 0.24620634920634921, "reward": 67.995173091888432, "dist_ratio_per_episode_std": 0.53592607753414867, "goal_after_found_std": 61.405216003970189, "num_ep": 100, "reward_per_dist_std": 0.0022237343864543583, "dist_ratio_per_episode": 1.5785119141766291, "reward_std": 20.326286622957845, "num_goal": 6.8200000000000003, "num_goals_std": 2.031649576083435, "goal_after_found": 175.48513481140137, "goal_first_found": 168.43000000000001, "prob_shortest_per_episode_std": 0.209253601017824, "goal_first_found_std": 94.041613661187242, "reward_per_dist": 0.0095996167868855099}}