{"0": {"prob_shortest_per_episode": 0.31245634920634918, "reward": 76.54700042724609, "dist_ratio_per_episode_std": 0.26486943618965297, "goal_after_found_std": 30.854437168893782, "num_ep": 100, "reward_per_dist_std": 0.001676245273025268, "dist_ratio_per_episode": 1.3422361987160563, "reward_std": 13.645228157969481, "num_goal": 7.6699999999999999, "num_goals_std": 1.3642213896578517, "goal_after_found": 150.09317878723144, "goal_first_found": 128.88, "prob_shortest_per_episode_std": 0.18370831827917716, "goal_first_found_std": 53.958369137697261, "reward_per_dist": 0.010436266719099909}}