{"0": {"prob_shortest_per_episode": 0.081119047619047618, "reward": 47.89003454208374, "dist_ratio_per_episode_std": 1.1922317428142659, "goal_after_found_std": 141.63442890563044, "num_ep": 100, "reward_per_dist_std": 0.0024600457770103902, "dist_ratio_per_episode": 2.2547080303615359, "reward_std": 13.307156755921545, "num_goal": 4.8099999999999996, "num_goals_std": 1.3318783728253869, "goal_after_found": 255.42690444946288, "goal_first_found": 210.49000000000001, "prob_shortest_per_episode_std": 0.13292976978895707, "goal_first_found_std": 149.52768940901882, "reward_per_dist": 0.0077694614821181692}}