{"0": {"prob_shortest_per_episode": 0.22640873015873017, "reward": 66.19732320785522, "dist_ratio_per_episode_std": 0.54517085851658198, "goal_after_found_std": 64.94428063479883, "num_ep": 100, "reward_per_dist_std": 0.0019021240961135629, "dist_ratio_per_episode": 1.6170368877517338, "reward_std": 19.176963267426665, "num_goal": 6.6399999999999997, "num_goals_std": 1.9158288023724874, "goal_after_found": 180.35321044921875, "goal_first_found": 159.00999999999999, "prob_shortest_per_episode_std": 0.19491806083010291, "goal_first_found_std": 92.705716652210825, "reward_per_dist": 0.0093889952104205306}}