{"0": {"prob_shortest_per_episode": 0.014705882352941176, "reward": 10.625907361507416, "dist_ratio_per_episode_std": 0.4925598361035658, "goal_after_found_std": 135.83406645371267, "num_ep": 100, "reward_per_dist_std": 0.0025952006770559892, "dist_ratio_per_episode": 1.4948130060012332, "reward_std": 11.23392662204783, "num_goal": 1.1799999999999999, "num_goals_std": 1.0712609392673662, "goal_after_found": 342.60784283806294, "goal_first_found": 375.64705882352939, "prob_shortest_per_episode_std": 0.084478862449088643, "goal_first_found_std": 201.24069322330544, "reward_per_dist": 0.0082801197386989916}}