{"0": {"prob_shortest_per_episode": 0.5799683379667685, "reward": 103.7436911392212, "dist_ratio_per_episode_std": 0.47785432175294273, "goal_after_found_std": 145.83413616878022, "num_ep": 100, "reward_per_dist_std": 0.013211490068899896, "dist_ratio_per_episode": 1.1560786737933293, "reward_std": 87.789607399070249, "num_goal": 10.43, "num_goals_std": 8.8252535374344916, "goal_after_found": 177.70205917743721, "goal_first_found": 172.69696969696969, "prob_shortest_per_episode_std": 0.41004250597819897, "goal_first_found_std": 163.98721646071817, "reward_per_dist": 0.014583149615156938}}