{"0": {"prob_shortest_per_episode": NaN, "reward": 10.94851265013218, "dist_ratio_per_episode_std": NaN, "goal_after_found_std": 140.28294828518816, "num_ep": 100, "reward_per_dist_std": NaN, "dist_ratio_per_episode": NaN, "reward_std": 11.586875823921822, "num_goal": 1.1899999999999999, "num_goals_std": 1.1286717857729944, "goal_after_found": 373.39705882352939, "goal_first_found": 356.3235294117647, "prob_shortest_per_episode_std": NaN, "goal_first_found_std": 185.87119521612988, "reward_per_dist": -Infinity}}