{"70": {"goal_first_found": 190.45454545454547, "goal_after_found_std": 101.59330795578659, "num_ep": 100, "reward_std": 67.171566019842359, "num_goal": 1.96, "num_goals_std": 6.7155342304242618, "goal_after_found": 100.02168794111772, "reward": 18.974999570765068, "goal_first_found_std": 268.91038170444392}}