{"70": {"goal_first_found": 216.05434782608697, "goal_after_found_std": 148.27250075781404, "num_ep": 100, "reward_std": 116.77427649231279, "num_goal": 8.4900000000000002, "num_goals_std": 11.737542332192035, "goal_after_found": 245.32779046763545, "reward": 84.26142393395304, "goal_first_found_std": 152.72171083168652}}