{"0": {"prob_shortest_per_episode": 0.48930952380952392, "reward": 64.159411735534661, "dist_ratio_per_episode_std": 0.33360814501288039, "goal_after_found_std": 45.16130565320271, "num_ep": 100, "reward_per_dist_std": 0.0015774263776263599, "dist_ratio_per_episode": 1.4785500891201742, "reward_std": 13.277651224330597, "num_goal": 6.4699999999999998, "num_goals_std": 1.3225354437594479, "goal_after_found": 166.50552436828613, "goal_first_found": 236.50999999999999, "prob_shortest_per_episode_std": 0.19663481092170113, "goal_first_found_std": 78.739125598396129, "reward_per_dist": 0.0097863303521827164}}