{"0": {"prob_shortest_per_episode": 0.27030772005772002, "reward": 71.783088397979739, "dist_ratio_per_episode_std": 0.58221669471759419, "goal_after_found_std": 75.739334775575443, "num_ep": 100, "reward_per_dist_std": 0.0023063174554198334, "dist_ratio_per_episode": 1.5471832612148151, "reward_std": 22.483085833125031, "num_goal": 7.2000000000000002, "num_goals_std": 2.2449944320643649, "goal_after_found": 168.07293632507324, "goal_first_found": 181.37, "prob_shortest_per_episode_std": 0.18663028510724203, "goal_first_found_std": 103.19017928078235, "reward_per_dist": 0.0083500677230303692}}