{"0": {"prob_shortest_per_episode": 0.3355198412698413, "reward": 78.194973106384282, "dist_ratio_per_episode_std": 0.23253669595237089, "goal_after_found_std": 28.036634038397779, "num_ep": 100, "reward_per_dist_std": 0.0015571787909685868, "dist_ratio_per_episode": 1.3143332920229898, "reward_std": 12.231067854179651, "num_goal": 7.8399999999999999, "num_goals_std": 1.2224565431948902, "goal_after_found": 144.61355522155762, "goal_first_found": 149.93000000000001, "prob_shortest_per_episode_std": 0.16967197369177556, "goal_first_found_std": 49.300153143778367, "reward_per_dist": 0.010543934029200184}}