{"0": {"prob_shortest_per_episode": 0.31232142857142853, "reward": 60.430410881042484, "dist_ratio_per_episode_std": 0.39156071457061842, "goal_after_found_std": 59.169055732381395, "num_ep": 100, "reward_per_dist_std": 0.0013960530725615706, "dist_ratio_per_episode": 1.7130700066336362, "reward_std": 14.213174726870427, "num_goal": 6.0899999999999999, "num_goals_std": 1.4148851543499918, "goal_after_found": 195.68095245361329, "goal_first_found": 164.65000000000001, "prob_shortest_per_episode_std": 0.17324904535866012, "goal_first_found_std": 109.39281283521326, "reward_per_dist": 0.0071179698700022933}}