{"0": {"goal_first_found": 152.84, "goal_after_found_std": 70.609931496421623, "num_ep": 100, "reward_std": 115.76820343285596, "num_goal": 12.91, "num_goals_std": 11.620752987651016, "goal_after_found": 135.88742654800416, "reward": 128.57842861175538, "goal_first_found_std": 120.23616095002367}}