{"0": {"prob_shortest_per_episode": 0.20012820512820512, "reward": 2.8362920212745668, "dist_ratio_per_episode_std": 0.78080914590298101, "goal_after_found_std": 177.65466158606245, "num_ep": 100, "reward_per_dist_std": 0.01928370205587486, "dist_ratio_per_episode": 2.400820990959565, "reward_std": 21.335855844778052, "num_goal": 0.64000000000000001, "num_goals_std": 2.1190563937753053, "goal_after_found": 236.71247253417968, "goal_first_found": 154.59999999999999, "prob_shortest_per_episode_std": 0.23331533461153278, "goal_first_found_std": 210.59259246231809, "reward_per_dist": 0.037706253526089084}}