{"0": {"goal_first_found": 159.46391752577318, "goal_after_found_std": 141.50989754915744, "num_ep": 100, "reward_std": 123.14024577056503, "num_goal": 12.369999999999999, "num_goals_std": 12.370654792693877, "goal_after_found": 165.7496089542035, "reward": 123.16811036109924, "goal_first_found_std": 137.35761601540884}}