{"0": {"prob_shortest_per_episode": NaN, "reward": 34.677405131161215, "dist_ratio_per_episode_std": NaN, "goal_after_found_std": 37.952148635680643, "num_ep": 100, "reward_per_dist_std": NaN, "dist_ratio_per_episode": NaN, "reward_std": 32.36929844218227, "num_goal": 3.5099999999999998, "num_goals_std": 3.2295355703258632, "goal_after_found": 183.54941655939277, "goal_first_found": 141.1090909090909, "prob_shortest_per_episode_std": NaN, "goal_first_found_std": 46.964850580861473, "reward_per_dist": NaN}}