{"0": {"prob_shortest_per_episode": 0.28663492063492063, "reward": 62.777858009338381, "dist_ratio_per_episode_std": 0.32293526120448124, "goal_after_found_std": 40.505743046310926, "num_ep": 100, "reward_per_dist_std": 0.0014875092695238326, "dist_ratio_per_episode": 1.5255852434326527, "reward_std": 13.849197829184158, "num_goal": 6.3200000000000003, "num_goals_std": 1.3847743498491005, "goal_after_found": 183.48588462829591, "goal_first_found": 148.77000000000001, "prob_shortest_per_episode_std": 0.2199960265565728, "goal_first_found_std": 50.324120459278781, "reward_per_dist": 0.0095197474863487497}}