{"0": {"goal_first_found": 188.875, "goal_after_found_std": 74.347189713045282, "num_ep": 100, "reward_std": 34.965714036601099, "num_goal": 1.23, "num_goals_std": 3.4636830109003909, "goal_after_found": 126.59606266021729, "reward": 8.6583750173449516, "goal_first_found_std": 199.41598324858518}}