{"0": {"prob_shortest_per_episode": 0.65048471626542659, "reward": 124.46963769912719, "dist_ratio_per_episode_std": 0.24490302200907449, "goal_after_found_std": 69.06819256219066, "num_ep": 100, "reward_per_dist_std": 0.017081675667883836, "dist_ratio_per_episode": 0.98511937412872574, "reward_std": 120.82169751790229, "num_goal": 12.49, "num_goals_std": 12.122289387735304, "goal_after_found": 137.26071184158326, "goal_first_found": 148.72, "prob_shortest_per_episode_std": 0.39523911518691196, "goal_first_found_std": 81.281619078362368, "reward_per_dist": 0.019272711101400594}}