{"0": {"prob_shortest_per_episode": 0.080808080808080815, "reward": 56.357478062063457, "dist_ratio_per_episode_std": 0.029179704963147205, "goal_after_found_std": 6.4665307251992514, "num_ep": 100, "reward_per_dist_std": 0.00028997998900083836, "dist_ratio_per_episode": 0.9462329668907451, "reward_std": 7.7672739497809493, "num_goal": 5.6900000000000004, "num_goals_std": 0.78351770879795701, "goal_after_found": 177.03467968256786, "goal_first_found": 247.23232323232324, "prob_shortest_per_episode_std": 0.12884629295182617, "goal_first_found_std": 91.09722060344815, "reward_per_dist": 0.0082057889086625466}}