{"0": {"prob_shortest_per_episode": NaN, "reward": 42.460859953537586, "dist_ratio_per_episode_std": NaN, "goal_after_found_std": 35.300967700410389, "num_ep": 100, "reward_per_dist_std": NaN, "dist_ratio_per_episode": NaN, "reward_std": 17.880589058394531, "num_goal": 4.2800000000000002, "num_goals_std": 1.7948816116947657, "goal_after_found": 201.32981499565972, "goal_first_found": 348.96666666666664, "prob_shortest_per_episode_std": NaN, "goal_first_found_std": 214.1146344056535, "reward_per_dist": NaN}}