{"0": {"prob_shortest_per_episode": 0.075833333333333336, "reward": 52.907003784179686, "dist_ratio_per_episode_std": 0.036780734813315834, "goal_after_found_std": 8.0840731264410461, "num_ep": 100, "reward_per_dist_std": 0.00053428539997746446, "dist_ratio_per_episode": 0.93998477018955839, "reward_std": 8.5558453483415615, "num_goal": 5.3300000000000001, "num_goals_std": 0.84917607125966532, "goal_after_found": 177.19833328247071, "goal_first_found": 347.22000000000003, "prob_shortest_per_episode_std": 0.13096596249916745, "goal_first_found_std": 160.68370048016695, "reward_per_dist": 0.0084755627451830531}}