{"0": {"prob_shortest_per_episode": NaN, "reward": 52.917004308700562, "dist_ratio_per_episode_std": NaN, "goal_after_found_std": 10.391852736386886, "num_ep": 100, "reward_per_dist_std": NaN, "dist_ratio_per_episode": NaN, "reward_std": 10.407051341128346, "num_goal": 5.3499999999999996, "num_goals_std": 1.0428326807307104, "goal_after_found": 178.33114439068419, "goal_first_found": 323.18181818181819, "prob_shortest_per_episode_std": NaN, "goal_first_found_std": 161.20708581792036, "reward_per_dist": Infinity}}