{"0": {"prob_shortest_per_episode": 0.068000000000000005, "reward": 57.760989551544192, "dist_ratio_per_episode_std": 0.03370695886657836, "goal_after_found_std": 6.4657732658299301, "num_ep": 100, "reward_per_dist_std": 0.00067309568826090255, "dist_ratio_per_episode": 0.95404629340196845, "reward_std": 7.046447015462376, "num_goal": 5.8300000000000001, "num_goals_std": 0.70788417131618364, "goal_after_found": 177.19666778564454, "goal_first_found": 263.64999999999998, "prob_shortest_per_episode_std": 0.11381466415966696, "goal_first_found_std": 119.60529879566373, "reward_per_dist": 0.0081683436408171248}}