{"0": {"prob_shortest_per_episode": 0.31950901875901871, "reward": 78.117088966369636, "dist_ratio_per_episode_std": 0.43100348394162724, "goal_after_found_std": 37.157661251991385, "num_ep": 100, "reward_per_dist_std": 0.0025289636236120639, "dist_ratio_per_episode": 1.4235365239242115, "reward_std": 22.131990571512137, "num_goal": 7.8399999999999999, "num_goals_std": 2.2078043391568918, "goal_after_found": 151.06788848876954, "goal_first_found": 162.06999999999999, "prob_shortest_per_episode_std": 0.29833336680475137, "goal_first_found_std": 82.059399827198348, "reward_per_dist": 0.0089672036172682365}}