{"0": {"goal_first_found": 188.93000000000001, "goal_after_found_std": 46.054195295003552, "num_ep": 100, "reward_std": 26.98683024906709, "num_goal": 8.1400000000000006, "num_goals_std": 2.7019252395282884, "goal_after_found": 144.05728553771974, "reward": 80.978695869445801, "goal_first_found_std": 125.82481909384968}}