{"0": {"goal_first_found": 195.59999999999999, "goal_after_found_std": 102.01882891246639, "num_ep": 100, "reward_std": 23.220924188588604, "num_goal": 5.7199999999999998, "num_goals_std": 2.3284329494318707, "goal_after_found": 221.36311523437499, "reward": 56.905476131439208, "goal_first_found_std": 131.20022865833735}}