{"0": {"prob_shortest_per_episode": 0.26114718614718613, "reward": 27.384982236623763, "dist_ratio_per_episode_std": 10.28034288406128, "goal_after_found_std": 166.04567598945263, "num_ep": 100, "reward_per_dist_std": 0.0049384746701991991, "dist_ratio_per_episode": 5.1321915616956195, "reward_std": 22.65594359857381, "num_goal": 2.8999999999999999, "num_goals_std": 2.2825424421026654, "goal_after_found": 272.96976996913099, "goal_first_found": 257.13636363636363, "prob_shortest_per_episode_std": 0.30636532541694317, "goal_first_found_std": 198.0610470906777, "reward_per_dist": 0.008864269325475127}}