{"0": {"prob_shortest_per_episode": NaN, "reward": 33.190844156295064, "dist_ratio_per_episode_std": NaN, "goal_after_found_std": 167.0354158543733, "num_ep": 100, "reward_per_dist_std": NaN, "dist_ratio_per_episode": NaN, "reward_std": 24.273654305876136, "num_goal": 3.3599999999999999, "num_goals_std": 2.4228908353452496, "goal_after_found": 240.7119091796875, "goal_first_found": 273.0, "prob_shortest_per_episode_std": NaN, "goal_first_found_std": 201.30560515461724, "reward_per_dist": -Infinity}}