{"0": {"prob_shortest_per_episode": NaN, "reward": 25.505225161910058, "dist_ratio_per_episode_std": NaN, "goal_after_found_std": 147.59298835265665, "num_ep": 100, "reward_per_dist_std": NaN, "dist_ratio_per_episode": NaN, "reward_std": 21.323739072099766, "num_goal": 2.7000000000000002, "num_goals_std": 2.118962010041709, "goal_after_found": 254.26432141390714, "goal_first_found": 274.69696969696969, "prob_shortest_per_episode_std": NaN, "goal_first_found_std": 210.14770921375032, "reward_per_dist": NaN}}