{"0": {"goal_first_found": 190.66, "goal_after_found_std": 83.606361712637195, "num_ep": 100, "reward_std": 25.713326162965224, "num_goal": 6.4699999999999998, "num_goals_std": 2.5785848832256808, "goal_after_found": 191.44344856262208, "reward": 64.405346469879149, "goal_first_found_std": 133.22839186900066}}