{"0": {"goal_first_found": 298.84615384615387, "goal_after_found_std": 182.7759662084992, "num_ep": 100, "reward_std": 16.45235917714243, "num_goal": 2.2000000000000002, "num_goals_std": 1.6431676725154982, "goal_after_found": 266.73666663536659, "reward": 20.764967737197875, "goal_first_found_std": 280.99659076876475}}