{"0": {"goal_first_found": 268.46774193548384, "goal_after_found_std": 151.10193213439356, "num_ep": 100, "reward_std": 17.864766387393963, "num_goal": 2.48, "num_goals_std": 1.785945127936466, "goal_after_found": 259.42258102663101, "reward": 23.542568236589432, "goal_first_found_std": 236.20082473306175}}