{"0": {"prob_shortest_per_episode": 0.35302922077922078, "reward": 60.79736431121826, "dist_ratio_per_episode_std": 3.330310181721917, "goal_after_found_std": 86.663885121087191, "num_ep": 100, "reward_per_dist_std": 0.0026164834260661365, "dist_ratio_per_episode": 2.5504678929645594, "reward_std": 23.298308068209622, "num_goal": 6.1100000000000003, "num_goals_std": 2.3362148873765869, "goal_after_found": 202.67609825134278, "goal_first_found": 199.63999999999999, "prob_shortest_per_episode_std": 0.25826510393905833, "goal_first_found_std": 135.46937070792055, "reward_per_dist": 0.0083076379231134864}}