{"0": {"prob_shortest_per_episode": 0.0035460992907801418, "reward": 26.682349910736082, "dist_ratio_per_episode_std": 0.66743177802641429, "goal_after_found_std": 153.75038595557623, "num_ep": 100, "reward_per_dist_std": 0.0019837311911199422, "dist_ratio_per_episode": 1.7573039478908512, "reward_std": 7.3182678436237421, "num_goal": 2.7200000000000002, "num_goals_std": 0.72221880341071154, "goal_after_found": 351.92553207722113, "goal_first_found": 374.14893617021278, "prob_shortest_per_episode_std": 0.034197343124088501, "goal_first_found_std": 163.39164263158318, "reward_per_dist": 0.0063831787864942644}}