{"0": {"prob_shortest_per_episode": 0.30421428571428566, "reward": 59.147761688232421, "dist_ratio_per_episode_std": 0.40781865667875733, "goal_after_found_std": 42.95449321324606, "num_ep": 100, "reward_per_dist_std": 0.0017001403513790295, "dist_ratio_per_episode": 1.8039818219837982, "reward_std": 12.473395892769476, "num_goal": 5.96, "num_goals_std": 1.2483589227461789, "goal_after_found": 193.98342872619628, "goal_first_found": 170.5, "prob_shortest_per_episode_std": 0.237949742449898, "goal_first_found_std": 72.404903148889034, "reward_per_dist": 0.0082133013915728047}}