{"0": {"goal_first_found": 226.94999999999999, "goal_after_found_std": 104.67305440662146, "num_ep": 68, "reward_std": 23.792934203400414, "num_goal": 2.8235294117647061, "num_goals_std": 2.3759900504259659, "goal_after_found": 188.16446418762206, "reward": 26.702707214390529, "goal_first_found_std": 183.79389951791109}}