{"0": {"prob_shortest_per_episode": 0.23248371998371994, "reward": 35.807282536253332, "dist_ratio_per_episode_std": 9.786888611645665, "goal_after_found_std": 188.84840689371353, "num_ep": 100, "reward_per_dist_std": 0.044991366250333009, "dist_ratio_per_episode": 4.8817196142583894, "reward_std": 25.524435552548855, "num_goal": 3.6200000000000001, "num_goals_std": 2.5525673350570006, "goal_after_found": 248.44098037328476, "goal_first_found": 256.96153846153845, "prob_shortest_per_episode_std": 0.28575296031971659, "goal_first_found_std": 225.55103136868894, "reward_per_dist": 0.02035965065224896}}