{"0": {"prob_shortest_per_episode": 0.51992460317460309, "reward": 95.091433296203618, "dist_ratio_per_episode_std": 0.14081942380716481, "goal_after_found_std": 17.900973282368781, "num_ep": 100, "reward_per_dist_std": 0.0011989135702343641, "dist_ratio_per_episode": 1.0749527957872635, "reward_std": 12.107285495952512, "num_goal": 9.5299999999999994, "num_goals_std": 1.2120643547270913, "goal_after_found": 121.88526962280274, "goal_first_found": 109.05, "prob_shortest_per_episode_std": 0.1877584663066251, "goal_first_found_std": 39.22763694131983, "reward_per_dist": 0.012386059764709847}}