{"0": {"goal_first_found": 209.37837837837839, "goal_after_found_std": 130.37421080199024, "num_ep": 100, "reward_std": 24.780440615641886, "num_goal": 3.6600000000000001, "num_goals_std": 2.4787900274125683, "goal_after_found": 213.08523131705618, "reward": 36.213036669939754, "goal_first_found_std": 198.27749478423135}}