{"0": {"prob_shortest_per_episode": 0.2853174603174603, "reward": 73.10206207275391, "dist_ratio_per_episode_std": 0.11196926926529259, "goal_after_found_std": 12.106998702733042, "num_ep": 100, "reward_per_dist_std": 0.00054184757831683532, "dist_ratio_per_episode": 1.5479888872649996, "reward_std": 6.6597151973489339, "num_goal": 7.3300000000000001, "num_goals_std": 0.66415359669281326, "goal_after_found": 148.1055599975586, "goal_first_found": 170.49000000000001, "prob_shortest_per_episode_std": 0.11566524370640854, "goal_first_found_std": 27.406384292715448, "reward_per_dist": 0.0076181731920676185}}