{"0": {"prob_shortest_per_episode": NaN, "reward": 29.707832261472941, "dist_ratio_per_episode_std": NaN, "goal_after_found_std": 105.33622055074335, "num_ep": 100, "reward_per_dist_std": NaN, "dist_ratio_per_episode": NaN, "reward_std": 22.000964072089847, "num_goal": 3.02, "num_goals_std": 2.2044500447957533, "goal_after_found": 225.70415815666541, "goal_first_found": 291.53731343283584, "prob_shortest_per_episode_std": NaN, "goal_first_found_std": 268.00408374913837, "reward_per_dist": NaN}}