{"0": {"goal_first_found": 289.47727272727275, "goal_after_found_std": 107.79970995643829, "num_ep": 80, "reward_std": 20.215735298148701, "num_goal": 2.2625000000000002, "num_goals_std": 1.9795438237129279, "goal_after_found": 252.34231636740944, "reward": 20.936371982097626, "goal_first_found_std": 224.54969976664245}}