{"99": {"goal_first_found": 223.6764705882353, "goal_after_found_std": 186.28275301658334, "num_ep": 100, "reward_std": 17.428143000047704, "num_goal": 2.3599999999999999, "num_goals_std": 1.7408044117591155, "goal_after_found": 285.04215678046734, "reward": 22.373830090165139, "goal_first_found_std": 231.93942167885072}}