{"0": {"prob_shortest_per_episode": 0.30415476190476193, "reward": 72.933973350524909, "dist_ratio_per_episode_std": 0.1599962879038099, "goal_after_found_std": 16.354628050315753, "num_ep": 100, "reward_per_dist_std": 0.00076882804746884954, "dist_ratio_per_episode": 1.5438124314030179, "reward_std": 8.3202826412923194, "num_goal": 7.3099999999999996, "num_goals_std": 0.83300660261488924, "goal_after_found": 151.22585647583008, "goal_first_found": 170.11000000000001, "prob_shortest_per_episode_std": 0.11974373797174831, "goal_first_found_std": 30.216186059792523, "reward_per_dist": 0.008907294192159779}}