{"0": {"prob_shortest_per_episode": 0.54441269841269835, "reward": 99.751756210327144, "dist_ratio_per_episode_std": 0.14285446453399342, "goal_after_found_std": 16.695898431063871, "num_ep": 100, "reward_per_dist_std": 0.0011527636660873084, "dist_ratio_per_episode": 1.0522641471534611, "reward_std": 10.256259184842744, "num_goal": 10.0, "num_goals_std": 1.0295630140987, "goal_after_found": 116.26544075012207, "goal_first_found": 104.58, "prob_shortest_per_episode_std": 0.15482434312304377, "goal_first_found_std": 27.328073477652971, "reward_per_dist": 0.012563877212428498}}