{"0": {"goal_first_found": 299.27118644067798, "goal_after_found_std": 147.78435417562994, "num_ep": 100, "reward_std": 18.927642086150687, "num_goal": 2.3399999999999999, "num_goals_std": 1.8879618640216227, "goal_after_found": 250.2327686568438, "reward": 22.175227389335632, "goal_first_found_std": 257.60334970638155}}