{"0": {"prob_shortest_per_episode": NaN, "reward": 24.288238434791566, "dist_ratio_per_episode_std": NaN, "goal_after_found_std": 124.34378043758129, "num_ep": 100, "reward_per_dist_std": NaN, "dist_ratio_per_episode": NaN, "reward_std": 10.303721379277867, "num_goal": 2.4900000000000002, "num_goals_std": 0.99493718394680575, "goal_after_found": 373.96184732827794, "goal_first_found": 369.51807228915663, "prob_shortest_per_episode_std": NaN, "goal_first_found_std": 172.25355095895898, "reward_per_dist": NaN}}