{"0": {"prob_shortest_per_episode": 0.41735678210678201, "reward": 77.239244766235345, "dist_ratio_per_episode_std": 1.1978991127548346, "goal_after_found_std": 84.804038676100419, "num_ep": 100, "reward_per_dist_std": 0.0030042365675617658, "dist_ratio_per_episode": 1.6007877190711557, "reward_std": 26.655657439260633, "num_goal": 7.7599999999999998, "num_goals_std": 2.6725268941584104, "goal_after_found": 160.40266036987305, "goal_first_found": 181.94999999999999, "prob_shortest_per_episode_std": 0.24536336183570856, "goal_first_found_std": 113.09919318898787, "reward_per_dist": 0.013407895055816039}}