{"0": {"prob_shortest_per_episode": 0.38007142857142867, "reward": 60.18402124404907, "dist_ratio_per_episode_std": 0.39314950479521432, "goal_after_found_std": 41.397505648822822, "num_ep": 100, "reward_per_dist_std": 0.0017241115517554638, "dist_ratio_per_episode": 1.7416984016698616, "reward_std": 13.15991605613061, "num_goal": 6.0599999999999996, "num_goals_std": 1.3177253128023307, "goal_after_found": 189.28405143737794, "goal_first_found": 160.12, "prob_shortest_per_episode_std": 0.23993572103119071, "goal_first_found_std": 72.967976537656568, "reward_per_dist": 0.0084816912245487992}}