{"0": {"prob_shortest_per_episode": 0.50207631874298542, "reward": 60.641943130493161, "dist_ratio_per_episode_std": 0.61848716087507383, "goal_after_found_std": 64.62877775482859, "num_ep": 100, "reward_per_dist_std": 0.0023460748264201034, "dist_ratio_per_episode": 1.7026103197647764, "reward_std": 18.835444103848708, "num_goal": 6.0999999999999996, "num_goals_std": 1.8894443627691184, "goal_after_found": 182.79844079836451, "goal_first_found": 182.20202020202021, "prob_shortest_per_episode_std": 0.2403857069215912, "goal_first_found_std": 89.690937325590639, "reward_per_dist": 0.0091835261212821657}}