{"0": {"prob_shortest_per_episode": 0.37983436008436011, "reward": 81.030998535156243, "dist_ratio_per_episode_std": 0.60909778025944139, "goal_after_found_std": 52.765521654433599, "num_ep": 100, "reward_per_dist_std": 0.0030491875389722684, "dist_ratio_per_episode": 1.5140125346346442, "reward_std": 28.953031646113722, "num_goal": 8.1400000000000006, "num_goals_std": 2.901792549442499, "goal_after_found": 143.1720369720459, "goal_first_found": 213.12, "prob_shortest_per_episode_std": 0.23934931652908498, "goal_first_found_std": 152.04211784896972, "reward_per_dist": 0.011051162034898839}}