{"0": {"prob_shortest_per_episode": 0.18306878306878308, "reward": 28.718156716823579, "dist_ratio_per_episode_std": 3.4051629025587653, "goal_after_found_std": 151.56592007069503, "num_ep": 100, "reward_per_dist_std": 0.018890776722390777, "dist_ratio_per_episode": 3.7481855322567816, "reward_std": 22.775478850004099, "num_goal": 3.0299999999999998, "num_goals_std": 2.2823452850083834, "goal_after_found": 256.19102267942566, "goal_first_found": 295.39130434782606, "prob_shortest_per_episode_std": 0.23864003565821451, "goal_first_found_std": 255.94950913946576, "reward_per_dist": 0.014602475546944703}}