{"0": {"goal_first_found": 183.66, "goal_after_found_std": 83.813063983266645, "num_ep": 100, "reward_std": 27.820204034815845, "num_goal": 7.6500000000000004, "num_goals_std": 2.7834331319433558, "goal_after_found": 162.10009315490723, "reward": 76.181475772857667, "goal_first_found_std": 134.45156897559806}}