{"0": {"prob_shortest_per_episode": 0.28884523809523804, "reward": 77.416545104980472, "dist_ratio_per_episode_std": 0.39795653393288472, "goal_after_found_std": 39.479163141361923, "num_ep": 100, "reward_per_dist_std": 0.002468269213343993, "dist_ratio_per_episode": 1.4310856690077827, "reward_std": 21.591731742539618, "num_goal": 7.7699999999999996, "num_goals_std": 2.1533926720410284, "goal_after_found": 152.31383697509764, "goal_first_found": 154.50999999999999, "prob_shortest_per_episode_std": 0.28269446834119877, "goal_first_found_std": 66.975442514402246, "reward_per_dist": 0.010207830348483469}}