{"0": {"prob_shortest_per_episode": 0.45199603174603181, "reward": 59.055520610809324, "dist_ratio_per_episode_std": 0.49823161354682111, "goal_after_found_std": 53.460796456494876, "num_ep": 100, "reward_per_dist_std": 0.0023085505810138437, "dist_ratio_per_episode": 1.7826083771009018, "reward_std": 14.654587118902173, "num_goal": 5.9400000000000004, "num_goals_std": 1.4684685900624503, "goal_after_found": 193.28695686340333, "goal_first_found": 160.63, "prob_shortest_per_episode_std": 0.23460619141663844, "goal_first_found_std": 90.215259795668715, "reward_per_dist": 0.008603222070038526}}