{"0": {"prob_shortest_per_episode": 0.0, "reward": 42.836294651031494, "dist_ratio_per_episode_std": 0.36346409780061778, "goal_after_found_std": 35.955981495584581, "num_ep": 100, "reward_per_dist_std": 0.0013502473341705397, "dist_ratio_per_episode": 1.6657067414560265, "reward_std": 13.062316132429617, "num_goal": 5.2699999999999996, "num_goals_std": 1.2716524682475161, "goal_after_found": 165.1643564605713, "goal_first_found": 416.81999999999999, "prob_shortest_per_episode_std": 0.0, "goal_first_found_std": 169.34027164263082, "reward_per_dist": 0.0059114291071132394}}