{"0": {"prob_shortest_per_episode": 0.31958066808813079, "reward": 21.557681515812874, "dist_ratio_per_episode_std": 5.2208687884167597, "goal_after_found_std": 200.65554496259671, "num_ep": 100, "reward_per_dist_std": 0.05074837960621055, "dist_ratio_per_episode": 4.0938858290710245, "reward_std": 16.275804965854103, "num_goal": 2.2799999999999998, "num_goals_std": 1.6252999723128034, "goal_after_found": 307.79953811417766, "goal_first_found": 336.7761194029851, "prob_shortest_per_episode_std": 0.35268476043091834, "goal_first_found_std": 251.59472391399399, "reward_per_dist": 0.021345557248094046}}