{"0": {"prob_shortest_per_episode": 0.24559523809523809, "reward": 56.946582832336425, "dist_ratio_per_episode_std": 0.2187960574976843, "goal_after_found_std": 23.045269227443267, "num_ep": 100, "reward_per_dist_std": 0.00081591735288400423, "dist_ratio_per_episode": 1.8206022247866465, "reward_std": 7.7839417753995699, "num_goal": 5.75, "num_goals_std": 0.77942286340599476, "goal_after_found": 198.74569000244139, "goal_first_found": 171.12, "prob_shortest_per_episode_std": 0.17075674407255048, "goal_first_found_std": 64.649869296078236, "reward_per_dist": 0.007878155713075638}}