{"0": {"prob_shortest_per_episode": 0.2516901822457378, "reward": 37.501983461417261, "dist_ratio_per_episode_std": 3.6161810925066744, "goal_after_found_std": 165.7570109270996, "num_ep": 100, "reward_per_dist_std": 0.025180352587107897, "dist_ratio_per_episode": 3.2169157217341549, "reward_std": 24.044857198547835, "num_goal": 3.79, "num_goals_std": 2.4053897813036453, "goal_after_found": 247.0413872047707, "goal_first_found": 231.64197530864197, "prob_shortest_per_episode_std": 0.28611088876879054, "goal_first_found_std": 197.1864010437636, "reward_per_dist": 0.011767412852722949}}