{"0": {"prob_shortest_per_episode": 0.4045197740112994, "reward": 19.628601169586183, "dist_ratio_per_episode_std": 10.727333768217074, "goal_after_found_std": 204.25842339847782, "num_ep": 100, "reward_per_dist_std": 0.023710050614310779, "dist_ratio_per_episode": 5.0607829305731951, "reward_std": 17.743377652490341, "num_goal": 2.0899999999999999, "num_goals_std": 1.7725405496066939, "goal_after_found": 261.01803912146619, "goal_first_found": 266.4406779661017, "prob_shortest_per_episode_std": 0.39392990590535781, "goal_first_found_std": 271.3495007654189, "reward_per_dist": 0.01782048817871873}}