{"0": {"goal_first_found": 263.57333333333332, "goal_after_found_std": 193.86891217428962, "num_ep": 100, "reward_std": 26.408395344919896, "num_goal": 3.5, "num_goals_std": 2.6438608132804573, "goal_after_found": 255.17646606445314, "reward": 34.588820527195928, "goal_first_found_std": 212.62167800004676}}