{"0": {"prob_shortest_per_episode": 0.31422619047619038, "reward": 79.459014892578125, "dist_ratio_per_episode_std": 0.1244583854719131, "goal_after_found_std": 12.757420899666396, "num_ep": 100, "reward_per_dist_std": 0.00065119410033949335, "dist_ratio_per_episode": 1.509652326631632, "reward_std": 5.8215354978906229, "num_goal": 7.96, "num_goals_std": 0.58172158288995945, "goal_after_found": 147.51809555053711, "goal_first_found": 98.730000000000004, "prob_shortest_per_episode_std": 0.1081608222219063, "goal_first_found_std": 3.0914559676631335, "reward_per_dist": 0.0089577435673151677}}