{"0": {"prob_shortest_per_episode": 0.033000000000000002, "reward": 57.436400299072268, "dist_ratio_per_episode_std": 0.20760096935733929, "goal_after_found_std": 23.413976561375755, "num_ep": 100, "reward_per_dist_std": 0.00066609400380693523, "dist_ratio_per_episode": 1.8177081361647125, "reward_std": 7.8141768026944556, "num_goal": 5.7800000000000002, "num_goals_std": 0.7820485918406862, "goal_after_found": 192.75783325195312, "goal_first_found": 193.0, "prob_shortest_per_episode_std": 0.087081698549248701, "goal_first_found_std": 93.66493474080896, "reward_per_dist": 0.0078959323147684852}}