{"0": {"prob_shortest_per_episode": 0.26190873015873017, "reward": 78.056429309844972, "dist_ratio_per_episode_std": 0.39556864271845005, "goal_after_found_std": 38.900214752722043, "num_ep": 100, "reward_per_dist_std": 0.0025005015333291114, "dist_ratio_per_episode": 1.4310658734671931, "reward_std": 24.003223621532594, "num_goal": 7.8300000000000001, "num_goals_std": 2.3960592647094519, "goal_after_found": 150.0299250793457, "goal_first_found": 179.03999999999999, "prob_shortest_per_episode_std": 0.27867652505260343, "goal_first_found_std": 122.55324720300152, "reward_per_dist": 0.010258681930873212}}