{"0": {"prob_shortest_per_episode": NaN, "reward": 22.318091542124748, "dist_ratio_per_episode_std": NaN, "goal_after_found_std": 117.3302629750423, "num_ep": 100, "reward_per_dist_std": NaN, "dist_ratio_per_episode": NaN, "reward_std": 10.378997589029003, "num_goal": 2.29, "num_goals_std": 1.0226925246622272, "goal_after_found": 365.69517577321903, "goal_first_found": 364.51315789473682, "prob_shortest_per_episode_std": NaN, "goal_first_found_std": 168.71624367410917, "reward_per_dist": -Infinity}}