{"0": {"prob_shortest_per_episode": 0.0, "reward": 25.790089714283845, "dist_ratio_per_episode_std": 0.0, "goal_after_found_std": 153.00843134916911, "num_ep": 98, "reward_per_dist_std": 0.0, "dist_ratio_per_episode": 0.0, "reward_std": 22.846405116584869, "num_goal": 2.7244897959183674, "num_goals_std": 2.2802640924964219, "goal_after_found": 250.0809518178304, "goal_first_found": 295.63333333333333, "prob_shortest_per_episode_std": 0.0, "goal_first_found_std": 210.81239421712272, "reward_per_dist": 0.0}}