{"0": {"goal_first_found": 295.0, "goal_after_found_std": 203.70634782982279, "num_ep": 100, "reward_std": 21.728842774906013, "num_goal": 2.3900000000000001, "num_goals_std": 2.1674639558710083, "goal_after_found": 266.0505108833313, "reward": 22.554066770672797, "goal_first_found_std": 261.47261533749298}}