{"0": {"prob_shortest_per_episode": 0.30865873015873013, "reward": 56.335225143432616, "dist_ratio_per_episode_std": 0.43476061706637464, "goal_after_found_std": 62.225561114533917, "num_ep": 100, "reward_per_dist_std": 0.0014024631796470768, "dist_ratio_per_episode": 1.825616452195848, "reward_std": 13.248575237963951, "num_goal": 5.6799999999999997, "num_goals_std": 1.3257450735341239, "goal_after_found": 205.43444061279297, "goal_first_found": 175.33000000000001, "prob_shortest_per_episode_std": 0.21732566926862015, "goal_first_found_std": 67.696979991724888, "reward_per_dist": 0.0067027733199828922}}