{"0": {"prob_shortest_per_episode": 0.32600000000000001, "reward": 30.418095827102661, "dist_ratio_per_episode_std": 0.61644819351919411, "goal_after_found_std": 168.63959567671318, "num_ep": 100, "reward_per_dist_std": 0.0019506070958630571, "dist_ratio_per_episode": 2.0014755334695571, "reward_std": 14.012239994862197, "num_goal": 3.2000000000000002, "num_goals_std": 1.3638181696985856, "goal_after_found": 323.2189661661784, "goal_first_found": 305.0344827586207, "prob_shortest_per_episode_std": 0.31862831010442244, "goal_first_found_std": 175.66984761951466, "reward_per_dist": 0.0059816481126929765}}