{"0": {"prob_shortest_per_episode": 0.19180955762987012, "reward": 33.583621410131457, "dist_ratio_per_episode_std": 3.7115955102765175, "goal_after_found_std": 188.33753358174758, "num_ep": 100, "reward_per_dist_std": 0.023826406171388582, "dist_ratio_per_episode": 2.7545467421625558, "reward_std": 42.275091998591982, "num_goal": 3.5699999999999998, "num_goals_std": 4.1862990815277401, "goal_after_found": 229.40814989805222, "goal_first_found": 184.859375, "prob_shortest_per_episode_std": 0.31483352671016396, "goal_first_found_std": 177.49611502680665, "reward_per_dist": 0.019941471211330799}}