{"0": {"prob_shortest_per_episode": 0.27767857142857144, "reward": 62.888101081848141, "dist_ratio_per_episode_std": 0.25370495069246507, "goal_after_found_std": 26.078535273006143, "num_ep": 100, "reward_per_dist_std": 0.001440963240005955, "dist_ratio_per_episode": 1.4680556745647493, "reward_std": 9.4135904800771169, "num_goal": 6.3300000000000001, "num_goals_std": 0.93866927082972096, "goal_after_found": 167.36277381896971, "goal_first_found": 209.21000000000001, "prob_shortest_per_episode_std": 0.2170991481045233, "goal_first_found_std": 54.258509931622712, "reward_per_dist": 0.0097445817591358327}}