{"0": {"prob_shortest_per_episode": 0.37564102564102569, "reward": 35.857854634523392, "dist_ratio_per_episode_std": 0.54237909206828838, "goal_after_found_std": 153.84917102454847, "num_ep": 100, "reward_per_dist_std": 0.0028445944071866336, "dist_ratio_per_episode": 1.7214152649102767, "reward_std": 15.66795869814864, "num_goal": 3.7400000000000002, "num_goals_std": 1.5272196960490001, "goal_after_found": 260.55659375871932, "goal_first_found": 260.08791208791212, "prob_shortest_per_episode_std": 0.32934711465422067, "goal_first_found_std": 216.98172548521617, "reward_per_dist": 0.010014122006833498}}