{"0": {"prob_shortest_per_episode": 0.24896428571428564, "reward": 62.966245002746582, "dist_ratio_per_episode_std": 0.20425750576624144, "goal_after_found_std": 29.412096446625085, "num_ep": 100, "reward_per_dist_std": 0.00098173645368774447, "dist_ratio_per_episode": 1.5271764785442281, "reward_std": 8.1671205830100533, "num_goal": 6.3499999999999996, "num_goals_std": 0.80467384697155409, "goal_after_found": 172.23604759216309, "goal_first_found": 188.56, "prob_shortest_per_episode_std": 0.20091180016509291, "goal_first_found_std": 47.326170350029379, "reward_per_dist": 0.0077638089146152582}}