{"0": {"prob_shortest_per_episode": 0.18299999999999997, "reward": 74.19811676025391, "dist_ratio_per_episode_std": 0.14393636270225968, "goal_after_found_std": 16.065600690427384, "num_ep": 100, "reward_per_dist_std": 0.00070148289696570973, "dist_ratio_per_episode": 1.5783119744678309, "reward_std": 6.9298377420174537, "num_goal": 7.46, "num_goals_std": 0.68439754529074692, "goal_after_found": 162.24667861938477, "goal_first_found": 97.129999999999995, "prob_shortest_per_episode_std": 0.15468680229005022, "goal_first_found_std": 2.6178426232300516, "reward_per_dist": 0.008637282879193426}}