{"0": {"prob_shortest_per_episode": NaN, "reward": 28.374380674362182, "dist_ratio_per_episode_std": NaN, "goal_after_found_std": 189.03836991332082, "num_ep": 100, "reward_per_dist_std": NaN, "dist_ratio_per_episode": NaN, "reward_std": 15.623477182958363, "num_goal": 3.0299999999999998, "num_goals_std": 1.5063532122314476, "goal_after_found": 333.8971486032745, "goal_first_found": 229.93827160493828, "prob_shortest_per_episode_std": NaN, "goal_first_found_std": 162.44842263551141, "reward_per_dist": Infinity}}