{"0": {"prob_shortest_per_episode": 0.45522094805389102, "reward": 86.388239459767931, "dist_ratio_per_episode_std": 10.613382461764317, "goal_after_found_std": 112.7403468961853, "num_ep": 100, "reward_per_dist_std": 0.0079084404795811535, "dist_ratio_per_episode": 5.5014005919148516, "reward_std": 73.876396612375942, "num_goal": 8.6699999999999999, "num_goals_std": 7.4054777023497946, "goal_after_found": 177.7686184130217, "goal_first_found": 217.02105263157895, "prob_shortest_per_episode_std": 0.30626769985658003, "goal_first_found_std": 171.37155564183485, "reward_per_dist": 0.011963701767125426}}