{"0": {"prob_shortest_per_episode": 0.311, "reward": 60.072319374084472, "dist_ratio_per_episode_std": 0.26251235747197943, "goal_after_found_std": 30.561173673853432, "num_ep": 100, "reward_per_dist_std": 0.0013816076123299951, "dist_ratio_per_episode": 1.4659801468160905, "reward_std": 10.811325967911742, "num_goal": 6.0499999999999998, "num_goals_std": 1.0805091392487154, "goal_after_found": 176.28219100952148, "goal_first_found": 215.84, "prob_shortest_per_episode_std": 0.22375595356854666, "goal_first_found_std": 69.251963149068928, "reward_per_dist": 0.0098608783742623225}}