{"0": {"prob_shortest_per_episode": 0.13266666666666668, "reward": 55.727108535766604, "dist_ratio_per_episode_std": 0.1827765267729011, "goal_after_found_std": 25.532846776188727, "num_ep": 100, "reward_per_dist_std": 0.00084178367273112669, "dist_ratio_per_episode": 1.636651593752195, "reward_std": 7.5469547269862129, "num_goal": 5.6299999999999999, "num_goals_std": 0.74370693152612199, "goal_after_found": 194.75699996948242, "goal_first_found": 190.88999999999999, "prob_shortest_per_episode_std": 0.14893921205944691, "goal_first_found_std": 18.961484646514368, "reward_per_dist": 0.008780733273221571}}