{"0": {"prob_shortest_per_episode": NaN, "reward": 20.501809849739075, "dist_ratio_per_episode_std": NaN, "goal_after_found_std": 248.10071936950743, "num_ep": 100, "reward_per_dist_std": NaN, "dist_ratio_per_episode": NaN, "reward_std": 11.523581701179415, "num_goal": 2.3199999999999998, "num_goals_std": 1.0759182125050213, "goal_after_found": 480.96578919260128, "goal_first_found": 289.32894736842104, "prob_shortest_per_episode_std": NaN, "goal_first_found_std": 222.47142857111092, "reward_per_dist": Infinity}}