{"0": {"prob_shortest_per_episode": 0.5752018713917999, "reward": 109.70968502044678, "dist_ratio_per_episode_std": 0.73208838298205148, "goal_after_found_std": 54.772553409687404, "num_ep": 100, "reward_per_dist_std": 0.010979520904510509, "dist_ratio_per_episode": 1.1486962622810559, "reward_std": 71.566047665701973, "num_goal": 11.0, "num_goals_std": 7.1637978754289264, "goal_after_found": 130.02214799880983, "goal_first_found": 177.55000000000001, "prob_shortest_per_episode_std": 0.3662141356551436, "goal_first_found_std": 119.87187952142905, "reward_per_dist": 0.018057714262486625}}