{"0": {"prob_shortest_per_episode": 0.43103174603174599, "reward": 82.182194747924811, "dist_ratio_per_episode_std": 0.063767564323105139, "goal_after_found_std": 8.7691584943847651, "num_ep": 100, "reward_per_dist_std": 0.00040648006482837875, "dist_ratio_per_episode": 1.3347599016745713, "reward_std": 4.8740422743719938, "num_goal": 8.2599999999999998, "num_goals_std": 0.48207883172775789, "goal_after_found": 139.24892822265625, "goal_first_found": 97.390000000000001, "prob_shortest_per_episode_std": 0.14191602481847199, "goal_first_found_std": 2.7636750894415933, "reward_per_dist": 0.0087883784650467801}}