{"0": {"prob_shortest_per_episode": 0.41072619047619041, "reward": 77.518579368591304, "dist_ratio_per_episode_std": 0.096682697562719383, "goal_after_found_std": 12.235414721489185, "num_ep": 100, "reward_per_dist_std": 0.00061239426093467322, "dist_ratio_per_episode": 1.3851440315079331, "reward_std": 6.1885855565129972, "num_goal": 7.8099999999999996, "num_goals_std": 0.61147362984841802, "goal_after_found": 145.38603645324707, "goal_first_found": 118.94, "prob_shortest_per_episode_std": 0.13929492185683598, "goal_first_found_std": 28.585597772304851, "reward_per_dist": 0.0097193605490201399}}