{"0": {"prob_shortest_per_episode": 0.6068801301179465, "reward": 128.01398559570313, "dist_ratio_per_episode_std": 3.2551463765047086, "goal_after_found_std": 59.373423527593999, "num_ep": 100, "reward_per_dist_std": 0.018868600704154602, "dist_ratio_per_episode": 1.7340031942157845, "reward_std": 82.323933667324027, "num_goal": 12.84, "num_goals_std": 8.2531448551446136, "goal_after_found": 111.31040643692016, "goal_first_found": 218.69999999999999, "prob_shortest_per_episode_std": 0.37127796016144932, "goal_first_found_std": 201.61669077732628, "reward_per_dist": 0.020745423512614124}}