{"0": {"prob_shortest_per_episode": 0.0, "reward": 61.58306781768799, "dist_ratio_per_episode_std": 0.18795265259930194, "goal_after_found_std": 20.106379813504748, "num_ep": 100, "reward_per_dist_std": 0.001105842117286924, "dist_ratio_per_episode": 1.3586399538527452, "reward_std": 8.844603228246644, "num_goal": 7.2999999999999998, "num_goals_std": 0.90000000000000013, "goal_after_found": 154.77538032531737, "goal_first_found": 164.72999999999999, "prob_shortest_per_episode_std": 0.0, "goal_first_found_std": 63.592744082953359, "reward_per_dist": 0.0074347043727130023}}