{"0": {"prob_shortest_per_episode": 0.0, "reward": 11.651544105112553, "dist_ratio_per_episode_std": 0.75665771871965093, "goal_after_found_std": 174.77157779417294, "num_ep": 100, "reward_per_dist_std": 0.002944085004884999, "dist_ratio_per_episode": 1.7501210606345605, "reward_std": 9.5193533233395868, "num_goal": 1.25, "num_goals_std": 0.95262794416288255, "goal_after_found": 386.26576521589948, "goal_first_found": 354.13513513513516, "prob_shortest_per_episode_std": 0.0, "goal_first_found_std": 154.25324249290946, "reward_per_dist": 0.0076636240643337345}}