{"0": {"prob_shortest_per_episode": NaN, "reward": 9.3326356789469713, "dist_ratio_per_episode_std": NaN, "goal_after_found_std": 188.32279015277024, "num_ep": 100, "reward_per_dist_std": NaN, "dist_ratio_per_episode": NaN, "reward_std": 8.0217297375209302, "num_goal": 1.02, "num_goals_std": 0.79974996092528816, "goal_after_found": 449.45512859637921, "goal_first_found": 399.65384615384613, "prob_shortest_per_episode_std": NaN, "goal_first_found_std": 209.696289961622, "reward_per_dist": NaN}}