{"0": {"prob_shortest_per_episode": 0.43154761904761912, "reward": 28.606526386141777, "dist_ratio_per_episode_std": 0.60380623816993828, "goal_after_found_std": 174.34229128369245, "num_ep": 100, "reward_per_dist_std": 0.0031447548869264616, "dist_ratio_per_episode": 1.8333578852826344, "reward_std": 14.515177591313916, "num_goal": 3.0600000000000001, "num_goals_std": 1.4058449416631977, "goal_after_found": 336.37877037411647, "goal_first_found": 218.22619047619048, "prob_shortest_per_episode_std": 0.34445741645897299, "goal_first_found_std": 120.25036889266021, "reward_per_dist": 0.0098285507433517917}}