{"0": {"prob_shortest_per_episode": 0.20883534136546184, "reward": 24.368425607681274, "dist_ratio_per_episode_std": 0.48818315979079613, "goal_after_found_std": 174.11069022458355, "num_ep": 100, "reward_per_dist_std": 0.0031059487385234276, "dist_ratio_per_episode": 1.9617891479454115, "reward_std": 11.201027029354311, "num_goal": 2.6200000000000001, "num_goals_std": 1.0371113729971337, "goal_after_found": 369.12951843997081, "goal_first_found": 389.54216867469881, "prob_shortest_per_episode_std": 0.31563812406632225, "goal_first_found_std": 164.25063871470456, "reward_per_dist": 0.0096590279203444228}}