{"0": {"prob_shortest_per_episode": 0.23648809523809525, "reward": 61.043635559082034, "dist_ratio_per_episode_std": 0.2641026939891164, "goal_after_found_std": 32.227388859967348, "num_ep": 100, "reward_per_dist_std": 0.0013600539027272031, "dist_ratio_per_episode": 1.5320475155812974, "reward_std": 11.033767051441217, "num_goal": 6.1500000000000004, "num_goals_std": 1.0988630487917956, "goal_after_found": 175.80173835754394, "goal_first_found": 212.78999999999999, "prob_shortest_per_episode_std": 0.21289984224700165, "goal_first_found_std": 53.930194696477777, "reward_per_dist": 0.0093977519343796407}}