{"0": {"prob_shortest_per_episode": 0.1408095238095238, "reward": 59.271496276855466, "dist_ratio_per_episode_std": 0.19832158672728384, "goal_after_found_std": 25.520593001057939, "num_ep": 100, "reward_per_dist_std": 0.00083151794354982848, "dist_ratio_per_episode": 1.631851081926704, "reward_std": 7.870692037959981, "num_goal": 5.9699999999999998, "num_goals_std": 0.78044858895381441, "goal_after_found": 183.88816665649415, "goal_first_found": 192.74000000000001, "prob_shortest_per_episode_std": 0.13568003744972315, "goal_first_found_std": 14.090152589663465, "reward_per_dist": 0.008731517503373306}}