{"0": {"prob_shortest_per_episode": 0.12105978816505131, "reward": 24.956930989325045, "dist_ratio_per_episode_std": 1.8003535699202058, "goal_after_found_std": 192.18545647973011, "num_ep": 100, "reward_per_dist_std": 0.038212715393782674, "dist_ratio_per_episode": 2.4664848164485829, "reward_std": 36.445951133715155, "num_goal": 2.6499999999999999, "num_goals_std": 3.62870500316573, "goal_after_found": 273.3933808845386, "goal_first_found": 311.40350877192981, "prob_shortest_per_episode_std": 0.23790224555619774, "goal_first_found_std": 236.89777643303574, "reward_per_dist": 0.025532190760416695}}