{"0": {"prob_shortest_per_episode": 0.77304761904761898, "reward": 98.376236553192143, "dist_ratio_per_episode_std": 0.010033549437379436, "goal_after_found_std": 5.011249450045371, "num_ep": 100, "reward_per_dist_std": 0.0010817287412069338, "dist_ratio_per_episode": 0.95386080129655315, "reward_std": 11.158709160516755, "num_goal": 9.8800000000000008, "num_goals_std": 1.1160645142642962, "goal_after_found": 114.83083709716797, "goal_first_found": 121.87, "prob_shortest_per_episode_std": 0.1169931949275685, "goal_first_found_std": 113.94636062639297, "reward_per_dist": 0.013773926766961151}}