{"0": {"prob_shortest_per_episode": NaN, "reward": 78.045892475545401, "dist_ratio_per_episode_std": NaN, "goal_after_found_std": 61.217211627755148, "num_ep": 100, "reward_per_dist_std": NaN, "dist_ratio_per_episode": NaN, "reward_std": 35.809533339085689, "num_goal": 7.8399999999999999, "num_goals_std": 3.5825130844143471, "goal_after_found": 144.10685608234812, "goal_first_found": 233.13829787234042, "prob_shortest_per_episode_std": NaN, "goal_first_found_std": 220.44218622905004, "reward_per_dist": NaN}}