{"0": {"prob_shortest_per_episode": 0.54748386534100824, "reward": 75.209884521663184, "dist_ratio_per_episode_std": 0.33050691970876095, "goal_after_found_std": 47.153050161145984, "num_ep": 100, "reward_per_dist_std": 0.0021772055676219371, "dist_ratio_per_episode": 1.2118802164048368, "reward_std": 33.344581563612216, "num_goal": 7.5700000000000003, "num_goals_std": 3.3324315446832511, "goal_after_found": 145.45680303888005, "goal_first_found": 174.71428571428572, "prob_shortest_per_episode_std": 0.30387328374241068, "goal_first_found_std": 106.96053351579873, "reward_per_dist": 0.011768940214337458}}