{"0": {"prob_shortest_per_episode": 0.77785458269329222, "reward": 57.471380331963303, "dist_ratio_per_episode_std": 0.052040383288258024, "goal_after_found_std": 8.5691339015509893, "num_ep": 100, "reward_per_dist_std": 0.0016623078398864375, "dist_ratio_per_episode": 0.96689106209279219, "reward_std": 46.966300953054898, "num_goal": 5.7999999999999998, "num_goals_std": 4.6946778377222005, "goal_after_found": 107.23509991553522, "goal_first_found": 278.0, "prob_shortest_per_episode_std": 0.1640981066818416, "goal_first_found_std": 228.24611786968174, "reward_per_dist": 0.013958044094444523}}