{"0": {"prob_shortest_per_episode": 0.14175084175084174, "reward": 39.363811626434327, "dist_ratio_per_episode_std": 0.83224405916961985, "goal_after_found_std": 107.45195727715961, "num_ep": 100, "reward_per_dist_std": 0.0023570871843223854, "dist_ratio_per_episode": 2.2211407833399548, "reward_std": 12.607740434939851, "num_goal": 3.9700000000000002, "num_goals_std": 1.2605950975630518, "goal_after_found": 271.94090979990335, "goal_first_found": 291.90909090909093, "prob_shortest_per_episode_std": 0.19878098954237072, "goal_first_found_std": 103.33920715554765, "reward_per_dist": 0.008013572595828411}}