{"0": {"prob_shortest_per_episode": 0.39350721500721503, "reward": 66.183772315978999, "dist_ratio_per_episode_std": 0.44709780730350485, "goal_after_found_std": 51.023266813910226, "num_ep": 100, "reward_per_dist_std": 0.0022213955787471944, "dist_ratio_per_episode": 1.6157351058580043, "reward_std": 19.822628309086184, "num_goal": 6.6600000000000001, "num_goals_std": 1.9759554650851827, "goal_after_found": 175.42688507080078, "goal_first_found": 181.49000000000001, "prob_shortest_per_episode_std": 0.28342441224757126, "goal_first_found_std": 69.02383573809847, "reward_per_dist": 0.0078320328513796604}}