{"0": {"prob_shortest_per_episode": 0.32901190476190478, "reward": 68.545772056579594, "dist_ratio_per_episode_std": 0.22381007240654138, "goal_after_found_std": 22.527704067118378, "num_ep": 100, "reward_per_dist_std": 0.0015826389633173635, "dist_ratio_per_episode": 1.3549479181141886, "reward_std": 10.47703020210546, "num_goal": 6.9100000000000001, "num_goals_std": 1.0401442207694085, "goal_after_found": 154.17196327209473, "goal_first_found": 171.94999999999999, "prob_shortest_per_episode_std": 0.24503075232747379, "goal_first_found_std": 59.890796454881105, "reward_per_dist": 0.010370213704077454}}