{"0": {"prob_shortest_per_episode": 0.19045238095238093, "reward": 67.535562057495113, "dist_ratio_per_episode_std": 0.14401872968026636, "goal_after_found_std": 17.24619969814049, "num_ep": 100, "reward_per_dist_std": 0.00082851385659172194, "dist_ratio_per_episode": 1.469540429128152, "reward_std": 6.9815897399410503, "num_goal": 6.7999999999999998, "num_goals_std": 0.69282032302755092, "goal_after_found": 162.64471481323241, "goal_first_found": 146.47999999999999, "prob_shortest_per_episode_std": 0.16048484327385848, "goal_first_found_std": 47.408117448386406, "reward_per_dist": 0.0094203938642505175}}