{"0": {"prob_shortest_per_episode": 0.33394150168100573, "reward": 123.61527599334717, "dist_ratio_per_episode_std": 0.81765324126816163, "goal_after_found_std": 69.128536143507787, "num_ep": 100, "reward_per_dist_std": 0.014383664110791415, "dist_ratio_per_episode": 1.3949311319463293, "reward_std": 116.63158840583029, "num_goal": 12.44, "num_goals_std": 11.736541228147244, "goal_after_found": 133.24737113952636, "goal_first_found": 167.31999999999999, "prob_shortest_per_episode_std": 0.42285319845288755, "goal_first_found_std": 107.09611384172631, "reward_per_dist": 0.018545835005167866}}