{"0": {"prob_shortest_per_episode": 0.2175, "reward": 49.95492618560791, "dist_ratio_per_episode_std": 0.29328712087140746, "goal_after_found_std": 33.674076540830725, "num_ep": 100, "reward_per_dist_std": 0.0010521389223811998, "dist_ratio_per_episode": 1.9418870750802335, "reward_std": 7.8818245193379797, "num_goal": 5.04, "num_goals_std": 0.78638413005349994, "goal_after_found": 215.89466705322266, "goal_first_found": 201.75999999999999, "prob_shortest_per_episode_std": 0.20079529376955027, "goal_first_found_std": 65.628975308167043, "reward_per_dist": 0.0076943297608057558}}