{"0": {"prob_shortest_per_episode": NaN, "reward": 6.8295484223961829, "dist_ratio_per_episode_std": NaN, "goal_after_found_std": 197.94351160583182, "num_ep": 100, "reward_per_dist_std": NaN, "dist_ratio_per_episode": NaN, "reward_std": 8.7286347327887874, "num_goal": 0.81000000000000005, "num_goals_std": 0.83300660261488935, "goal_after_found": 388.23809523809524, "goal_first_found": 468.95238095238096, "prob_shortest_per_episode_std": NaN, "goal_first_found_std": 155.41571783920031, "reward_per_dist": NaN}}