{"0": {"prob_shortest_per_episode": 0.12523828581196539, "reward": 48.07330195188522, "dist_ratio_per_episode_std": 1.0619321695249782, "goal_after_found_std": 207.21280572174427, "num_ep": 100, "reward_per_dist_std": 0.0095704877696948434, "dist_ratio_per_episode": 2.1067306872385001, "reward_std": 61.943606986269792, "num_goal": 5.0300000000000002, "num_goals_std": 6.2649102148394746, "goal_after_found": 260.94333961828431, "goal_first_found": 264.44776119402985, "prob_shortest_per_episode_std": 0.25477612551043571, "goal_first_found_std": 189.01972443724236, "reward_per_dist": 0.016894491739499206}}