{"0": {"prob_shortest_per_episode": 0.34353470440467332, "reward": 129.30430717468261, "dist_ratio_per_episode_std": 0.78957379633722125, "goal_after_found_std": 62.315014630406715, "num_ep": 100, "reward_per_dist_std": 0.015590054542033745, "dist_ratio_per_episode": 1.3130660211370861, "reward_std": 113.72193002944137, "num_goal": 13.02, "num_goals_std": 11.455985335186146, "goal_after_found": 122.14936834335327, "goal_first_found": 166.02000000000001, "prob_shortest_per_episode_std": 0.41242835360890817, "goal_first_found_std": 110.74222139726113, "reward_per_dist": 0.016574380406195716}}