{"0": {"prob_shortest_per_episode": 0.068802352173392894, "reward": 44.874056434631349, "dist_ratio_per_episode_std": 0.91112828450890826, "goal_after_found_std": 177.13093456141485, "num_ep": 100, "reward_per_dist_std": 0.015248321390781949, "dist_ratio_per_episode": 2.044535271191426, "reward_std": 74.72959212101317, "num_goal": 4.6900000000000004, "num_goals_std": 7.5388261685755831, "goal_after_found": 268.41398949256308, "goal_first_found": 356.07692307692309, "prob_shortest_per_episode_std": 0.17972470810254884, "goal_first_found_std": 242.66724971211141, "reward_per_dist": 0.014872017365179655}}