{"0": {"prob_shortest_per_episode": 0.42501587301587301, "reward": 73.881774482727053, "dist_ratio_per_episode_std": 0.15549211009167732, "goal_after_found_std": 19.4630476853362, "num_ep": 100, "reward_per_dist_std": 0.0012293575090528764, "dist_ratio_per_episode": 1.2642301989494011, "reward_std": 9.4464657988274219, "num_goal": 7.4500000000000002, "num_goals_std": 0.93139680050985796, "goal_after_found": 143.80439666748046, "goal_first_found": 145.33000000000001, "prob_shortest_per_episode_std": 0.19518385425401161, "goal_first_found_std": 48.570166769324565, "reward_per_dist": 0.010834232173377693}}