{"0": {"prob_shortest_per_episode": 0.35417564267679941, "reward": 107.32375520706177, "dist_ratio_per_episode_std": 0.52236258689930148, "goal_after_found_std": 104.24568227019424, "num_ep": 100, "reward_per_dist_std": 0.016197408467331732, "dist_ratio_per_episode": 1.4862867939454962, "reward_std": 99.499047885837413, "num_goal": 10.779999999999999, "num_goals_std": 9.9975797071091161, "goal_after_found": 168.19584910074869, "goal_first_found": 193.60606060606059, "prob_shortest_per_episode_std": 0.35787054795854417, "goal_first_found_std": 165.68924412838243, "reward_per_dist": 0.015548935074293582}}