{"0": {"prob_shortest_per_episode": 0.0, "reward": 70.735321311950685, "dist_ratio_per_episode_std": 0.16269535909126626, "goal_after_found_std": 18.44531944306134, "num_ep": 100, "reward_per_dist_std": 0.0010780664859575762, "dist_ratio_per_episode": 1.1275421644767589, "reward_std": 9.8283260241579384, "num_goal": 8.4000000000000004, "num_goals_std": 1.0, "goal_after_found": 124.99055137634278, "goal_first_found": 229.65000000000001, "prob_shortest_per_episode_std": 0.0, "goal_first_found_std": 80.646807128366845, "reward_per_dist": 0.0089004910921951595}}