{"0": {"goal_first_found": 158.75757575757575, "goal_after_found_std": 105.84343121303232, "num_ep": 100, "reward_std": 93.080083015364139, "num_goal": 10.9, "num_goals_std": 9.3546779741474779, "goal_after_found": 168.59183005130652, "reward": 108.50615109443665, "goal_first_found_std": 116.22036634651867}}