{"0": {"prob_shortest_per_episode": 0.68511111111111089, "reward": 103.93003791809082, "dist_ratio_per_episode_std": 0.037755920348450316, "goal_after_found_std": 3.4981248437187729, "num_ep": 100, "reward_per_dist_std": 0.00047979595139330234, "dist_ratio_per_episode": 1.0393646383313169, "reward_std": 4.9937362044890881, "num_goal": 10.470000000000001, "num_goals_std": 0.49909918853871121, "goal_after_found": 106.45099998474122, "goal_first_found": 97.620000000000005, "prob_shortest_per_episode_std": 0.15015399502584748, "goal_first_found_std": 6.0444685457035838, "reward_per_dist": 0.012442640862412559}}