{"0": {"prob_shortest_per_episode": 0.050000000000000003, "reward": 7.2625600010156628, "dist_ratio_per_episode_std": 0.59650881595322069, "goal_after_found_std": 139.09163121841661, "num_ep": 100, "reward_per_dist_std": 0.002495241865225345, "dist_ratio_per_episode": 1.8249011041492174, "reward_std": 8.4625850603956412, "num_goal": 0.85999999999999999, "num_goals_std": 0.80024996094970235, "goal_after_found": 397.42500000000001, "goal_first_found": 406.35000000000002, "prob_shortest_per_episode_std": 0.21794494717703364, "goal_first_found_std": 209.65096589331517, "reward_per_dist": 0.0072727035806893475}}