{"0": {"prob_shortest_per_episode": NaN, "reward": 71.006714668273929, "dist_ratio_per_episode_std": NaN, "goal_after_found_std": 41.125516897793823, "num_ep": 100, "reward_per_dist_std": NaN, "dist_ratio_per_episode": NaN, "reward_std": 14.544889082666151, "num_goal": 7.1699999999999999, "num_goals_std": 1.4075155416548693, "goal_after_found": 149.8301825475211, "goal_first_found": 162.31313131313132, "prob_shortest_per_episode_std": NaN, "goal_first_found_std": 53.273384198230275, "reward_per_dist": -Infinity}}