{"0": {"prob_shortest_per_episode": 0.37738492063492068, "reward": 64.834265899658206, "dist_ratio_per_episode_std": 0.48674206499082373, "goal_after_found_std": 52.037027074682278, "num_ep": 100, "reward_per_dist_std": 0.0021843095161488933, "dist_ratio_per_episode": 1.6374353259450232, "reward_std": 19.40549766401417, "num_goal": 6.5300000000000002, "num_goals_std": 1.9362592801585226, "goal_after_found": 179.82883399963379, "goal_first_found": 187.55000000000001, "prob_shortest_per_episode_std": 0.28227030639510414, "goal_first_found_std": 69.70256451523143, "reward_per_dist": 0.0092274854368994911}}