{"0": {"prob_shortest_per_episode": NaN, "reward": 9.220145620107651, "dist_ratio_per_episode_std": NaN, "goal_after_found_std": 232.85457090008057, "num_ep": 100, "reward_per_dist_std": NaN, "dist_ratio_per_episode": NaN, "reward_std": 9.9484000163714636, "num_goal": 1.0600000000000001, "num_goals_std": 0.92541882410074183, "goal_after_found": 477.83620689655174, "goal_first_found": 388.93103448275861, "prob_shortest_per_episode_std": NaN, "goal_first_found_std": 211.19674289456901, "reward_per_dist": -Infinity}}