{"0": {"prob_shortest_per_episode": 0.38167063492063491, "reward": 62.031889266967774, "dist_ratio_per_episode_std": 0.42475349479028596, "goal_after_found_std": 46.383989567025282, "num_ep": 100, "reward_per_dist_std": 0.0019407495678780038, "dist_ratio_per_episode": 1.661443397862707, "reward_std": 18.130028431843531, "num_goal": 6.25, "num_goals_std": 1.8076227482525218, "goal_after_found": 185.71875793457031, "goal_first_found": 176.58000000000001, "prob_shortest_per_episode_std": 0.28360755312463454, "goal_first_found_std": 72.963303105054109, "reward_per_dist": 0.0090152182987971799}}