{"0": {"prob_shortest_per_episode": 0.36155952380952383, "reward": 77.77075832366944, "dist_ratio_per_episode_std": 0.090845548249354577, "goal_after_found_std": 8.9935836672128104, "num_ep": 100, "reward_per_dist_std": 0.00061891652046487157, "dist_ratio_per_episode": 1.3793768582909931, "reward_std": 5.3200899644980097, "num_goal": 7.8300000000000001, "num_goals_std": 0.53018864567246249, "goal_after_found": 137.27560661315917, "goal_first_found": 166.44999999999999, "prob_shortest_per_episode_std": 0.16003359332360031, "goal_first_found_std": 17.662601733606522, "reward_per_dist": 0.0097590135622430668}}