{"0": {"prob_shortest_per_episode": 0.59650396825396823, "reward": 81.558102073669431, "dist_ratio_per_episode_std": 0.21154611876381135, "goal_after_found_std": 23.414678562752034, "num_ep": 100, "reward_per_dist_std": 0.0015089199331737792, "dist_ratio_per_episode": 1.2449644821781181, "reward_std": 12.295928132844997, "num_goal": 8.1999999999999993, "num_goals_std": 1.2247448713915889, "goal_after_found": 138.31409156799316, "goal_first_found": 152.71000000000001, "prob_shortest_per_episode_std": 0.17952214024422863, "goal_first_found_std": 61.088181344675831, "reward_per_dist": 0.010993119239981365}}