{"0": {"prob_shortest_per_episode": 0.13219047619047619, "reward": 48.252824325561527, "dist_ratio_per_episode_std": 0.23160976752929135, "goal_after_found_std": 27.057746985039739, "num_ep": 100, "reward_per_dist_std": 0.00070060114388909684, "dist_ratio_per_episode": 2.0498023765109048, "reward_std": 8.3886313018932501, "num_goal": 4.8700000000000001, "num_goals_std": 0.8325262758616091, "goal_after_found": 225.03573791503905, "goal_first_found": 207.55000000000001, "prob_shortest_per_episode_std": 0.15551993113293175, "goal_first_found_std": 63.825758906573142, "reward_per_dist": 0.0072906180883132036}}