{"0": {"prob_shortest_per_episode": 0.41773809523809524, "reward": 86.74366748809814, "dist_ratio_per_episode_std": 0.051236803701394849, "goal_after_found_std": 6.3572342055656126, "num_ep": 100, "reward_per_dist_std": 0.00030642795535051832, "dist_ratio_per_episode": 1.2965401553502638, "reward_std": 5.6675967064039057, "num_goal": 8.7300000000000004, "num_goals_std": 0.56311632901204356, "goal_after_found": 133.64626167297362, "goal_first_found": 98.069999999999993, "prob_shortest_per_episode_std": 0.10517910105177723, "goal_first_found_std": 6.1534624399601245, "reward_per_dist": 0.0090276403661357623}}