{"0": {"prob_shortest_per_episode": 0.28280555555555553, "reward": 68.305924263000492, "dist_ratio_per_episode_std": 0.1952343955786229, "goal_after_found_std": 23.537735942054347, "num_ep": 100, "reward_per_dist_std": 0.0011936494488387218, "dist_ratio_per_episode": 1.4060353655731099, "reward_std": 10.149111744921091, "num_goal": 6.8899999999999997, "num_goals_std": 1.0089103032480142, "goal_after_found": 157.34842483520507, "goal_first_found": 170.84, "prob_shortest_per_episode_std": 0.20736884873923964, "goal_first_found_std": 59.240141795914028, "reward_per_dist": 0.0084556486497113763}}