{"0": {"prob_shortest_per_episode": 0.30266666666666669, "reward": 70.925529823303222, "dist_ratio_per_episode_std": 0.18050106942041352, "goal_after_found_std": 21.293285038777867, "num_ep": 100, "reward_per_dist_std": 0.0012213913866281339, "dist_ratio_per_episode": 1.3685382751342752, "reward_std": 9.2706936654622591, "num_goal": 7.1399999999999997, "num_goals_std": 0.92757749002441836, "goal_after_found": 151.91831001281739, "goal_first_found": 161.11000000000001, "prob_shortest_per_episode_std": 0.20251837911051684, "goal_first_found_std": 54.390604887241331, "reward_per_dist": 0.010119035542394699}}