{"0": {"prob_shortest_per_episode": 0.19735714285714284, "reward": 82.433965682983398, "dist_ratio_per_episode_std": 0.32213351245556543, "goal_after_found_std": 30.976156645603943, "num_ep": 100, "reward_per_dist_std": 0.0024553827299936977, "dist_ratio_per_episode": 1.2921127560858947, "reward_std": 16.097405842487817, "num_goal": 8.2799999999999994, "num_goals_std": 1.6067358214715945, "goal_after_found": 138.72224601745606, "goal_first_found": 150.38999999999999, "prob_shortest_per_episode_std": 0.20189517032598234, "goal_first_found_std": 78.168394508266587, "reward_per_dist": 0.010979108469830882}}