{"0": {"prob_shortest_per_episode": 0.36589706589706594, "reward": 98.296530394554139, "dist_ratio_per_episode_std": 0.056010218209220745, "goal_after_found_std": 5.6762222237770166, "num_ep": 100, "reward_per_dist_std": 0.00067434711969635997, "dist_ratio_per_episode": 0.98847116685570036, "reward_std": 12.521576120414773, "num_goal": 9.8699999999999992, "num_goals_std": 1.2381841543163117, "goal_after_found": 109.76228925916884, "goal_first_found": 156.24242424242425, "prob_shortest_per_episode_std": 0.16896569944046816, "goal_first_found_std": 72.967142309051084, "reward_per_dist": 0.013223980606782615}}