{"0": {"prob_shortest_per_episode": 0.33884126984126989, "reward": 100.93521667480469, "dist_ratio_per_episode_std": 0.058473868752095697, "goal_after_found_std": 6.1540695493131699, "num_ep": 100, "reward_per_dist_std": 0.00070440534770883272, "dist_ratio_per_episode": 0.97485760405186683, "reward_std": 7.0249101614580525, "num_goal": 10.130000000000001, "num_goals_std": 0.70221079456243063, "goal_after_found": 106.83632530212402, "goal_first_found": 162.5, "prob_shortest_per_episode_std": 0.16278923403921036, "goal_first_found_std": 57.678505528489552, "reward_per_dist": 0.013391344102259261}}