{"0": {"prob_shortest_per_episode": 0.28009559884559887, "reward": 87.432173080444329, "dist_ratio_per_episode_std": 0.29166935568093788, "goal_after_found_std": 24.754228354928674, "num_ep": 100, "reward_per_dist_std": 0.0022250207995225721, "dist_ratio_per_episode": 1.319857700855352, "reward_std": 19.201565452198004, "num_goal": 8.7699999999999996, "num_goals_std": 1.9227844392963036, "goal_after_found": 131.80889503479003, "goal_first_found": 141.59999999999999, "prob_shortest_per_episode_std": 0.28324832971606695, "goal_first_found_std": 32.445646857475353, "reward_per_dist": 0.010588014764889787}}