{"0": {"prob_shortest_per_episode": 0.013333333333333332, "reward": 67.957621612548834, "dist_ratio_per_episode_std": 0.046311441064550082, "goal_after_found_std": 4.6809823349086201, "num_ep": 100, "reward_per_dist_std": 0.00022179528426430236, "dist_ratio_per_episode": 1.6088823782076447, "reward_std": 3.790810425640593, "num_goal": 6.8300000000000001, "num_goals_std": 0.375632799419859, "goal_after_found": 166.66, "goal_first_found": 177.03, "prob_shortest_per_episode_std": 0.045215533220835116, "goal_first_found_std": 16.925988892823959, "reward_per_dist": 0.0085350085504876001}}