{"0": {"goal_first_found": 80.5, "goal_after_found_std": 309.0, "num_ep": 100, "reward_std": 4.4616706512618611, "num_goal": 0.20000000000000001, "num_goals_std": 0.44721359549995793, "goal_after_found": 404.0, "reward": 1.9472615294496063, "goal_first_found_std": 38.5}}