{"0": {"goal_first_found": 99.0, "goal_after_found_std": 0.0, "num_ep": 100, "reward_std": 3.7509466823055413, "num_goal": 0.14000000000000001, "num_goals_std": 0.37469987990390391, "goal_after_found": 38.0, "reward": 1.3236502508074046, "goal_first_found_std": 0.0}}