{"0": {"prob_shortest_per_episode": 0.0, "reward": 0.9346827911585569, "dist_ratio_per_episode_std": 0.0, "goal_after_found_std": 0.0, "num_ep": 100, "reward_per_dist_std": 0.0, "dist_ratio_per_episode": 3.2534361186365639, "reward_std": 3.3090959018278663, "num_goal": 0.10000000000000001, "num_goals_std": 0.33166247903553991, "goal_after_found": 403.0, "goal_first_found": 63.0, "prob_shortest_per_episode_std": 0.0, "goal_first_found_std": 0.0, "reward_per_dist": 0.042958963614976732}}