{"99": {"goal_first_found": 129.0, "goal_after_found_std": 44.0, "num_ep": 100, "reward_std": 34.493277683584594, "num_goal": 0.17999999999999999, "num_goals_std": 0.43312815655415426, "goal_after_found": 166.0, "reward": -18.081441994099876, "goal_first_found_std": 3.0}}