{"99": {"goal_first_found": 0, "goal_after_found_std": 0, "num_ep": 100, "reward_std": 3.1458130146216181, "num_goal": 0.10000000000000001, "num_goals_std": 0.29999999999999999, "goal_after_found": 0, "reward": 0.63005495887249707, "goal_first_found_std": 0}}