{"0": {"prob_shortest_per_episode": 0.67512878787878794, "reward": 104.91131393432617, "dist_ratio_per_episode_std": 0.037313258196205408, "goal_after_found_std": 13.187661324818261, "num_ep": 100, "reward_per_dist_std": 0.0016926629104946113, "dist_ratio_per_episode": 0.88976531197524156, "reward_std": 12.324898265456431, "num_goal": 10.57, "num_goals_std": 1.2349493916756265, "goal_after_found": 109.09832336425781, "goal_first_found": 112.29000000000001, "prob_shortest_per_episode_std": 0.14722357648884762, "goal_first_found_std": 30.938744318410858, "reward_per_dist": 0.013236035160841892}}