{"0": {"goal_first_found": 0, "goal_after_found_std": 0, "num_ep": 100, "reward_std": 2.3712282229287549, "num_goal": 0.059999999999999998, "num_goals_std": 0.23748684174075832, "goal_after_found": 0, "reward": 0.54058020487544123, "goal_first_found_std": 0}}