{"99": {"goal_first_found": 233.0, "goal_after_found_std": 0.0, "num_ep": 100, "reward_std": 3.8423291004496893, "num_goal": 0.14999999999999999, "num_goals_std": 0.38405728739343042, "goal_after_found": 490.0, "reward": 1.2173448151350021, "goal_first_found_std": 0.0}}