{"0": {"goal_first_found": 104.09, "goal_after_found_std": 11.571285989014182, "num_ep": 100, "reward_std": 12.028919819938977, "num_goal": 10.630000000000001, "num_goals_std": 1.2054459755625715, "goal_after_found": 108.77726493835449, "reward": 105.52697517395019, "goal_first_found_std": 35.242331080676259}}