{"0": {"goal_first_found": 239.09, "goal_after_found_std": 72.222668606601474, "num_ep": 100, "reward_std": 12.91448218303017, "num_goal": 4.5700000000000003, "num_goals_std": 1.2903875386875059, "goal_after_found": 241.78252380371094, "reward": 45.481445617675782, "goal_first_found_std": 146.50420437652974}}