{"0": {"prob_shortest_per_episode": 0.74155810855810855, "reward": 106.42971817016601, "dist_ratio_per_episode_std": 0.036336799635001291, "goal_after_found_std": 12.310128696289386, "num_ep": 100, "reward_per_dist_std": 0.0014586815315396923, "dist_ratio_per_episode": 0.88583570603953277, "reward_std": 12.700477691396374, "num_goal": 10.720000000000001, "num_goals_std": 1.2734205903785285, "goal_after_found": 107.23606391906738, "goal_first_found": 108.11, "prob_shortest_per_episode_std": 0.14475555575603199, "goal_first_found_std": 31.134834189377017, "reward_per_dist": 0.016688144804701547}}