{"0": {"goal_first_found": 100.53, "goal_after_found_std": 21.266033132655245, "num_ep": 100, "reward_std": 14.183728219415288, "num_goal": 10.609999999999999, "num_goals_std": 1.4063783274780652, "goal_after_found": 110.43718849182129, "reward": 105.26401470184327, "goal_first_found_std": 43.767443379754319}}