{"0": {"goal_first_found": 109.81, "goal_after_found_std": 11.167659471152989, "num_ep": 100, "reward_std": 11.918292160106017, "num_goal": 10.44, "num_goals_std": 1.1943198901466894, "goal_after_found": 109.72155899047851, "reward": 103.64522171020508, "goal_first_found_std": 29.241988646465206}}