{"0": {"prob_shortest_per_episode": 0.0, "reward": 42.910799846649169, "dist_ratio_per_episode_std": 0.24790693138143885, "goal_after_found_std": 23.376500539916279, "num_ep": 100, "reward_per_dist_std": 0.00082775191691932654, "dist_ratio_per_episode": 1.7533072859359848, "reward_std": 7.538695920202656, "num_goal": 5.7000000000000002, "num_goals_std": 0.78102496759066542, "goal_after_found": 191.5941664123535, "goal_first_found": 218.41999999999999, "prob_shortest_per_episode_std": 0.0, "goal_first_found_std": 77.686959008574931, "reward_per_dist": 0.0051355791312832156}}