{"0": {"goal_first_found": 0, "goal_after_found_std": 0, "num_ep": 100, "reward_std": 3.0020928860904008, "num_goal": 0.10000000000000001, "num_goals_std": 0.30000000000000004, "goal_after_found": 0, "reward": 0.93082081344677137, "goal_first_found_std": 0}}