{"0": {"prob_shortest_per_episode": 0.18966666666666665, "reward": 44.186068801879884, "dist_ratio_per_episode_std": 0.71954801746950869, "goal_after_found_std": 54.678483345560302, "num_ep": 100, "reward_per_dist_std": 0.0012536902478452385, "dist_ratio_per_episode": 2.055498085563976, "reward_std": 9.9259590088915939, "num_goal": 4.4400000000000004, "num_goals_std": 0.99317672143481073, "goal_after_found": 254.47833328247071, "goal_first_found": 180.47, "prob_shortest_per_episode_std": 0.18470366657011564, "goal_first_found_std": 112.73149116373828, "reward_per_dist": 0.0071240357523481967}}