{"0": {"goal_first_found": 236.28, "goal_after_found_std": 75.238911488694242, "num_ep": 100, "reward_std": 11.714375779483952, "num_goal": 4.3700000000000001, "num_goals_std": 1.1717934971657762, "goal_after_found": 257.41131011962892, "reward": 43.479696750640869, "goal_first_found_std": 119.92223146689692}}