{"0": {"prob_shortest_per_episode": 0.027666666666666666, "reward": 34.089031658172608, "dist_ratio_per_episode_std": 0.28535731257036251, "goal_after_found_std": 67.689536936313161, "num_ep": 100, "reward_per_dist_std": 0.00080283079778227387, "dist_ratio_per_episode": 1.5808654156548447, "reward_std": 7.3790432903607197, "num_goal": 3.4300000000000002, "num_goals_std": 0.7383088784512889, "goal_after_found": 303.2329995727539, "goal_first_found": 326.14999999999998, "prob_shortest_per_episode_std": 0.087503015821043431, "goal_first_found_std": 108.31051426338996, "reward_per_dist": 0.004197019625846031}}