{"0": {"goal_first_found": 199.65000000000001, "goal_after_found_std": 106.30312831375097, "num_ep": 100, "reward_std": 25.590984343473199, "num_goal": 6.6500000000000004, "num_goals_std": 2.5627134057478997, "goal_after_found": 186.31866615295411, "reward": 66.220338726043707, "goal_first_found_std": 134.2868105958288}}