{"0": {"prob_shortest_per_episode": 0.1111904761904762, "reward": 69.661810073852536, "dist_ratio_per_episode_std": 0.10069029696527043, "goal_after_found_std": 9.3684730626363564, "num_ep": 100, "reward_per_dist_std": 0.00056795762294961215, "dist_ratio_per_episode": 1.5091665774847269, "reward_std": 4.9768455230653119, "num_goal": 6.9900000000000002, "num_goals_std": 0.49989998999799951, "goal_after_found": 160.95195205688478, "goal_first_found": 171.30000000000001, "prob_shortest_per_episode_std": 0.1268873391059834, "goal_first_found_std": 17.073078222745888, "reward_per_dist": 0.0091126854309871424}}