{"0": {"prob_shortest_per_episode": 0.41214285714285714, "reward": 74.914678726196286, "dist_ratio_per_episode_std": 0.38564574637461557, "goal_after_found_std": 41.24578194985969, "num_ep": 100, "reward_per_dist_std": 0.0023124288597492384, "dist_ratio_per_episode": 1.447135257163124, "reward_std": 21.289651039984179, "num_goal": 7.5199999999999996, "num_goals_std": 2.132979137263185, "goal_after_found": 156.90360321044921, "goal_first_found": 177.30000000000001, "prob_shortest_per_episode_std": 0.30691449510674201, "goal_first_found_std": 62.455984501086846, "reward_per_dist": 0.010086286771652249}}