{"0": {"prob_shortest_per_episode": 0.26686285095376006, "reward": 62.326105465888979, "dist_ratio_per_episode_std": 1.951649378987504, "goal_after_found_std": 88.735971790110341, "num_ep": 100, "reward_per_dist_std": 0.0031255332917231775, "dist_ratio_per_episode": 2.5727223499351877, "reward_std": 27.675968558528236, "num_goal": 6.2599999999999998, "num_goals_std": 2.7735176220821094, "goal_after_found": 193.90269161956479, "goal_first_found": 203.40404040404042, "prob_shortest_per_episode_std": 0.23119733055015557, "goal_first_found_std": 128.36051811183125, "reward_per_dist": 0.0092182332468504144}}