{"0": {"prob_shortest_per_episode": 0.23757177429052426, "reward": 63.018158122003079, "dist_ratio_per_episode_std": 1.5145666794249124, "goal_after_found_std": 96.020035965881462, "num_ep": 100, "reward_per_dist_std": 0.0053384889774688643, "dist_ratio_per_episode": 2.6264783557848888, "reward_std": 28.232046356600943, "num_goal": 6.3300000000000001, "num_goals_std": 2.8286215724271071, "goal_after_found": 184.71264084180197, "goal_first_found": 204.70833333333334, "prob_shortest_per_episode_std": 0.21463632360783369, "goal_first_found_std": 120.18448636945156, "reward_per_dist": 0.010028039703553556}}