{"0": {"prob_shortest_per_episode": NaN, "reward": 60.439329995214941, "dist_ratio_per_episode_std": NaN, "goal_after_found_std": 86.672386941066875, "num_ep": 100, "reward_per_dist_std": NaN, "dist_ratio_per_episode": NaN, "reward_std": 29.751528270522069, "num_goal": 6.0700000000000003, "num_goals_std": 2.9807884862901628, "goal_after_found": 191.69422133425448, "goal_first_found": 209.17021276595744, "prob_shortest_per_episode_std": NaN, "goal_first_found_std": 138.32998154258445, "reward_per_dist": -Infinity}}