{"0": {"prob_shortest_per_episode": NaN, "reward": 62.98495118163526, "dist_ratio_per_episode_std": NaN, "goal_after_found_std": 77.237149102056321, "num_ep": 100, "reward_per_dist_std": NaN, "dist_ratio_per_episode": NaN, "reward_std": 26.717750937441767, "num_goal": 6.3399999999999999, "num_goals_std": 2.6578939030743869, "goal_after_found": 182.52633895087487, "goal_first_found": 195.50515463917526, "prob_shortest_per_episode_std": NaN, "goal_first_found_std": 148.68475775924222, "reward_per_dist": -Infinity}}