{"0": {"prob_shortest_per_episode": 0.28719081143323566, "reward": 58.053640146255496, "dist_ratio_per_episode_std": 0.94386074953736887, "goal_after_found_std": 91.695869839758458, "num_ep": 100, "reward_per_dist_std": 0.0064512498557312082, "dist_ratio_per_episode": 2.3325253737649274, "reward_std": 23.003418689295657, "num_goal": 5.8300000000000001, "num_goals_std": 2.3024117789830734, "goal_after_found": 202.22140626233033, "goal_first_found": 197.37373737373738, "prob_shortest_per_episode_std": 0.23189017056884301, "goal_first_found_std": 114.22373807828868, "reward_per_dist": 0.0096450383556423592}}