{"0": {"prob_shortest_per_episode": 0.26351118326118322, "reward": 82.874553070068359, "dist_ratio_per_episode_std": 0.21594653279178774, "goal_after_found_std": 18.056706915763655, "num_ep": 100, "reward_per_dist_std": 0.0015717814986891106, "dist_ratio_per_episode": 1.3369675494322388, "reward_std": 13.239060632423609, "num_goal": 8.3100000000000005, "num_goals_std": 1.3243488966280752, "goal_after_found": 136.6646827697754, "goal_first_found": 145.71000000000001, "prob_shortest_per_episode_std": 0.22915285738866537, "goal_first_found_std": 27.917125568367531, "reward_per_dist": 0.0090278373105115873}}