{"0": {"prob_shortest_per_episode": 0.0, "reward": 68.913492546081542, "dist_ratio_per_episode_std": 0.092160998370904398, "goal_after_found_std": 9.4658379902795833, "num_ep": 100, "reward_per_dist_std": 0.00050496681711008221, "dist_ratio_per_episode": 1.413397952025347, "reward_std": 5.220749768078341, "num_goal": 7.8399999999999999, "num_goals_std": 0.54258639865002145, "goal_after_found": 146.76476150512696, "goal_first_found": 136.22, "prob_shortest_per_episode_std": 0.0, "goal_first_found_std": 28.1675629048734, "reward_per_dist": 0.0073459075211645495}}