{"0": {"prob_shortest_per_episode": 0.38210497835497842, "reward": 72.439944725036625, "dist_ratio_per_episode_std": 0.36572870597314378, "goal_after_found_std": 40.109027631291994, "num_ep": 100, "reward_per_dist_std": 0.0021519996367364035, "dist_ratio_per_episode": 1.510745035587324, "reward_std": 20.336913903869736, "num_goal": 7.2699999999999996, "num_goals_std": 2.0388967605055432, "goal_after_found": 163.91209899902344, "goal_first_found": 145.56999999999999, "prob_shortest_per_episode_std": 0.31388246486195637, "goal_first_found_std": 59.675665894902259, "reward_per_dist": 0.0082717564460056126}}