{"0": {"prob_shortest_per_episode": 0.31601406926406928, "reward": 88.744463729858396, "dist_ratio_per_episode_std": 0.19965594633162589, "goal_after_found_std": 18.244597363619057, "num_ep": 100, "reward_per_dist_std": 0.0015031436119078438, "dist_ratio_per_episode": 1.2860922784631739, "reward_std": 13.974796497019124, "num_goal": 8.8900000000000006, "num_goals_std": 1.3992497989994497, "goal_after_found": 129.35154235839843, "goal_first_found": 133.08000000000001, "prob_shortest_per_episode_std": 0.25213743009169726, "goal_first_found_std": 29.326329466880104, "reward_per_dist": 0.010556138257829093}}