{"0": {"prob_shortest_per_episode": 0.25972612987919108, "reward": 64.832062487304214, "dist_ratio_per_episode_std": 6.5746156821820438, "goal_after_found_std": 103.93612380116433, "num_ep": 100, "reward_per_dist_std": 0.0030478011486948548, "dist_ratio_per_episode": 3.0908968865762176, "reward_std": 27.231395276878775, "num_goal": 6.5099999999999998, "num_goals_std": 2.729450494147128, "goal_after_found": 190.60261372157507, "goal_first_found": 181.25510204081633, "prob_shortest_per_episode_std": 0.21354633892189917, "goal_first_found_std": 128.12719375718655, "reward_per_dist": 0.012489101823105669}}