{"0": {"prob_shortest_per_episode": 0.27321428571428563, "reward": 83.022534255981441, "dist_ratio_per_episode_std": 0.049153764147648535, "goal_after_found_std": 4.5799744477419102, "num_ep": 100, "reward_per_dist_std": 0.00031459716661651991, "dist_ratio_per_episode": 1.3922439735141223, "reward_std": 4.625611201232668, "num_goal": 8.3100000000000005, "num_goals_std": 0.46249324319388707, "goal_after_found": 131.68875015258789, "goal_first_found": 151.78, "prob_shortest_per_episode_std": 0.098019286940096109, "goal_first_found_std": 2.5790695996812492, "reward_per_dist": 0.0096124601137860827}}