{"0": {"prob_shortest_per_episode": 0.44753968253968252, "reward": 73.067578163146976, "dist_ratio_per_episode_std": 0.38380935730507953, "goal_after_found_std": 41.783032462027727, "num_ep": 100, "reward_per_dist_std": 0.002191710125483737, "dist_ratio_per_episode": 1.4605540111995179, "reward_std": 19.177796397925146, "num_goal": 7.3399999999999999, "num_goals_std": 1.9246817918814529, "goal_after_found": 163.30254341125487, "goal_first_found": 147.91999999999999, "prob_shortest_per_episode_std": 0.3284295184688229, "goal_first_found_std": 63.818442475510167, "reward_per_dist": 0.0099754224897351355}}