{"0": {"prob_shortest_per_episode": 0.55245959595959593, "reward": 100.9935066986084, "dist_ratio_per_episode_std": 0.08054064478305023, "goal_after_found_std": 7.4491391546495063, "num_ep": 100, "reward_per_dist_std": 0.00084420709334211163, "dist_ratio_per_episode": 1.0690531331562165, "reward_std": 6.5195821447504443, "num_goal": 10.119999999999999, "num_goals_std": 0.65238025721200366, "goal_after_found": 112.94185081481933, "goal_first_found": 109.81999999999999, "prob_shortest_per_episode_std": 0.15082658615412964, "goal_first_found_std": 26.570427170070111, "reward_per_dist": 0.012255895124374153}}