{"0": {"prob_shortest_per_episode": 0.24692618378185385, "reward": 61.539083442687989, "dist_ratio_per_episode_std": 11.23716914660406, "goal_after_found_std": 105.71141438741347, "num_ep": 100, "reward_per_dist_std": 0.0028986946380532438, "dist_ratio_per_episode": 4.0814826112170159, "reward_std": 24.888426024283241, "num_goal": 6.1900000000000004, "num_goals_std": 2.4523254270182009, "goal_after_found": 198.17776324085352, "goal_first_found": 185.60824742268042, "prob_shortest_per_episode_std": 0.23898464319984802, "goal_first_found_std": 138.869333874484, "reward_per_dist": 0.012293159310129103}}