{"0": {"prob_shortest_per_episode": 0.023333333333333331, "reward": 34.395148544311525, "dist_ratio_per_episode_std": 0.48840902769925959, "goal_after_found_std": 97.388934844371335, "num_ep": 100, "reward_per_dist_std": 0.0013012306872513995, "dist_ratio_per_episode": 1.6484884966313555, "reward_std": 7.8113709043426072, "num_goal": 3.46, "num_goals_std": 0.77999999999999992, "goal_after_found": 320.5233335876465, "goal_first_found": 304.00999999999999, "prob_shortest_per_episode_std": 0.087464278422679509, "goal_first_found_std": 105.48464295811026, "reward_per_dist": 0.0059909878677174054}}