{"0": {"prob_shortest_per_episode": 0.29579598291719505, "reward": 64.107496547698972, "dist_ratio_per_episode_std": 1.4389890229078566, "goal_after_found_std": 66.629006645764889, "num_ep": 100, "reward_per_dist_std": 0.0027062626452694473, "dist_ratio_per_episode": 2.4993486598181289, "reward_std": 24.039680469129642, "num_goal": 6.4500000000000002, "num_goals_std": 2.3890374630800584, "goal_after_found": 178.49922881463561, "goal_first_found": 212.58585858585857, "prob_shortest_per_episode_std": 0.22817519696734759, "goal_first_found_std": 138.05927654607078, "reward_per_dist": 0.0095992661038553865}}