{"0": {"prob_shortest_per_episode": NaN, "reward": 64.213368189036842, "dist_ratio_per_episode_std": NaN, "goal_after_found_std": 70.397878566001452, "num_ep": 100, "reward_per_dist_std": NaN, "dist_ratio_per_episode": NaN, "reward_std": 27.318881572693844, "num_goal": 6.4500000000000002, "num_goals_std": 2.7363296585024255, "goal_after_found": 180.1317119008487, "goal_first_found": 179.81443298969072, "prob_shortest_per_episode_std": NaN, "goal_first_found_std": 134.68752151362287, "reward_per_dist": Infinity}}