{"0": {"prob_shortest_per_episode": 0.69245129870129873, "reward": 91.954832458496099, "dist_ratio_per_episode_std": 0.22393242968542706, "goal_after_found_std": 27.832527001633228, "num_ep": 100, "reward_per_dist_std": 0.001705416321981191, "dist_ratio_per_episode": 1.1482919642691898, "reward_std": 15.340330125949135, "num_goal": 9.2300000000000004, "num_goals_std": 1.5352849898308785, "goal_after_found": 126.14344619750976, "goal_first_found": 133.46000000000001, "prob_shortest_per_episode_std": 0.16368830697325198, "goal_first_found_std": 76.93990122166781, "reward_per_dist": 0.011822643189880754}}