{"0": {"goal_first_found": 208.63636363636363, "goal_after_found_std": 88.129003565580049, "num_ep": 100, "reward_std": 27.101708503450741, "num_goal": 5.9000000000000004, "num_goals_std": 2.7147743920996454, "goal_after_found": 205.12212310174499, "reward": 58.740404373407365, "goal_first_found_std": 138.32464043847511}}