{"0": {"goal_first_found": 176.62244897959184, "goal_after_found_std": 94.933604231537544, "num_ep": 100, "reward_std": 32.156643507433913, "num_goal": 6.6500000000000004, "num_goals_std": 3.2260657153877079, "goal_after_found": 191.35463325344787, "reward": 66.200018711090081, "goal_first_found_std": 117.71103630276936}}