{"0": {"prob_shortest_per_episode": 0.31505952380952373, "reward": 88.485530471801752, "dist_ratio_per_episode_std": 0.076959298773023446, "goal_after_found_std": 6.7140350959140775, "num_ep": 100, "reward_per_dist_std": 0.00048394291221153614, "dist_ratio_per_episode": 1.3472399838319626, "reward_std": 6.4811426793365863, "num_goal": 8.8599999999999994, "num_goals_std": 0.64838260309789308, "goal_after_found": 128.51275787353515, "goal_first_found": 143.28999999999999, "prob_shortest_per_episode_std": 0.13678286930468664, "goal_first_found_std": 21.169456771490381, "reward_per_dist": 0.0098657537680740294}}