{"0": {"prob_shortest_per_episode": 0.66838492063492072, "reward": 85.677766494750983, "dist_ratio_per_episode_std": 0.22938698180240283, "goal_after_found_std": 26.811201502408565, "num_ep": 100, "reward_per_dist_std": 0.001562538423958329, "dist_ratio_per_episode": 1.1873069826725426, "reward_std": 15.220868565814545, "num_goal": 8.6099999999999994, "num_goals_std": 1.5224651063324899, "goal_after_found": 133.40919822692871, "goal_first_found": 137.44999999999999, "prob_shortest_per_episode_std": 0.15247496330131205, "goal_first_found_std": 59.802403797840768, "reward_per_dist": 0.011503674629309589}}