{"0": {"goal_first_found": 198.90909090909091, "goal_after_found_std": 135.39263652932607, "num_ep": 100, "reward_std": 27.44407278027257, "num_goal": 6.5300000000000002, "num_goals_std": 2.7475625561577304, "goal_after_found": 199.62268706042357, "reward": 65.042863167449838, "goal_first_found_std": 135.56757537520889}}