{"0": {"prob_shortest_per_episode": 0.36916666666666664, "reward": 67.730170249938965, "dist_ratio_per_episode_std": 0.64056236031795721, "goal_after_found_std": 83.874903630163999, "num_ep": 10, "reward_per_dist_std": 0.0027302092549572527, "dist_ratio_per_episode": 2.0860512453322029, "reward_std": 22.714594772377211, "num_goal": 6.7999999999999998, "num_goals_std": 2.2715633383201093, "goal_after_found": 180.09500045776366, "goal_first_found": 148.19999999999999, "prob_shortest_per_episode_std": 0.24608179534455613, "goal_first_found_std": 47.014465858924744, "reward_per_dist": 0.012623772271893648}}