{"0": {"goal_first_found": 194.57142857142858, "goal_after_found_std": 80.634135975866187, "num_ep": 65, "reward_std": 26.777793830311278, "num_goal": 6.384615384615385, "num_goals_std": 2.6468693129361931, "goal_after_found": 185.42435467432415, "reward": 63.352797038738544, "goal_first_found_std": 149.06211704933293}}