{"0": {"prob_shortest_per_episode": 0.43027272727272708, "reward": 100.20117126464844, "dist_ratio_per_episode_std": 0.02779284998065075, "goal_after_found_std": 3.112290552033012, "num_ep": 100, "reward_per_dist_std": 0.00022505899442593047, "dist_ratio_per_episode": 1.2259754338257511, "reward_std": 1.7048871337444407, "num_goal": 10.029999999999999, "num_goals_std": 0.1705872210923198, "goal_after_found": 118.67722213745117, "goal_first_found": 94.640000000000001, "prob_shortest_per_episode_std": 0.11887249228264544, "goal_first_found_std": 1.5134067529914093, "reward_per_dist": 0.0095918459851345502}}