{"0": {"prob_shortest_per_episode": 0.36083333333333334, "reward": 92.626523590087885, "dist_ratio_per_episode_std": 0.19774549646176623, "goal_after_found_std": 16.710850702491626, "num_ep": 100, "reward_per_dist_std": 0.0015644278143283508, "dist_ratio_per_episode": 1.2221065626145806, "reward_std": 13.183446463274647, "num_goal": 9.2799999999999994, "num_goals_std": 1.3196969349058898, "goal_after_found": 125.43122222900391, "goal_first_found": 117.91, "prob_shortest_per_episode_std": 0.22217634517938412, "goal_first_found_std": 28.18903864980145, "reward_per_dist": 0.011051106495965596}}