{"0": {"prob_shortest_per_episode": 0.018707482993197279, "reward": 33.764461517333984, "dist_ratio_per_episode_std": 0.33725033793641801, "goal_after_found_std": 68.084021513122536, "num_ep": 100, "reward_per_dist_std": 0.0011867992688683229, "dist_ratio_per_episode": 1.5351725814801618, "reward_std": 7.6233853328214209, "num_goal": 3.3999999999999999, "num_goals_std": 0.76157731058639078, "goal_after_found": 301.84183673469386, "goal_first_found": 309.35714285714283, "prob_shortest_per_episode_std": 0.084624866017855294, "goal_first_found_std": 124.21560009162475, "reward_per_dist": 0.0062496494494892561}}