{"0": {"prob_shortest_per_episode": 0.56754040404040407, "reward": 103.62297409057618, "dist_ratio_per_episode_std": 0.065233497715953728, "goal_after_found_std": 5.9000089231584827, "num_ep": 100, "reward_per_dist_std": 0.00071309720737667952, "dist_ratio_per_episode": 1.0494569021304636, "reward_std": 6.7436626140200762, "num_goal": 10.380000000000001, "num_goals_std": 0.67498148122744817, "goal_after_found": 110.27174995422364, "goal_first_found": 107.09999999999999, "prob_shortest_per_episode_std": 0.14802924080068552, "goal_first_found_std": 21.479525134415798, "reward_per_dist": 0.012434356584641364}}