{"0": {"prob_shortest_per_episode": 0.0, "reward": 59.648306060481715, "dist_ratio_per_episode_std": 0.0, "goal_after_found_std": 88.402077986398908, "num_ep": 74, "reward_per_dist_std": 0.0, "dist_ratio_per_episode": 0.0, "reward_std": 23.932441376228635, "num_goal": 6.0270270270270272, "num_goals_std": 2.318975618282447, "goal_after_found": 194.05959606170654, "goal_first_found": 195.63888888888889, "prob_shortest_per_episode_std": 0.0, "goal_first_found_std": 124.30767223523739, "reward_per_dist": 0.0}}