{"0": {"prob_shortest_per_episode": 0.22693452380952381, "reward": 53.536662639677523, "dist_ratio_per_episode_std": 1.4873012900298088, "goal_after_found_std": 100.00106159761202, "num_ep": 100, "reward_per_dist_std": 0.0044935623105951663, "dist_ratio_per_episode": 2.6263594874377199, "reward_std": 24.033907689421959, "num_goal": 5.3799999999999999, "num_goals_std": 2.4074052421642684, "goal_after_found": 210.57279276847839, "goal_first_found": 210.15625, "prob_shortest_per_episode_std": 0.21692762457806783, "goal_first_found_std": 151.39093489793513, "reward_per_dist": 0.012347685465203933}}