{"0": {"prob_shortest_per_episode": 0.11216666666666665, "reward": 54.847538986206054, "dist_ratio_per_episode_std": 0.15317840258339468, "goal_after_found_std": 19.052622385948098, "num_ep": 100, "reward_per_dist_std": 0.00054265007927101639, "dist_ratio_per_episode": 1.8550146048177525, "reward_std": 6.4086907344168722, "num_goal": 5.5099999999999998, "num_goals_std": 0.64023433210036462, "goal_after_found": 206.78299987792968, "goal_first_found": 182.78, "prob_shortest_per_episode_std": 0.14013594590016273, "goal_first_found_std": 48.27537260343, "reward_per_dist": 0.0077816876450079921}}