{"0": {"goal_first_found": 199.47368421052633, "goal_after_found_std": 137.42526343287437, "num_ep": 100, "reward_std": 33.250192920241147, "num_goal": 4.5300000000000002, "num_goals_std": 3.3270256987285207, "goal_after_found": 208.89631000318025, "reward": 45.16208711497486, "goal_first_found_std": 209.45521275342966}}