{"0": {"prob_shortest_per_episode": 0.51559523809523811, "reward": 56.887083492279054, "dist_ratio_per_episode_std": 0.48880292329602887, "goal_after_found_std": 62.418710595783544, "num_ep": 100, "reward_per_dist_std": 0.0024076574555417628, "dist_ratio_per_episode": 1.7380676493070657, "reward_std": 14.116563934787262, "num_goal": 5.7000000000000002, "num_goals_std": 1.4106735979665885, "goal_after_found": 199.29633781433105, "goal_first_found": 120.64, "prob_shortest_per_episode_std": 0.20989162115335974, "goal_first_found_std": 63.210840842374509, "reward_per_dist": 0.0089193994076402477}}