{"0": {"goal_first_found": 215.58585858585857, "goal_after_found_std": 33.102267586101007, "num_ep": 100, "reward_std": 36.47726205342309, "num_goal": 10.5, "num_goals_std": 3.6482872693909401, "goal_after_found": 106.21697932541973, "reward": 104.68580917358399, "goal_first_found_std": 174.34865858249486}}