{"0": {"prob_shortest_per_episode": 0.0, "reward": 2.0221789926290512, "dist_ratio_per_episode_std": 0.47422230705123125, "goal_after_found_std": 101.86589223091309, "num_ep": 100, "reward_per_dist_std": 0.00078088807741790518, "dist_ratio_per_episode": 2.5225011863092055, "reward_std": 7.3776069772128245, "num_goal": 0.37, "num_goals_std": 0.70221079456243052, "goal_after_found": 375.80000000000001, "goal_first_found": 121.8, "prob_shortest_per_episode_std": 0.0, "goal_first_found_std": 45.613155996927027, "reward_per_dist": 0.0073460534389653857}}