{"0": {"prob_shortest_per_episode": NaN, "reward": 3.2689631459116937, "dist_ratio_per_episode_std": NaN, "goal_after_found_std": 89.505611208850041, "num_ep": 100, "reward_per_dist_std": NaN, "dist_ratio_per_episode": NaN, "reward_std": 8.2325856572488245, "num_goal": 0.46000000000000002, "num_goals_std": 0.76707235643060423, "goal_after_found": 293.73076923076923, "goal_first_found": 719.53846153846155, "prob_shortest_per_episode_std": NaN, "goal_first_found_std": 135.60270894991817, "reward_per_dist": -Infinity}}