{"0": {"prob_shortest_per_episode": 0.22353968253968257, "reward": 43.864371702601204, "dist_ratio_per_episode_std": 2.2051000239556724, "goal_after_found_std": 191.13068664348813, "num_ep": 100, "reward_per_dist_std": 0.015018836049689658, "dist_ratio_per_episode": 2.8725061577677078, "reward_std": 34.536417362300362, "num_goal": 4.4000000000000004, "num_goals_std": 3.455430508634199, "goal_after_found": 223.07365102132161, "goal_first_found": 249.52000000000001, "prob_shortest_per_episode_std": 0.25813560212038278, "goal_first_found_std": 250.80480378174582, "reward_per_dist": 0.014110908837023869}}