{"0": {"goal_first_found": 205.99000000000001, "goal_after_found_std": 91.809896494482146, "num_ep": 100, "reward_std": 26.892740671535329, "num_goal": 6.3499999999999996, "num_goals_std": 2.6958301133417142, "goal_after_found": 197.83138343811035, "reward": 63.223286628723145, "goal_first_found_std": 136.90971441062902}}