{"0": {"prob_shortest_per_episode": 0.0, "reward": 12.54803438782692, "dist_ratio_per_episode_std": 1.0455071447775564, "goal_after_found_std": 195.21089786831357, "num_ep": 100, "reward_per_dist_std": 0.0037584298550544129, "dist_ratio_per_episode": 2.3643116453534239, "reward_std": 9.0831147604542881, "num_goal": 1.3999999999999999, "num_goals_std": 0.86023252670426265, "goal_after_found": 415.53658573801926, "goal_first_found": 364.6829268292683, "prob_shortest_per_episode_std": 0.0, "goal_first_found_std": 198.11975179161277, "reward_per_dist": 0.010265555203890064}}