{"0": {"goal_first_found": 205.80000000000001, "goal_after_found_std": 50.576279532451537, "num_ep": 100, "reward_std": 34.852241256240809, "num_goal": 10.300000000000001, "num_goals_std": 3.4914180500192185, "goal_after_found": 113.68861686706543, "reward": 102.65031150817872, "goal_first_found_std": 170.09791297955422}}