{"0": {"goal_first_found": 181.375, "goal_after_found_std": 227.90836519077629, "num_ep": 100, "reward_std": 12.37329641519959, "num_goal": 0.96999999999999997, "num_goals_std": 1.2365678307314969, "goal_after_found": 220.37500063578287, "reward": 9.3133386458270255, "goal_first_found_std": 278.76121987882988}}