{"0": {"goal_first_found": 183.77000000000001, "goal_after_found_std": 118.74728153762288, "num_ep": 100, "reward_std": 26.624908227725687, "num_goal": 6.3799999999999999, "num_goals_std": 2.6675082005497193, "goal_after_found": 206.60831398010254, "reward": 63.537903804779056, "goal_first_found_std": 135.33490717475664}}