{"0": {"prob_shortest_per_episode": 0.35919771866741562, "reward": 97.240764007568359, "dist_ratio_per_episode_std": 0.35317573972292127, "goal_after_found_std": 40.789509133772853, "num_ep": 100, "reward_per_dist_std": 0.0042632804583675925, "dist_ratio_per_episode": 1.3178930160539584, "reward_std": 36.862728497676557, "num_goal": 9.7599999999999998, "num_goals_std": 3.6935619664491881, "goal_after_found": 114.61219217319682, "goal_first_found": 234.55555555555554, "prob_shortest_per_episode_std": 0.23124351135311622, "goal_first_found_std": 164.00050641842373, "reward_per_dist": 0.018086263740639676}}