{"0": {"goal_first_found": 243.78571428571428, "goal_after_found_std": 242.98057417935308, "num_ep": 100, "reward_std": 24.555317388283601, "num_goal": 2.5499999999999998, "num_goals_std": 2.4098755154571783, "goal_after_found": 286.3718250819615, "reward": 24.503277180269361, "goal_first_found_std": 220.27107603763031}}