{"0": {"prob_shortest_per_episode": 0.25860714285714281, "reward": 52.199677600860596, "dist_ratio_per_episode_std": 0.53442344223052052, "goal_after_found_std": 70.857654403529679, "num_ep": 100, "reward_per_dist_std": 0.0015044958685126095, "dist_ratio_per_episode": 1.9981049846172647, "reward_std": 10.658736488877427, "num_goal": 5.2300000000000004, "num_goals_std": 1.0663489110042734, "goal_after_found": 230.05211944580077, "goal_first_found": 171.90000000000001, "prob_shortest_per_episode_std": 0.26231963110019851, "goal_first_found_std": 75.471650306588629, "reward_per_dist": 0.0077337422384045167}}