{"0": {"prob_shortest_per_episode": 0.0, "reward": 60.207855596542359, "dist_ratio_per_episode_std": 0.30121046371438653, "goal_after_found_std": 38.399719496799115, "num_ep": 100, "reward_per_dist_std": 0.0017659629083541803, "dist_ratio_per_episode": 1.3622585554833346, "reward_std": 15.366179004390927, "num_goal": 7.3700000000000001, "num_goals_std": 1.56623752987853, "goal_after_found": 157.82130508422853, "goal_first_found": 156.06, "prob_shortest_per_episode_std": 0.0, "goal_first_found_std": 65.817447534829242, "reward_per_dist": 0.0073379137717699446}}