{"0": {"prob_shortest_per_episode": NaN, "reward": 20.70257984852331, "dist_ratio_per_episode_std": NaN, "goal_after_found_std": 167.85177006309061, "num_ep": 100, "reward_per_dist_std": NaN, "dist_ratio_per_episode": NaN, "reward_std": 25.127477454431059, "num_goal": 2.1699999999999999, "num_goals_std": 2.4821563206212458, "goal_after_found": 248.84852434241253, "goal_first_found": 318.69565217391306, "prob_shortest_per_episode_std": NaN, "goal_first_found_std": 318.65415828103056, "reward_per_dist": NaN}}