{"0": {"prob_shortest_per_episode": 0.0, "reward": 1.0421265769004822, "dist_ratio_per_episode_std": 2.1017196658105819, "goal_after_found_std": 221.35391470573896, "num_ep": 100, "reward_per_dist_std": 0.0043537410715625193, "dist_ratio_per_episode": 3.8026108539589107, "reward_std": 4.5142409650935722, "num_goal": 0.12, "num_goals_std": 0.4534313619501853, "goal_after_found": 403.66666666666669, "goal_first_found": 401.33333333333331, "prob_shortest_per_episode_std": 0.0, "goal_first_found_std": 378.8898989885526, "reward_per_dist": 0.0076316700518837535}}