{"0": {"goal_first_found": 195.20547945205479, "goal_after_found_std": 152.90542818060814, "num_ep": 100, "reward_std": 32.189117568206669, "num_goal": 4.2400000000000002, "num_goals_std": 3.2221731797034128, "goal_after_found": 217.49329250805999, "reward": 42.254246613569556, "goal_first_found_std": 165.573636219875}}