{"0": {"prob_shortest_per_episode": 0.0045000000000000005, "reward": 48.649477882385256, "dist_ratio_per_episode_std": 0.21550234254450368, "goal_after_found_std": 22.107387818224574, "num_ep": 100, "reward_per_dist_std": 0.00077057880082979186, "dist_ratio_per_episode": 1.852828874751562, "reward_std": 5.160095499820085, "num_goal": 4.8799999999999999, "num_goals_std": 0.51536394906900496, "goal_after_found": 214.43416702270508, "goal_first_found": 267.64999999999998, "prob_shortest_per_episode_std": 0.031697791721190929, "goal_first_found_std": 75.281388802279679, "reward_per_dist": 0.008077502603621993}}