{"0": {"prob_shortest_per_episode": 0.39999999999999997, "reward": 27.649697775642078, "dist_ratio_per_episode_std": 0.68523216651654151, "goal_after_found_std": 40.274170135592847, "num_ep": 6, "reward_per_dist_std": 0.0033795873265100649, "dist_ratio_per_episode": 3.0640315860239276, "reward_std": 26.056117908962467, "num_goal": 2.8333333333333335, "num_goals_std": 2.5440562537456244, "goal_after_found": 167.26666768391928, "goal_first_found": 115.33333333333333, "prob_shortest_per_episode_std": 0.1414213562373095, "goal_first_found_std": 95.590562063184635, "reward_per_dist": 0.013267757401741609}}