{"0": {"prob_shortest_per_episode": 0.23059678416821269, "reward": 21.983957793386654, "dist_ratio_per_episode_std": 2.0859692234787026, "goal_after_found_std": 169.90393188089772, "num_ep": 100, "reward_per_dist_std": 0.048352291515660742, "dist_ratio_per_episode": 3.3944795028209906, "reward_std": 27.025827379284785, "num_goal": 2.2799999999999998, "num_goals_std": 2.6761165893884371, "goal_after_found": 269.6201709565662, "goal_first_found": 160.3095238095238, "prob_shortest_per_episode_std": 0.24118980803030582, "goal_first_found_std": 164.24089278154207, "reward_per_dist": 0.020487848895177515}}