{"0": {"goal_first_found": 236.63157894736841, "goal_after_found_std": 197.87953950190587, "num_ep": 100, "reward_std": 27.952777188501358, "num_goal": 2.71, "num_goals_std": 2.7687361737803768, "goal_after_found": 245.16635319224577, "reward": 26.234594682529568, "goal_first_found_std": 251.91251834219537}}