{"0": {"prob_shortest_per_episode": 0.002, "reward": 50.596252918243408, "dist_ratio_per_episode_std": 0.21502797749448227, "goal_after_found_std": 23.056682996874315, "num_ep": 100, "reward_per_dist_std": 0.0007193013322734016, "dist_ratio_per_episode": 1.8361421699771048, "reward_std": 6.2113731262748111, "num_goal": 5.0700000000000003, "num_goals_std": 0.62056425936400816, "goal_after_found": 208.76500030517579, "goal_first_found": 250.47999999999999, "prob_shortest_per_episode_std": 0.019899748742132389, "goal_first_found_std": 69.410154876646118, "reward_per_dist": 0.0080867720382161619}}