{"0": {"prob_shortest_per_episode": NaN, "reward": 24.356536461673677, "dist_ratio_per_episode_std": NaN, "goal_after_found_std": 164.43102878416391, "num_ep": 100, "reward_per_dist_std": NaN, "dist_ratio_per_episode": NaN, "reward_std": 27.243724838460153, "num_goal": 2.5099999999999998, "num_goals_std": 2.7036826736878719, "goal_after_found": 227.4408016204834, "goal_first_found": 212.30000000000001, "prob_shortest_per_episode_std": NaN, "goal_first_found_std": 246.63902773081151, "reward_per_dist": NaN}}