{"0": {"prob_shortest_per_episode": NaN, "reward": 15.100734778046608, "dist_ratio_per_episode_std": NaN, "goal_after_found_std": 213.37679340521655, "num_ep": 100, "reward_per_dist_std": NaN, "dist_ratio_per_episode": NaN, "reward_std": 10.180610969713278, "num_goal": 1.6599999999999999, "num_goals_std": 0.98203869577527336, "goal_after_found": 472.85648148148147, "goal_first_found": 266.66666666666669, "prob_shortest_per_episode_std": NaN, "goal_first_found_std": 185.44071629299555, "reward_per_dist": NaN}}