{"0": {"prob_shortest_per_episode": NaN, "reward": 7.3579697740077972, "dist_ratio_per_episode_std": NaN, "goal_after_found_std": 206.56208364557131, "num_ep": 100, "reward_per_dist_std": NaN, "dist_ratio_per_episode": NaN, "reward_std": 10.353631721361243, "num_goal": 0.89000000000000001, "num_goals_std": 1.0089103032480142, "goal_after_found": 368.83999999999997, "goal_first_found": 452.16000000000003, "prob_shortest_per_episode_std": NaN, "goal_first_found_std": 248.89896424051264, "reward_per_dist": NaN}}