{"0": {"prob_shortest_per_episode": 0.11666666666666665, "reward": 49.428162956237792, "dist_ratio_per_episode_std": 4.8365679432153597, "goal_after_found_std": 39.00838265405423, "num_ep": 5, "reward_per_dist_std": 0.0032306249465852495, "dist_ratio_per_episode": 4.639733369727308, "reward_std": 23.978376524589454, "num_goal": 5.0, "num_goals_std": 2.3664319132398464, "goal_after_found": 133.18809509277344, "goal_first_found": 320.75, "prob_shortest_per_episode_std": 0.14529663145135577, "goal_first_found_std": 324.64162933918379, "reward_per_dist": 0.0095543642109724609}}