{"0": {"prob_shortest_per_episode": 0.31179040404040403, "reward": 64.748293476104735, "dist_ratio_per_episode_std": 3.6138088491366225, "goal_after_found_std": 91.555737143054174, "num_ep": 100, "reward_per_dist_std": 0.0032846043198743288, "dist_ratio_per_episode": 3.1160254259524494, "reward_std": 27.018430911036361, "num_goal": 6.5, "num_goals_std": 2.7073972741361767, "goal_after_found": 188.26809196472169, "goal_first_found": 208.84, "prob_shortest_per_episode_std": 0.24905713379275601, "goal_first_found_std": 150.69576769106692, "reward_per_dist": 0.0098036129068928383}}