{"0": {"prob_shortest_per_episode": 0.26093830005120328, "reward": 31.987278178352863, "dist_ratio_per_episode_std": 8.0214791259609584, "goal_after_found_std": 133.45293961965442, "num_ep": 100, "reward_per_dist_std": 0.052393752578627092, "dist_ratio_per_episode": 4.143941456172973, "reward_std": 28.856868265295986, "num_goal": 3.27, "num_goals_std": 2.8455403704744731, "goal_after_found": 223.22388630528604, "goal_first_found": 216.16129032258064, "prob_shortest_per_episode_std": 0.29456391137898791, "goal_first_found_std": 223.16710024238145, "reward_per_dist": 0.021080864754728236}}