{"0": {"prob_shortest_per_episode": 0.43586118585576794, "reward": 112.06712167739869, "dist_ratio_per_episode_std": 0.37401012094868269, "goal_after_found_std": 36.979511500906881, "num_ep": 100, "reward_per_dist_std": 0.004889768193036507, "dist_ratio_per_episode": 1.2826880735020412, "reward_std": 41.830708575516162, "num_goal": 11.24, "num_goals_std": 4.1883648360666959, "goal_after_found": 101.74735404968261, "goal_first_found": 209.19, "prob_shortest_per_episode_std": 0.22609632331082558, "goal_first_found_std": 174.7972937433529, "reward_per_dist": 0.016671710288058153}}