{"0": {"prob_shortest_per_episode": 0.1882595334650129, "reward": 43.47844402760267, "dist_ratio_per_episode_std": 5.3451597953908916, "goal_after_found_std": 140.85382522006128, "num_ep": 100, "reward_per_dist_std": 0.010263970382806341, "dist_ratio_per_episode": 3.3410272579654126, "reward_std": 35.23101990203677, "num_goal": 4.3600000000000003, "num_goals_std": 3.52567723990725, "goal_after_found": 214.64886161072613, "goal_first_found": 218.31506849315068, "prob_shortest_per_episode_std": 0.2073640862129949, "goal_first_found_std": 209.84827374109753, "reward_per_dist": 0.015102179679841201}}