{"0": {"prob_shortest_per_episode": 0.24705555555555553, "reward": 53.990837593078616, "dist_ratio_per_episode_std": 0.41103567037882205, "goal_after_found_std": 61.888731973183006, "num_ep": 100, "reward_per_dist_std": 0.0015354737499909802, "dist_ratio_per_episode": 1.8495938268862619, "reward_std": 12.503592256452349, "num_goal": 5.4100000000000001, "num_goals_std": 1.2497599769555752, "goal_after_found": 211.51085693359374, "goal_first_found": 202.0, "prob_shortest_per_episode_std": 0.28081136145659075, "goal_first_found_std": 96.585195552941755, "reward_per_dist": 0.0066740816955310842}}