{"0": {"prob_shortest_per_episode": NaN, "reward": 11.235171571969985, "dist_ratio_per_episode_std": NaN, "goal_after_found_std": 245.06057536851839, "num_ep": 100, "reward_per_dist_std": NaN, "dist_ratio_per_episode": NaN, "reward_std": 10.672214729592673, "num_goal": 1.28, "num_goals_std": 1.0303397497913005, "goal_after_found": 512.11240333734554, "goal_first_found": 222.58139534883722, "prob_shortest_per_episode_std": NaN, "goal_first_found_std": 195.17246190593869, "reward_per_dist": -Infinity}}