{"0": {"goal_first_found": 488.23076923076923, "goal_after_found_std": 134.23231098411276, "num_ep": 24, "reward_std": 26.359444613278722, "num_goal": 2.9583333333333335, "num_goals_std": 2.6375362030164102, "goal_after_found": 177.37435971773587, "reward": 29.192762199789286, "goal_first_found_std": 334.69599382726955}}