{"0": {"goal_first_found": 251.18181818181819, "goal_after_found_std": 164.90777421943565, "num_ep": 100, "reward_std": 28.062915699042438, "num_goal": 3.2400000000000002, "num_goals_std": 2.8039971469315015, "goal_after_found": 232.72534919507575, "reward": 31.952307499004529, "goal_first_found_std": 248.46558868449083}}