{"0": {"prob_shortest_per_episode": NaN, "reward": 28.034574073553085, "dist_ratio_per_episode_std": NaN, "goal_after_found_std": 219.03818592399088, "num_ep": 100, "reward_per_dist_std": NaN, "dist_ratio_per_episode": NaN, "reward_std": 25.794961801217024, "num_goal": 2.8700000000000001, "num_goals_std": 2.5520775850275403, "goal_after_found": 238.59401565301613, "goal_first_found": 201.52459016393442, "prob_shortest_per_episode_std": NaN, "goal_first_found_std": 178.82188285768177, "reward_per_dist": -Infinity}}