{"0": {"prob_shortest_per_episode": 0.063725490196078427, "reward": 8.4358170384168627, "dist_ratio_per_episode_std": 0.97394404437114268, "goal_after_found_std": 193.81129097469432, "num_ep": 100, "reward_per_dist_std": 0.0036864066226777082, "dist_ratio_per_episode": 2.4866008900938161, "reward_std": 11.179621043157619, "num_goal": 1.01, "num_goals_std": 1.0908253755757609, "goal_after_found": 442.98039245605469, "goal_first_found": 265.14705882352939, "prob_shortest_per_episode_std": 0.21395247885093327, "goal_first_found_std": 185.08076652750364, "reward_per_dist": 0.0093624021638454378}}