{"0": {"prob_shortest_per_episode": 0.31787040573805281, "reward": 40.699861605074254, "dist_ratio_per_episode_std": 2.0222997961004556, "goal_after_found_std": 150.37921726938691, "num_ep": 100, "reward_per_dist_std": 0.0077340628789520048, "dist_ratio_per_episode": 2.4839094754255751, "reward_std": 35.125905150780476, "num_goal": 4.1299999999999999, "num_goals_std": 3.471757480009225, "goal_after_found": 187.68203443639419, "goal_first_found": 229.83823529411765, "prob_shortest_per_episode_std": 0.25657876059173451, "goal_first_found_std": 237.63346777895265, "reward_per_dist": 0.013604482110541037}}