{"0": {"prob_shortest_per_episode": 0.23918219461697718, "reward": 21.141883224807678, "dist_ratio_per_episode_std": 2.8908120332051266, "goal_after_found_std": 207.54057237395526, "num_ep": 100, "reward_per_dist_std": 0.01034102909083672, "dist_ratio_per_episode": 3.4729495228355174, "reward_std": 24.284578675454469, "num_goal": 2.21, "num_goals_std": 2.3803151051909071, "goal_after_found": 277.0987312482751, "goal_first_found": 240.86956521739131, "prob_shortest_per_episode_std": 0.25172122968191807, "goal_first_found_std": 262.13219438785768, "reward_per_dist": 0.01256170401759696}}