{"0": {"prob_shortest_per_episode": 0.0, "reward": 2.3697956044971944, "dist_ratio_per_episode_std": 0.36783294109235987, "goal_after_found_std": 115.05830513373172, "num_ep": 100, "reward_per_dist_std": 0.0025918302552821004, "dist_ratio_per_episode": 1.3286386183218239, "reward_std": 8.1730187968079591, "num_goal": 0.39000000000000001, "num_goals_std": 0.76019734279988116, "goal_after_found": 306.94444444444446, "goal_first_found": 530.44444444444446, "prob_shortest_per_episode_std": 0.0, "goal_first_found_std": 203.18525269708985, "reward_per_dist": 0.0088818054769116903}}