{"0": {"prob_shortest_per_episode": 0.25695238095238099, "reward": 57.000104484558108, "dist_ratio_per_episode_std": 0.52620939198915972, "goal_after_found_std": 61.217179333702781, "num_ep": 100, "reward_per_dist_std": 0.001867801195148748, "dist_ratio_per_episode": 1.8421845534513333, "reward_std": 15.380151780489156, "num_goal": 5.71, "num_goals_std": 1.5381482373295496, "goal_after_found": 206.13172622680665, "goal_first_found": 190.30000000000001, "prob_shortest_per_episode_std": 0.28587568457194545, "goal_first_found_std": 102.33762748862219, "reward_per_dist": 0.0083539176881491199}}