{"0": {"prob_shortest_per_episode": NaN, "reward": 2.5116452341154218, "dist_ratio_per_episode_std": NaN, "goal_after_found_std": 92.447065935052805, "num_ep": 100, "reward_per_dist_std": NaN, "dist_ratio_per_episode": NaN, "reward_std": 7.9928952819407284, "num_goal": 0.39000000000000001, "num_goals_std": 0.7469270379361026, "goal_after_found": 354.30000000000001, "goal_first_found": 566.10000000000002, "prob_shortest_per_episode_std": NaN, "goal_first_found_std": 134.03988212468707, "reward_per_dist": NaN}}