{"93": {"goal_first_found": 577.0, "goal_after_found_std": 0.0, "num_ep": 100, "reward_std": 4.2164725483810601, "num_goal": 0.20000000000000001, "num_goals_std": 0.42426406871192857, "goal_after_found": 311.0, "reward": 1.6394248207099735, "goal_first_found_std": 0.0}}