{"0": {"goal_first_found": 97.950000000000003, "goal_after_found_std": 18.366489843123066, "num_ep": 100, "reward_std": 19.066183421997643, "num_goal": 11.57, "num_goals_std": 1.909214498164101, "goal_after_found": 100.52968460083008, "reward": 115.36741527557373, "goal_first_found_std": 59.962717583511839}}