{"0": {"prob_shortest_per_episode": 0.0, "reward": 5.3699704527819998, "dist_ratio_per_episode_std": 0.022787370915343136, "goal_after_found_std": 174.1308575627983, "num_ep": 100, "reward_per_dist_std": 0.00026134610680484906, "dist_ratio_per_episode": 1.1946021912464866, "reward_std": 4.711588664777171, "num_goal": 0.68999999999999995, "num_goals_std": 0.5233545643251809, "goal_after_found": 438.66666666666669, "goal_first_found": 534.66666666666663, "prob_shortest_per_episode_std": 0.0, "goal_first_found_std": 133.94111475653105, "reward_per_dist": 0.018212286990401335}}