{"0": {"goal_first_found": 86.489999999999995, "goal_after_found_std": 15.348324825278203, "num_ep": 100, "reward_std": 18.08487024079011, "num_goal": 12.109999999999999, "num_goals_std": 1.8104971692880383, "goal_after_found": 95.932436981201178, "reward": 120.77961380004882, "goal_first_found_std": 54.178869497249579}}