{"0": {"goal_first_found": 0, "goal_after_found_std": 0, "num_ep": 100, "reward_std": 3.2316902487130696, "num_goal": 0.11, "num_goals_std": 0.31288975694324028, "goal_after_found": 0, "reward": 0.30464774433523417, "goal_first_found_std": 0}}