{"0": {"goal_first_found": 65.0, "goal_after_found_std": 12.5, "num_ep": 100, "reward_std": 3.2680832744108739, "num_goal": 0.070000000000000007, "num_goals_std": 0.32419130154894654, "goal_after_found": 117.5, "reward": 0.33106976047158243, "goal_first_found_std": 45.0}}