{"0": {"goal_first_found": 263.48000000000002, "goal_after_found_std": 80.744175050253247, "num_ep": 100, "reward_std": 12.277998496929328, "num_goal": 4.5199999999999996, "num_goals_std": 1.2286578042726135, "goal_after_found": 232.42654769897462, "reward": 45.050875949859616, "goal_first_found_std": 179.04387618681628}}