{"0": {"prob_shortest_per_episode": 0.0, "reward": 4.0212114407104673, "dist_ratio_per_episode_std": 0.37379366824213334, "goal_after_found_std": 93.402141303077201, "num_ep": 100, "reward_per_dist_std": 0.0039730448538051492, "dist_ratio_per_episode": 1.418409868039481, "reward_std": 6.823817363920802, "num_goal": 0.45000000000000001, "num_goals_std": 0.69821200218844715, "goal_after_found": 308.19999999999999, "goal_first_found": 550.20000000000005, "prob_shortest_per_episode_std": 0.0, "goal_first_found_std": 202.32142743664105, "reward_per_dist": 0.016561243560781147}}