{"0": {"prob_shortest_per_episode": NaN, "reward": 5.6399024354480209, "dist_ratio_per_episode_std": NaN, "goal_after_found_std": 89.927251656484913, "num_ep": 100, "reward_per_dist_std": NaN, "dist_ratio_per_episode": NaN, "reward_std": 9.1723410918868939, "num_goal": 0.65000000000000002, "num_goals_std": 0.93139680050985796, "goal_after_found": 286.91111043294273, "goal_first_found": 473.13333333333333, "prob_shortest_per_episode_std": NaN, "goal_first_found_std": 203.08844269321568, "reward_per_dist": NaN}}