{"0": {"goal_first_found": 0, "goal_after_found_std": 0, "num_ep": 100, "reward_std": 2.5420918787363949, "num_goal": 0.070000000000000007, "num_goals_std": 0.25514701644346144, "goal_after_found": 0, "reward": 0.36199413180351259, "goal_first_found_std": 0}}