{"0": {"goal_first_found": 0, "goal_after_found_std": 0, "num_ep": 100, "reward_std": 3.0262248330196346, "num_goal": 0.10000000000000001, "num_goals_std": 0.29999999999999999, "goal_after_found": 0, "reward": 0.63115750394761561, "goal_first_found_std": 0}}