{"0": {"goal_first_found": 0, "goal_after_found_std": 0, "num_ep": 100, "reward_std": 1.4409353859589096, "num_goal": 0.02, "num_goals_std": 0.13999999999999999, "goal_after_found": 0, "reward": -0.25929101783782244, "goal_first_found_std": 0}}