{"0": {"goal_first_found": 105.70999999999999, "goal_after_found_std": 15.66684311272288, "num_ep": 100, "reward_std": 19.289671730282052, "num_goal": 12.359999999999999, "num_goals_std": 1.9314243448812587, "goal_after_found": 93.624044418334961, "reward": 123.24046524047851, "goal_first_found_std": 47.752967447060293}}