{"0": {"prob_shortest_per_episode": NaN, "reward": 7.6197724639295483, "dist_ratio_per_episode_std": NaN, "goal_after_found_std": 170.13292840143049, "num_ep": 100, "reward_per_dist_std": NaN, "dist_ratio_per_episode": NaN, "reward_std": 7.6262577480182392, "num_goal": 0.82999999999999996, "num_goals_std": 0.78809897855535882, "goal_after_found": 357.15909090909093, "goal_first_found": 565.18181818181813, "prob_shortest_per_episode_std": NaN, "goal_first_found_std": 200.77206351383478, "reward_per_dist": NaN}}