{"0": {"goal_first_found": 0, "goal_after_found_std": 0, "num_ep": 100, "reward_std": 2.006334476778866, "num_goal": 0.040000000000000001, "num_goals_std": 0.19595917942265423, "goal_after_found": 0, "reward": -0.031362091731280087, "goal_first_found_std": 0}}