{"0": {"prob_shortest_per_episode": 0.90906173973085747, "reward": 122.97054718017579, "dist_ratio_per_episode_std": 0.031272031685533455, "goal_after_found_std": 16.483720229696804, "num_ep": 100, "reward_per_dist_std": 0.0026594407077791711, "dist_ratio_per_episode": 0.90114657997337932, "reward_std": 19.590831554523369, "num_goal": 12.33, "num_goals_std": 1.9598724448289992, "goal_after_found": 94.331334533691404, "goal_first_found": 94.819999999999993, "prob_shortest_per_episode_std": 0.080543697889932098, "goal_first_found_std": 49.634943336323055, "reward_per_dist": 0.015361560122164832}}