{"0": {"prob_shortest_per_episode": 0.17833333333333332, "reward": 39.187731761932376, "dist_ratio_per_episode_std": 11.245643009851461, "goal_after_found_std": 132.46464068868048, "num_ep": 100, "reward_per_dist_std": 0.0034991987716189751, "dist_ratio_per_episode": 5.600933365404674, "reward_std": 13.120740737700679, "num_goal": 3.9300000000000002, "num_goals_std": 1.3134306224540375, "goal_after_found": 274.16149963378905, "goal_first_found": 333.31, "prob_shortest_per_episode_std": 0.22044777663252177, "goal_first_found_std": 155.58944019437823, "reward_per_dist": 0.0072394195266983806}}