{"0": {"goal_first_found": 889.0, "goal_after_found_std": 0.0, "num_ep": 100, "reward_std": 3.6088397835582322, "num_goal": 0.10000000000000001, "num_goals_std": 0.33166247903553997, "goal_after_found": 14.0, "reward": 0.13176160711795093, "goal_first_found_std": 0.0}}