{"0": {"goal_first_found": 197.0, "goal_after_found_std": 0.0, "num_ep": 100, "reward_std": 11.527403775708398, "num_goal": 0.080000000000000002, "num_goals_std": 0.30594117081556704, "goal_after_found": 536.0, "reward": -19.468374969661237, "goal_first_found_std": 0.0}}