{"93": {"goal_first_found": 222.0, "goal_after_found_std": 0.0, "num_ep": 100, "reward_std": 2.6042836869552524, "num_goal": 0.050000000000000003, "num_goals_std": 0.25980762113533162, "goal_after_found": 474.0, "reward": 0.12281491957604886, "goal_first_found_std": 0.0}}