{"0": {"prob_shortest_per_episode": NaN, "reward": 4.3513958107039796, "dist_ratio_per_episode_std": NaN, "goal_after_found_std": 165.97404706013725, "num_ep": 100, "reward_per_dist_std": NaN, "dist_ratio_per_episode": NaN, "reward_std": 7.3070817136062178, "num_goal": 0.5, "num_goals_std": 0.74161984870956632, "goal_after_found": 379.04545454545456, "goal_first_found": 503.09090909090907, "prob_shortest_per_episode_std": NaN, "goal_first_found_std": 155.31636602019444, "reward_per_dist": NaN}}