{"0": {"reward": 135.32830093383788, "goal_after_found_std": 19.02072431396221, "num_ep": 1000, "reward_std": 21.514875034409528, "num_goal": 11.343, "num_goals_std": 2.0589684310353085, "goal_after_found": 103.04537697601319, "goal_first_found": 99.982, "goal_first_found_std": 62.550872703744105}, "92": {"goal_first_found": 100.06193806193806, "goal_after_found_std": 19.011918977474838, "num_ep": 1001, "reward_std": 20.444376852227467, "num_goal": 11.341658341658341, "num_goals_std": 2.0583770138683599, "goal_after_found": 103.04022563587536, "reward": 138.34482696533203, "goal_first_found_std": 62.570704541129992}}