{"0": {"prob_shortest_per_episode": 0.82992929292929285, "reward": 113.2636296081543, "dist_ratio_per_episode_std": 0.052231826684779999, "goal_after_found_std": 21.334056686877997, "num_ep": 100, "reward_per_dist_std": 0.003027784045413802, "dist_ratio_per_episode": 0.92449019990608206, "reward_std": 21.802189721599621, "num_goal": 11.359999999999999, "num_goals_std": 2.1841245385737507, "goal_after_found": 103.74728996276855, "goal_first_found": 101.56999999999999, "prob_shortest_per_episode_std": 0.1367697228348842, "goal_first_found_std": 58.396961393551976, "reward_per_dist": 0.017195247143132541}}