{"0": {"goal_first_found": 0, "goal_after_found_std": 0, "num_ep": 100, "reward_std": 2.3927674179369163, "num_goal": 0.059999999999999998, "num_goals_std": 0.23748684174075835, "goal_after_found": 0, "reward": 0.25795537160709503, "goal_first_found_std": 0}}