{"0": {"prob_shortest_per_episode": 0.0, "reward": 0.55400650823488828, "dist_ratio_per_episode_std": 0.0, "goal_after_found_std": 0.0, "num_ep": 100, "reward_per_dist_std": 0.0, "dist_ratio_per_episode": 3.0213534157818622, "reward_std": 3.1739501191416157, "num_goal": 0.089999999999999997, "num_goals_std": 0.31921779399024736, "goal_after_found": 226.0, "goal_first_found": 119.0, "prob_shortest_per_episode_std": 0.0, "goal_first_found_std": 0.0, "reward_per_dist": 0.018754421170577896}}