{"0": {"prob_shortest_per_episode": 0.31299999999999994, "reward": 74.132280502319333, "dist_ratio_per_episode_std": 0.20126343881516129, "goal_after_found_std": 21.340230073077613, "num_ep": 100, "reward_per_dist_std": 0.001165355191552442, "dist_ratio_per_episode": 1.3768112457756478, "reward_std": 10.385582920283982, "num_goal": 7.46, "num_goals_std": 1.0336343647538042, "goal_after_found": 145.28057907104491, "goal_first_found": 167.0, "prob_shortest_per_episode_std": 0.17723275226573268, "goal_first_found_std": 48.838509395762685, "reward_per_dist": 0.008652892921956817}}