{"0": {"prob_shortest_per_episode": 0.35989682539682538, "reward": 74.115740547180181, "dist_ratio_per_episode_std": 0.23810476011721948, "goal_after_found_std": 27.289824185931685, "num_ep": 100, "reward_per_dist_std": 0.001626686893481501, "dist_ratio_per_episode": 1.3347442344629863, "reward_std": 12.835032850260408, "num_goal": 7.4299999999999997, "num_goals_std": 1.2826145173044003, "goal_after_found": 154.17208740234375, "goal_first_found": 152.34, "prob_shortest_per_episode_std": 0.23957178942907575, "goal_first_found_std": 32.028805784793164, "reward_per_dist": 0.0090766518929755631}}