{"0": {"prob_shortest_per_episode": NaN, "reward": 54.240301551818845, "dist_ratio_per_episode_std": NaN, "goal_after_found_std": 66.691282663033633, "num_ep": 100, "reward_per_dist_std": NaN, "dist_ratio_per_episode": NaN, "reward_std": 43.707881374427444, "num_goal": 5.6399999999999997, "num_goals_std": 4.1653811350223409, "goal_after_found": 160.51606321988041, "goal_first_found": 204.30136986301369, "prob_shortest_per_episode_std": NaN, "goal_first_found_std": 154.51095496308, "reward_per_dist": -Infinity}}