{"0": {"prob_shortest_per_episode": 0.086004329004329, "reward": 78.363815231323244, "dist_ratio_per_episode_std": 0.44474253092774685, "goal_after_found_std": 44.192730798631679, "num_ep": 100, "reward_per_dist_std": 0.0027712014433166903, "dist_ratio_per_episode": 1.5138749151681907, "reward_std": 24.863807201819625, "num_goal": 7.8600000000000003, "num_goals_std": 2.4900602402351639, "goal_after_found": 156.33605522155761, "goal_first_found": 151.09, "prob_shortest_per_episode_std": 0.12976453217736517, "goal_first_found_std": 52.66347785705004, "reward_per_dist": 0.0085497089741844862}}