{"0": {"prob_shortest_per_episode": 0.29789682539682544, "reward": 79.492363128662106, "dist_ratio_per_episode_std": 0.21591462593415989, "goal_after_found_std": 20.653568780625193, "num_ep": 100, "reward_per_dist_std": 0.0014638121097276552, "dist_ratio_per_episode": 1.3427035789355841, "reward_std": 10.228908393088579, "num_goal": 7.9800000000000004, "num_goals_std": 1.0293687385966217, "goal_after_found": 145.55617126464844, "goal_first_found": 140.31999999999999, "prob_shortest_per_episode_std": 0.25834535058484848, "goal_first_found_std": 29.226659063259351, "reward_per_dist": 0.0089628102199545631}}