{"0": {"goal_first_found": 100.83, "goal_after_found_std": 4.3145173836321469, "num_ep": 100, "reward_std": 5.6857090309417959, "num_goal": 10.33, "num_goals_std": 0.56665686266028759, "goal_after_found": 112.93483299255371, "reward": 103.06734436035157, "goal_first_found_std": 14.175369483720697}}