{"0": {"goal_first_found": 123.77, "goal_after_found_std": 13.655319749171523, "num_ep": 100, "reward_std": 9.1528857074606762, "num_goal": 8.6999999999999993, "num_goals_std": 0.90000000000000002, "goal_after_found": 133.40827354431153, "reward": 84.670302886962887, "goal_first_found_std": 11.603322799956915}}