{"0": {"prob_shortest_per_episode": 0.32967243867243867, "reward": 87.502093963623054, "dist_ratio_per_episode_std": 0.2236532774899688, "goal_after_found_std": 21.316246259107441, "num_ep": 100, "reward_per_dist_std": 0.0017157138074574455, "dist_ratio_per_episode": 1.2880752014045496, "reward_std": 14.684363447706112, "num_goal": 8.7699999999999996, "num_goals_std": 1.4687069142616576, "goal_after_found": 133.03060989379884, "goal_first_found": 138.66, "prob_shortest_per_episode_std": 0.25187081729470562, "goal_first_found_std": 29.364679463600485, "reward_per_dist": 0.0094081259594026908}}