{"0": {"prob_shortest_per_episode": 0.36148268398268402, "reward": 88.837685394287107, "dist_ratio_per_episode_std": 0.29313211664659278, "goal_after_found_std": 27.080418604524482, "num_ep": 100, "reward_per_dist_std": 0.0021607534749150709, "dist_ratio_per_episode": 1.3022448114645166, "reward_std": 18.937186714950748, "num_goal": 8.9000000000000004, "num_goals_std": 1.8947295321496416, "goal_after_found": 133.95573493957519, "goal_first_found": 133.31, "prob_shortest_per_episode_std": 0.34335476225264072, "goal_first_found_std": 29.484129629344665, "reward_per_dist": 0.0095021986140632272}}