{"0": {"prob_shortest_per_episode": 0.38883333333333331, "reward": 74.830001983642575, "dist_ratio_per_episode_std": 0.20749505003987592, "goal_after_found_std": 26.191830063165781, "num_ep": 100, "reward_per_dist_std": 0.0011988216970966971, "dist_ratio_per_episode": 1.3887125768792543, "reward_std": 11.821676857468871, "num_goal": 7.5199999999999996, "num_goals_std": 1.1788129622633101, "goal_after_found": 154.61502822875977, "goal_first_found": 148.11000000000001, "prob_shortest_per_episode_std": 0.2063154583208725, "goal_first_found_std": 32.763362159583075, "reward_per_dist": 0.0086037125204306182}}