{"0": {"prob_shortest_per_episode": 0.1832857142857143, "reward": 54.995537300109866, "dist_ratio_per_episode_std": 0.37084361194135218, "goal_after_found_std": 53.619872548546326, "num_ep": 100, "reward_per_dist_std": 0.0010484215316190232, "dist_ratio_per_episode": 1.8599899322228066, "reward_std": 9.7483028159405691, "num_goal": 5.5199999999999996, "num_goals_std": 0.97447421720638661, "goal_after_found": 193.77178527832032, "goal_first_found": 225.59999999999999, "prob_shortest_per_episode_std": 0.22272883210994762, "goal_first_found_std": 84.288552010341249, "reward_per_dist": 0.0065010516059855247}}