{"0": {"prob_shortest_per_episode": 0.33179220779220786, "reward": 80.90078170776367, "dist_ratio_per_episode_std": 0.31956502253337887, "goal_after_found_std": 33.280390945827051, "num_ep": 100, "reward_per_dist_std": 0.002470913314027275, "dist_ratio_per_episode": 1.3049473169566148, "reward_std": 20.703274843415191, "num_goal": 8.0999999999999996, "num_goals_std": 2.0712315177207978, "goal_after_found": 148.46388931274413, "goal_first_found": 128.18000000000001, "prob_shortest_per_episode_std": 0.36075133268555937, "goal_first_found_std": 31.228314075530875, "reward_per_dist": 0.0096085717664647699}}