{"0": {"prob_shortest_per_episode": 0.3530793650793651, "reward": 86.934852294921882, "dist_ratio_per_episode_std": 0.30960874386168474, "goal_after_found_std": 31.621695355402238, "num_ep": 100, "reward_per_dist_std": 0.0022787739234847132, "dist_ratio_per_episode": 1.2611277360549333, "reward_std": 18.820133073483444, "num_goal": 8.7100000000000009, "num_goals_std": 1.8830560267819967, "goal_after_found": 136.6209287261963, "goal_first_found": 135.34, "prob_shortest_per_episode_std": 0.30957013660006849, "goal_first_found_std": 37.62106324919592, "reward_per_dist": 0.0098637751083697055}}