{"0": {"prob_shortest_per_episode": 0.32470418470418466, "reward": 86.995111312866214, "dist_ratio_per_episode_std": 0.2742743639717769, "goal_after_found_std": 26.277199635316052, "num_ep": 100, "reward_per_dist_std": 0.0021646780791638874, "dist_ratio_per_episode": 1.2688896330437571, "reward_std": 18.101116288439549, "num_goal": 8.7200000000000006, "num_goals_std": 1.8115186998758801, "goal_after_found": 135.79209121704102, "goal_first_found": 140.43000000000001, "prob_shortest_per_episode_std": 0.28723410383862125, "goal_first_found_std": 29.708333847592332, "reward_per_dist": 0.0097154648245751721}}