{"0": {"prob_shortest_per_episode": 0.37937409812409817, "reward": 66.221803379058841, "dist_ratio_per_episode_std": 0.34439037679160389, "goal_after_found_std": 37.423478961739491, "num_ep": 100, "reward_per_dist_std": 0.0017211458590146147, "dist_ratio_per_episode": 1.5076477526529128, "reward_std": 16.397875570711552, "num_goal": 6.6500000000000004, "num_goals_std": 1.6454482671904334, "goal_after_found": 155.38701202392579, "goal_first_found": 190.27000000000001, "prob_shortest_per_episode_std": 0.23147760405649823, "goal_first_found_std": 68.154215570278552, "reward_per_dist": 0.0081502996314152306}}