{"0": {"prob_shortest_per_episode": 0.3016764069264069, "reward": 78.833964824676514, "dist_ratio_per_episode_std": 0.54807283197205969, "goal_after_found_std": 36.846464612999831, "num_ep": 100, "reward_per_dist_std": 0.0025360996434079667, "dist_ratio_per_episode": 1.4261499241860098, "reward_std": 21.074937819178686, "num_goal": 7.9100000000000001, "num_goals_std": 2.1028314245321709, "goal_after_found": 148.813182220459, "goal_first_found": 167.28, "prob_shortest_per_episode_std": 0.28198514949697051, "goal_first_found_std": 103.8914895455831, "reward_per_dist": 0.009053737263248051}}