{"0": {"prob_shortest_per_episode": 0.013547619047619046, "reward": 53.255319595336914, "dist_ratio_per_episode_std": 0.32202125732074743, "goal_after_found_std": 31.648740503388925, "num_ep": 100, "reward_per_dist_std": 0.00096674989180508381, "dist_ratio_per_episode": 1.9758034720515196, "reward_std": 8.2802334816735605, "num_goal": 5.3499999999999996, "num_goals_std": 0.82915619758884995, "goal_after_found": 208.22716705322264, "goal_first_found": 200.52000000000001, "prob_shortest_per_episode_std": 0.047046191177484174, "goal_first_found_std": 38.613593461370577, "reward_per_dist": 0.0060833413631592899}}