{"0": {"goal_first_found": 159.65000000000001, "goal_after_found_std": 98.05681085910507, "num_ep": 100, "reward_std": 150.35466957034038, "num_goal": 13.51, "num_goals_std": 15.12117389622909, "goal_after_found": 165.72652820587157, "reward": 134.47549837112427, "goal_first_found_std": 95.94835850602135}}