{"0": {"prob_shortest_per_episode": 0.61439676989676983, "reward": 135.57561656951904, "dist_ratio_per_episode_std": 0.2466054806183661, "goal_after_found_std": 91.084921823976856, "num_ep": 100, "reward_per_dist_std": 0.02141396252454178, "dist_ratio_per_episode": 1.095203610244202, "reward_std": 134.91260457753302, "num_goal": 13.619999999999999, "num_goals_std": 13.563760540499084, "goal_after_found": 150.55438579559325, "goal_first_found": 142.49000000000001, "prob_shortest_per_episode_std": 0.45379225363544118, "goal_first_found_std": 90.141943067586467, "reward_per_dist": 0.021133845520413166}}