{"0": {"prob_shortest_per_episode": 0.027000000000000003, "reward": 49.002735900878903, "dist_ratio_per_episode_std": 0.091988080919965395, "goal_after_found_std": 17.740716774628854, "num_ep": 100, "reward_per_dist_std": 0.00037564966639376632, "dist_ratio_per_episode": 1.762718238451906, "reward_std": 5.6183180478333581, "num_goal": 5.0099999999999998, "num_goals_std": 0.55668662638867117, "goal_after_found": 210.86566635131837, "goal_first_found": 242.59999999999999, "prob_shortest_per_episode_std": 0.078873316146843994, "goal_first_found_std": 50.33964640320788, "reward_per_dist": 0.0082044435254664521}}