{"0": {"prob_shortest_per_episode": NaN, "reward": -14.333255369365215, "dist_ratio_per_episode_std": NaN, "goal_after_found_std": 130.06859728620128, "num_ep": 100, "reward_per_dist_std": NaN, "dist_ratio_per_episode": NaN, "reward_std": 6.6468631772136195, "num_goal": 0.23999999999999999, "num_goals_std": 0.53141321022345689, "goal_after_found": 325.60000000000002, "goal_first_found": 356.80000000000001, "prob_shortest_per_episode_std": NaN, "goal_first_found_std": 309.32533035624482, "reward_per_dist": -Infinity}}