{"0": {"prob_shortest_per_episode": 0.010833333333333332, "reward": 42.027329292297367, "dist_ratio_per_episode_std": 0.29892275801388341, "goal_after_found_std": 34.652674826287623, "num_ep": 100, "reward_per_dist_std": 0.00060731979697023237, "dist_ratio_per_episode": 2.3584651706323077, "reward_std": 5.4875621787858808, "num_goal": 4.2300000000000004, "num_goals_std": 0.54506880299646576, "goal_after_found": 253.61916717529297, "goal_first_found": 234.66999999999999, "prob_shortest_per_episode_std": 0.053560713214071368, "goal_first_found_std": 42.664049268675846, "reward_per_dist": 0.0066063687282699448}}