{"0": {"prob_shortest_per_episode": 0.267952380952381, "reward": 70.136485595703121, "dist_ratio_per_episode_std": 0.18610884083769655, "goal_after_found_std": 19.506867532041372, "num_ep": 100, "reward_per_dist_std": 0.00082979677235131436, "dist_ratio_per_episode": 1.6272530207250915, "reward_std": 8.7160863742793229, "num_goal": 7.04, "num_goals_std": 0.87086164228308949, "goal_after_found": 163.22608322143554, "goal_first_found": 155.52000000000001, "prob_shortest_per_episode_std": 0.15028003716116456, "goal_first_found_std": 3.6289943510565021, "reward_per_dist": 0.0085145928262231226}}