{"0": {"prob_shortest_per_episode": NaN, "reward": 24.965070189237593, "dist_ratio_per_episode_std": NaN, "goal_after_found_std": 18.379887928383596, "num_ep": 100, "reward_per_dist_std": NaN, "dist_ratio_per_episode": NaN, "reward_std": 25.533694854234078, "num_goal": 2.6600000000000001, "num_goals_std": 2.4908633041578176, "goal_after_found": 222.2624998826247, "goal_first_found": 178.88461538461539, "prob_shortest_per_episode_std": NaN, "goal_first_found_std": 12.557029667992358, "reward_per_dist": NaN}}