{"0": {"prob_shortest_per_episode": 0.65660448810448813, "reward": 110.9725383758545, "dist_ratio_per_episode_std": 0.24087864164812875, "goal_after_found_std": 99.473759758061391, "num_ep": 100, "reward_per_dist_std": 0.013949262261874677, "dist_ratio_per_episode": 1.0689683752467685, "reward_std": 103.62322597258316, "num_goal": 11.15, "num_goals_std": 10.42053261594627, "goal_after_found": 167.15471265792846, "goal_first_found": 177.5, "prob_shortest_per_episode_std": 0.44295280447505819, "goal_first_found_std": 93.456139445196428, "reward_per_dist": 0.014041731442577395}}