{"0": {"prob_shortest_per_episode": 0.025833333333333333, "reward": 48.430333290100094, "dist_ratio_per_episode_std": 0.088101407314305241, "goal_after_found_std": 18.013711746516019, "num_ep": 100, "reward_per_dist_std": 0.00045242152392473514, "dist_ratio_per_episode": 1.7573924234488876, "reward_std": 5.9035968838103079, "num_goal": 4.9500000000000002, "num_goals_std": 0.58949130612757972, "goal_after_found": 211.36116668701172, "goal_first_found": 245.18000000000001, "prob_shortest_per_episode_std": 0.074624057782996495, "goal_first_found_std": 51.327844295275057, "reward_per_dist": 0.008262631961855664}}