{"0": {"goal_first_found": 166.77000000000001, "goal_after_found_std": 93.447649008271327, "num_ep": 100, "reward_std": 102.37511134043874, "num_goal": 9.9000000000000004, "num_goals_std": 10.320368210485517, "goal_after_found": 183.65565963745118, "reward": 98.499881916046149, "goal_first_found_std": 85.646349017339901}}