{"0": {"prob_shortest_per_episode": 0.22686507936507938, "reward": 75.987092170715329, "dist_ratio_per_episode_std": 0.13727983492726692, "goal_after_found_std": 11.629048524311207, "num_ep": 100, "reward_per_dist_std": 0.00064068159054221033, "dist_ratio_per_episode": 1.5042963028631431, "reward_std": 6.8777639793509975, "num_goal": 7.6299999999999999, "num_goals_std": 0.68782265156070566, "goal_after_found": 150.2161541748047, "goal_first_found": 116.7, "prob_shortest_per_episode_std": 0.12671698711054249, "goal_first_found_std": 47.573837347853285, "reward_per_dist": 0.0078466158463946205}}