{"0": {"goal_first_found": 213.640625, "goal_after_found_std": 177.21042442362383, "num_ep": 100, "reward_std": 111.11281419572308, "num_goal": 6.8899999999999997, "num_goals_std": 11.073296708749387, "goal_after_found": 230.37557432055473, "reward": 62.989869248867038, "goal_first_found_std": 199.06660060042563}}