{"0": {"prob_shortest_per_episode": 0.57001282051282043, "reward": 86.401574268341065, "dist_ratio_per_episode_std": 0.13489780367224319, "goal_after_found_std": 77.311816587362543, "num_ep": 100, "reward_per_dist_std": 0.010037524535410335, "dist_ratio_per_episode": 1.0298721418768257, "reward_std": 74.40009129883093, "num_goal": 8.6799999999999997, "num_goals_std": 7.4724560888639555, "goal_after_found": 179.88619400024413, "goal_first_found": 193.66999999999999, "prob_shortest_per_episode_std": 0.47283851594709442, "goal_first_found_std": 77.306927891360417, "reward_per_dist": 0.011230745931681402}}