{"0": {"goal_first_found": 171.88999999999999, "goal_after_found_std": 86.470148890808474, "num_ep": 100, "reward_std": 106.69027196242328, "num_goal": 11.109999999999999, "num_goals_std": 10.730232989082763, "goal_after_found": 165.42146884918213, "reward": 110.39055194854737, "goal_first_found_std": 85.154787886530485}}