{"0": {"prob_shortest_per_episode": 0.0, "reward": -2.9542882561683657, "dist_ratio_per_episode_std": 0.0, "goal_after_found_std": 0.0, "num_ep": 100, "reward_per_dist_std": 0.0, "dist_ratio_per_episode": 1.5375187199638634, "reward_std": 3.918749478781375, "num_goal": 0.11, "num_goals_std": 0.34336569426778796, "goal_after_found": 300.0, "goal_first_found": 345.0, "prob_shortest_per_episode_std": 0.0, "goal_first_found_std": 0.0, "reward_per_dist": 0.0073522568337584214}}