{"0": {"prob_shortest_per_episode": NaN, "reward": 29.158453164696695, "dist_ratio_per_episode_std": NaN, "goal_after_found_std": 53.512104162308006, "num_ep": 100, "reward_per_dist_std": NaN, "dist_ratio_per_episode": NaN, "reward_std": 25.749983532616358, "num_goal": 3.0299999999999998, "num_goals_std": 2.5785848832256812, "goal_after_found": 207.66218009361853, "goal_first_found": 245.32692307692307, "prob_shortest_per_episode_std": NaN, "goal_first_found_std": 109.359449866703, "reward_per_dist": -Infinity}}