{"0": {"prob_shortest_per_episode": 0.032000000000000001, "reward": 51.622412071228027, "dist_ratio_per_episode_std": 0.37633760678734363, "goal_after_found_std": 35.217369342084346, "num_ep": 100, "reward_per_dist_std": 0.0010957649710887226, "dist_ratio_per_episode": 2.0262816845552294, "reward_std": 8.598694939845176, "num_goal": 5.1900000000000004, "num_goals_std": 0.85667963673709446, "goal_after_found": 210.17166671752929, "goal_first_found": 227.97999999999999, "prob_shortest_per_episode_std": 0.078091114873730813, "goal_first_found_std": 54.546856921366242, "reward_per_dist": 0.0074153853756863085}}