{"0": {"prob_shortest_per_episode": 0.81762833273051672, "reward": 52.010875930786135, "dist_ratio_per_episode_std": 0.34378527242032797, "goal_after_found_std": 177.49476176586418, "num_ep": 100, "reward_per_dist_std": 0.021337050160046073, "dist_ratio_per_episode": 1.3757803287306438, "reward_std": 114.4272445930675, "num_goal": 5.7300000000000004, "num_goals_std": 11.40601157285052, "goal_after_found": 151.12050999232702, "goal_first_found": 152.0, "prob_shortest_per_episode_std": 0.32651039443269059, "goal_first_found_std": 137.8792432322056, "reward_per_dist": 0.028338850522505753}}