{"0": {"prob_shortest_per_episode": 0.059500000000000004, "reward": 56.015106220245364, "dist_ratio_per_episode_std": 0.28124503898492104, "goal_after_found_std": 31.760883518961617, "num_ep": 100, "reward_per_dist_std": 0.00092479153168919788, "dist_ratio_per_episode": 1.7430671612280833, "reward_std": 7.7297001265747474, "num_goal": 5.6299999999999999, "num_goals_std": 0.77012985917960619, "goal_after_found": 190.18350051879884, "goal_first_found": 203.03999999999999, "prob_shortest_per_episode_std": 0.10464901655852607, "goal_first_found_std": 44.998648868604931, "reward_per_dist": 0.0083529363665324537}}