{"0": {"prob_shortest_per_episode": 0.81022509056105163, "reward": 62.202027213573459, "dist_ratio_per_episode_std": 0.48864918244240829, "goal_after_found_std": 113.80855605255826, "num_ep": 100, "reward_per_dist_std": 0.017341642531512436, "dist_ratio_per_episode": 1.374841482840236, "reward_std": 102.30182856256066, "num_goal": 6.7199999999999998, "num_goals_std": 10.198117473337909, "goal_after_found": 126.13732905917698, "goal_first_found": 146.44444444444446, "prob_shortest_per_episode_std": 0.31181373289683584, "goal_first_found_std": 151.52521690472742, "reward_per_dist": 0.020130357564899788}}