{"0": {"prob_shortest_per_episode": 0.033666666666666664, "reward": 49.425805015563967, "dist_ratio_per_episode_std": 0.42080807542536303, "goal_after_found_std": 42.295461785563731, "num_ep": 100, "reward_per_dist_std": 0.0011445050773835565, "dist_ratio_per_episode": 2.0785539834407087, "reward_std": 8.6730888265293249, "num_goal": 4.9699999999999998, "num_goals_std": 0.86550563256399438, "goal_after_found": 222.88683303833008, "goal_first_found": 218.68000000000001, "prob_shortest_per_episode_std": 0.080897053922459577, "goal_first_found_std": 43.754515195577248, "reward_per_dist": 0.0073442368080209796}}