{"0": {"goal_first_found": 164.34999999999999, "goal_after_found_std": 96.91437264059175, "num_ep": 100, "reward_std": 124.57206807005457, "num_goal": 12.960000000000001, "num_goals_std": 12.572127902626507, "goal_after_found": 160.98081117630005, "reward": 128.7173323059082, "goal_first_found_std": 95.863587977917874}}