{"0": {"prob_shortest_per_episode": 0.016666666666666666, "reward": 54.947080574035645, "dist_ratio_per_episode_std": 0.27078779423404831, "goal_after_found_std": 33.231013124754512, "num_ep": 100, "reward_per_dist_std": 0.0008462847925989564, "dist_ratio_per_episode": 1.781157282977152, "reward_std": 7.9573338742511597, "num_goal": 5.5300000000000002, "num_goals_std": 0.79315824398413715, "goal_after_found": 205.10616729736327, "goal_first_found": 182.41999999999999, "prob_shortest_per_episode_std": 0.057008771254956903, "goal_first_found_std": 47.93249002503417, "reward_per_dist": 0.0081863332265821355}}