{"0": {"goal_first_found": 155.88, "goal_after_found_std": 81.384440160323209, "num_ep": 100, "reward_std": 104.0803226690073, "num_goal": 10.75, "num_goals_std": 10.453109585190427, "goal_after_found": 166.95086324691772, "reward": 107.00689960479737, "goal_first_found_std": 79.289883339553484}}