{"0": {"prob_shortest_per_episode": 0.23585714285714285, "reward": 66.320723762512202, "dist_ratio_per_episode_std": 0.23557034535688978, "goal_after_found_std": 24.349141524626646, "num_ep": 100, "reward_per_dist_std": 0.0009720156459548712, "dist_ratio_per_episode": 1.6932148751727691, "reward_std": 9.0552329508590166, "num_goal": 6.6600000000000001, "num_goals_std": 0.90796475702529333, "goal_after_found": 171.13390434265136, "goal_first_found": 165.74000000000001, "prob_shortest_per_episode_std": 0.17238821018659559, "goal_first_found_std": 65.580884410016921, "reward_per_dist": 0.0083049756735489848}}