{"0": {"prob_shortest_per_episode": 0.022222222222222223, "reward": 30.771171729564667, "dist_ratio_per_episode_std": 0.08917109585106868, "goal_after_found_std": 15.511438461607273, "num_ep": 100, "reward_per_dist_std": 0.0003448535431430383, "dist_ratio_per_episode": 1.750902750092058, "reward_std": 28.19261428730788, "num_goal": 3.2400000000000002, "num_goals_std": 2.7644891028904421, "goal_after_found": 197.63703720657915, "goal_first_found": 189.07407407407408, "prob_shortest_per_episode_std": 0.062853936105470881, "goal_first_found_std": 6.1459165963530493, "reward_per_dist": 0.0079982798871119157}}