{"0": {"goal_first_found": 174.75555555555556, "goal_after_found_std": 123.13171384441884, "num_ep": 100, "reward_std": 120.94056405916716, "num_goal": 7.3899999999999997, "num_goals_std": 12.035692751146483, "goal_after_found": 141.17838952806261, "reward": 68.123106856346126, "goal_first_found_std": 230.87516160668639}}