{"0": {"goal_first_found": 169.86000000000001, "goal_after_found_std": 91.274529549938208, "num_ep": 100, "reward_std": 142.27922816293352, "num_goal": 12.380000000000001, "num_goals_std": 14.307885937482167, "goal_after_found": 170.10567554473877, "reward": 123.21489168167115, "goal_first_found_std": 89.886486192308126}}