{"0": {"prob_shortest_per_episode": 0.38527777777777777, "reward": 83.831439056396491, "dist_ratio_per_episode_std": 0.02351687013525975, "goal_after_found_std": 3.3362598298903263, "num_ep": 100, "reward_per_dist_std": 0.00015576095519879516, "dist_ratio_per_episode": 1.3472180026996414, "reward_std": 4.9634724755304891, "num_goal": 8.4199999999999999, "num_goals_std": 0.49355850717012273, "goal_after_found": 135.0201788330078, "goal_first_found": 94.420000000000002, "prob_shortest_per_episode_std": 0.10178992224972438, "goal_first_found_std": 1.908821626030049, "reward_per_dist": 0.0086967881295169931}}