{"0": {"prob_shortest_per_episode": 0.034253968253968252, "reward": 75.786357765197749, "dist_ratio_per_episode_std": 0.17969692252671249, "goal_after_found_std": 21.35584371619062, "num_ep": 100, "reward_per_dist_std": 0.00097939371367816372, "dist_ratio_per_episode": 1.4445686519711334, "reward_std": 11.107532507812147, "num_goal": 7.6699999999999999, "num_goals_std": 1.0959470790143109, "goal_after_found": 148.8476985168457, "goal_first_found": 121.58, "prob_shortest_per_episode_std": 0.056937043377235472, "goal_first_found_std": 61.364514175539597, "reward_per_dist": 0.0081632430848095801}}