{"0": {"prob_shortest_per_episode": 0.0, "reward": 52.095535697937009, "dist_ratio_per_episode_std": 0.27900511408582668, "goal_after_found_std": 38.199412748850527, "num_ep": 100, "reward_per_dist_std": 0.0013466161070512718, "dist_ratio_per_episode": 1.573417795643087, "reward_std": 12.065777291986981, "num_goal": 6.4000000000000004, "num_goals_std": 1.1575836902790226, "goal_after_found": 182.72083312988281, "goal_first_found": 146.83000000000001, "prob_shortest_per_episode_std": 0.0, "goal_first_found_std": 47.484535377320476, "reward_per_dist": 0.0062555569833617009}}