{"0": {"prob_shortest_per_episode": 0.0, "reward": 49.576744499206541, "dist_ratio_per_episode_std": 0.14827752644199493, "goal_after_found_std": 34.303665753230526, "num_ep": 100, "reward_per_dist_std": 0.00075186156295016125, "dist_ratio_per_episode": 1.5523975672179444, "reward_std": 9.4904631564305859, "num_goal": 5.8499999999999996, "num_goals_std": 1.0037429949942365, "goal_after_found": 191.48361907958986, "goal_first_found": 184.28999999999999, "prob_shortest_per_episode_std": 0.0, "goal_first_found_std": 61.014145081284219, "reward_per_dist": 0.0064647853474326979}}