{"0": {"prob_shortest_per_episode": 0.42836111111111108, "reward": 89.541227951049805, "dist_ratio_per_episode_std": 0.029203386178216714, "goal_after_found_std": 3.6377869510624312, "num_ep": 100, "reward_per_dist_std": 0.00021532212094455813, "dist_ratio_per_episode": 1.2926686253083506, "reward_std": 2.0180980524680434, "num_goal": 9.0, "num_goals_std": 0.20000000000000001, "goal_after_found": 128.86813484191896, "goal_first_found": 108.93000000000001, "prob_shortest_per_episode_std": 0.13126538416599753, "goal_first_found_std": 6.7974333391361776, "reward_per_dist": 0.0090595072741164948}}