{"0": {"prob_shortest_per_episode": 0.28769841269841268, "reward": 76.195715484619143, "dist_ratio_per_episode_std": 0.1316618368415223, "goal_after_found_std": 15.282133499605738, "num_ep": 100, "reward_per_dist_std": 0.00069020196708494434, "dist_ratio_per_episode": 1.4961473972956612, "reward_std": 7.2675351339223431, "num_goal": 7.6600000000000001, "num_goals_std": 0.72415467960926683, "goal_after_found": 144.51867805480958, "goal_first_found": 168.69999999999999, "prob_shortest_per_episode_std": 0.14291555243302279, "goal_first_found_std": 36.309640593098692, "reward_per_dist": 0.0078816203862709482}}