{"0": {"prob_shortest_per_episode": 0.0, "reward": 51.853169155120852, "dist_ratio_per_episode_std": 0.22012890948543587, "goal_after_found_std": 23.239436839542378, "num_ep": 100, "reward_per_dist_std": 0.0008736479316120596, "dist_ratio_per_episode": 1.7325093590496814, "reward_std": 8.2368144014654714, "num_goal": 6.0700000000000003, "num_goals_std": 0.81553663314409131, "goal_after_found": 177.57535736083983, "goal_first_found": 199.08000000000001, "prob_shortest_per_episode_std": 0.0, "goal_first_found_std": 62.874586280945024, "reward_per_dist": 0.0058909777077363178}}