{"0": {"prob_shortest_per_episode": 0.0, "reward": 59.412823143005369, "dist_ratio_per_episode_std": 0.19470097235399633, "goal_after_found_std": 20.294536486475373, "num_ep": 100, "reward_per_dist_std": 0.0011300709228156435, "dist_ratio_per_episode": 1.3791990311519666, "reward_std": 8.5398997019994116, "num_goal": 7.0599999999999996, "num_goals_std": 0.88113563087642766, "goal_after_found": 155.39694053649902, "goal_first_found": 185.81, "prob_shortest_per_episode_std": 0.0, "goal_first_found_std": 63.275065389140451, "reward_per_dist": 0.0073178813272115721}}