{"0": {"prob_shortest_per_episode": 0.3568452380952381, "reward": 83.055877761840819, "dist_ratio_per_episode_std": 0.072264678685610526, "goal_after_found_std": 7.7741678241661942, "num_ep": 100, "reward_per_dist_std": 0.00043951979937672294, "dist_ratio_per_episode": 1.364536099164801, "reward_std": 5.678754645043731, "num_goal": 8.3300000000000001, "num_goals_std": 0.56665686266028759, "goal_after_found": 130.91625030517579, "goal_first_found": 154.74000000000001, "prob_shortest_per_episode_std": 0.11652633519738199, "goal_first_found_std": 22.38598668810468, "reward_per_dist": 0.008619479729585702}}