{"0": {"prob_shortest_per_episode": 0.59740404040404038, "reward": 106.86874923706054, "dist_ratio_per_episode_std": 0.052468551636673168, "goal_after_found_std": 5.3112043008309016, "num_ep": 100, "reward_per_dist_std": 0.00048228036346008502, "dist_ratio_per_episode": 1.1327064222589862, "reward_std": 6.5535104982566832, "num_goal": 10.699999999999999, "num_goals_std": 0.65574385243020017, "goal_after_found": 108.59001785278321, "goal_first_found": 92.030000000000001, "prob_shortest_per_episode_std": 0.1341327241769627, "goal_first_found_std": 1.3450278807519196, "reward_per_dist": 0.010395917166367214}}