{"0": {"prob_shortest_per_episode": 0.49233333333333335, "reward": 103.75437309265136, "dist_ratio_per_episode_std": 0.048877498900805831, "goal_after_found_std": 4.9562391422876821, "num_ep": 100, "reward_per_dist_std": 0.0004394492956899362, "dist_ratio_per_episode": 1.1302118247940198, "reward_std": 5.4454286628491859, "num_goal": 10.390000000000001, "num_goals_std": 0.54580216195980757, "goal_after_found": 113.28522232055664, "goal_first_found": 95.549999999999997, "prob_shortest_per_episode_std": 0.13574773706231358, "goal_first_found_std": 2.8262165522125158, "reward_per_dist": 0.010413699993304651}}