{"0": {"prob_shortest_per_episode": 0.35064285714285709, "reward": 69.803228073120124, "dist_ratio_per_episode_std": 0.19409047941001428, "goal_after_found_std": 23.613825624766619, "num_ep": 100, "reward_per_dist_std": 0.00087153666702053626, "dist_ratio_per_episode": 1.5915380573112856, "reward_std": 10.004411565144993, "num_goal": 7.0, "num_goals_std": 1.0, "goal_after_found": 160.07692932128907, "goal_first_found": 163.88999999999999, "prob_shortest_per_episode_std": 0.14719150815541723, "goal_first_found_std": 67.144157601387775, "reward_per_dist": 0.0074747396239953183}}