{"0": {"prob_shortest_per_episode": 0.29232142857142857, "reward": 74.646420135498047, "dist_ratio_per_episode_std": 0.10858959895048645, "goal_after_found_std": 15.251311782660668, "num_ep": 100, "reward_per_dist_std": 0.00059754546513249957, "dist_ratio_per_episode": 1.4723759474887665, "reward_std": 7.1169005270535663, "num_goal": 7.5199999999999996, "num_goals_std": 0.69971422738143607, "goal_after_found": 149.30366607666016, "goal_first_found": 173.62, "prob_shortest_per_episode_std": 0.14204133656047849, "goal_first_found_std": 10.863498515671644, "reward_per_dist": 0.0079734919237147428}}