{"0": {"prob_shortest_per_episode": 0.26888888888888884, "reward": 80.589925003051761, "dist_ratio_per_episode_std": 0.062782275109104738, "goal_after_found_std": 7.5376462773968242, "num_ep": 100, "reward_per_dist_std": 0.0003615411754991109, "dist_ratio_per_episode": 1.43101883341973, "reward_std": 4.635570885623908, "num_goal": 8.0800000000000001, "num_goals_std": 0.4621688003316537, "goal_after_found": 144.56874999999999, "goal_first_found": 95.140000000000001, "prob_shortest_per_episode_std": 0.11308322130533394, "goal_first_found_std": 1.8709355948294959, "reward_per_dist": 0.00821552012815451}}