{"0": {"prob_shortest_per_episode": 0.0, "reward": 63.807628555297853, "dist_ratio_per_episode_std": 0.072458916640159424, "goal_after_found_std": 7.4150521288628148, "num_ep": 100, "reward_per_dist_std": 0.0003693802419828483, "dist_ratio_per_episode": 1.5041162600980202, "reward_std": 4.8178543311911906, "num_goal": 7.3200000000000003, "num_goals_std": 0.50754310161798077, "goal_after_found": 152.55482177734376, "goal_first_found": 150.47999999999999, "prob_shortest_per_episode_std": 0.0, "goal_first_found_std": 15.657253909929418, "reward_per_dist": 0.0068330333304768009}}