{"0": {"prob_shortest_per_episode": 0.1513373015873016, "reward": 73.771365470886224, "dist_ratio_per_episode_std": 0.13904280545408321, "goal_after_found_std": 17.117367751499696, "num_ep": 100, "reward_per_dist_std": 0.00074499116433088784, "dist_ratio_per_episode": 1.5295351083569277, "reward_std": 8.6111897542927096, "num_goal": 7.4000000000000004, "num_goals_std": 0.86023252670426265, "goal_after_found": 155.79520240783691, "goal_first_found": 96.569999999999993, "prob_shortest_per_episode_std": 0.13289457589085182, "goal_first_found_std": 1.9608926538696607, "reward_per_dist": 0.0077349824658344045}}