{"0": {"prob_shortest_per_episode": 0.0, "reward": 77.121313247680661, "dist_ratio_per_episode_std": 0.011519927501710985, "goal_after_found_std": 4.6430133616861156, "num_ep": 100, "reward_per_dist_std": 0.0001587723427163441, "dist_ratio_per_episode": 0.98529199912303111, "reward_std": 3.4560192426278165, "num_goal": 8.8499999999999996, "num_goals_std": 0.35707142142714254, "goal_after_found": 124.99196426391602, "goal_first_found": 149.55000000000001, "prob_shortest_per_episode_std": 0.0, "goal_first_found_std": 18.628674134247987, "reward_per_dist": 0.010404952197016815}}