{"0": {"prob_shortest_per_episode": 0.50469696969696964, "reward": 101.58258110046387, "dist_ratio_per_episode_std": 0.046315316890660499, "goal_after_found_std": 4.9327013547838332, "num_ep": 100, "reward_per_dist_std": 0.0003930376436556456, "dist_ratio_per_episode": 1.1872820113799032, "reward_std": 4.0013599786648122, "num_goal": 10.17, "num_goals_std": 0.4013726448077895, "goal_after_found": 115.88022239685058, "goal_first_found": 92.810000000000002, "prob_shortest_per_episode_std": 0.12858227795406624, "goal_first_found_std": 1.8745399435594854, "reward_per_dist": 0.0099128431855353468}}