{"0": {"prob_shortest_per_episode": 0.0, "reward": 33.828343973159789, "dist_ratio_per_episode_std": 0.40504265259053118, "goal_after_found_std": 47.192795735149836, "num_ep": 100, "reward_per_dist_std": 0.0010871589746510742, "dist_ratio_per_episode": 1.923530438214867, "reward_std": 9.2156959204924433, "num_goal": 4.9400000000000004, "num_goals_std": 0.92541882410074205, "goal_after_found": 220.48116683959961, "goal_first_found": 260.05000000000001, "prob_shortest_per_episode_std": 0.0, "goal_first_found_std": 106.46486509642513, "reward_per_dist": 0.0043190686263990426}}