{"0": {"prob_shortest_per_episode": 0.0, "reward": 75.904203529357915, "dist_ratio_per_episode_std": 0.097294525487587727, "goal_after_found_std": 11.412113530476974, "num_ep": 100, "reward_per_dist_std": 0.00077741739509149281, "dist_ratio_per_episode": 1.1472155379162401, "reward_std": 7.2651404468767904, "num_goal": 8.7400000000000002, "num_goals_std": 0.75657121277510953, "goal_after_found": 129.20654731750489, "goal_first_found": 149.88999999999999, "prob_shortest_per_episode_std": 0.0, "goal_first_found_std": 35.337768746767246, "reward_per_dist": 0.0089638144056773533}}