{"0": {"prob_shortest_per_episode": 0.0, "reward": 55.47204830169678, "dist_ratio_per_episode_std": 0.27838864281977804, "goal_after_found_std": 26.99402474857251, "num_ep": 100, "reward_per_dist_std": 0.0014727392054238531, "dist_ratio_per_episode": 1.4256844380195259, "reward_std": 11.818935522764949, "num_goal": 6.7199999999999998, "num_goals_std": 1.1582745788456206, "goal_after_found": 160.73366752624511, "goal_first_found": 175.77000000000001, "prob_shortest_per_episode_std": 0.0, "goal_first_found_std": 114.04673208821023, "reward_per_dist": 0.0070356706061914633}}