{"0": {"prob_shortest_per_episode": 0.0, "reward": 71.846193771362309, "dist_ratio_per_episode_std": 0.087452857109182908, "goal_after_found_std": 8.7049490256688458, "num_ep": 100, "reward_per_dist_std": 0.00048904111573029639, "dist_ratio_per_episode": 1.4067649312731334, "reward_std": 4.9424348399546885, "num_goal": 8.1699999999999999, "num_goals_std": 0.53018864567246249, "goal_after_found": 140.00021873474122, "goal_first_found": 131.38, "prob_shortest_per_episode_std": 0.0, "goal_first_found_std": 27.989562340272489, "reward_per_dist": 0.0073827611325836453}}