{"0": {"prob_shortest_per_episode": NaN, "reward": 43.806450864076616, "dist_ratio_per_episode_std": NaN, "goal_after_found_std": 60.844531301561844, "num_ep": 100, "reward_per_dist_std": NaN, "dist_ratio_per_episode": NaN, "reward_std": 13.531639534501977, "num_goal": 5.2999999999999998, "num_goals_std": 1.3304134695650072, "goal_after_found": 201.41003433538944, "goal_first_found": 229.34693877551021, "prob_shortest_per_episode_std": NaN, "goal_first_found_std": 128.18538090743425, "reward_per_dist": -Infinity}}