{"0": {"prob_shortest_per_episode": 0.45095634920634919, "reward": 87.299099502563479, "dist_ratio_per_episode_std": 0.043135136280163369, "goal_after_found_std": 3.9466792267466566, "num_ep": 100, "reward_per_dist_std": 0.00031131528422568124, "dist_ratio_per_episode": 1.2605988617567776, "reward_std": 5.3651716287279845, "num_goal": 8.7899999999999991, "num_goals_std": 0.53469617541179404, "goal_after_found": 123.95751968383789, "goal_first_found": 141.97999999999999, "prob_shortest_per_episode_std": 0.11624170924361031, "goal_first_found_std": 25.470759705984428, "reward_per_dist": 0.0092790627858445069}}