{"0": {"prob_shortest_per_episode": 0.0, "reward": 39.98562660217285, "dist_ratio_per_episode_std": 0.13032872377512375, "goal_after_found_std": 14.813654630813652, "num_ep": 100, "reward_per_dist_std": 0.00028009628993254132, "dist_ratio_per_episode": 2.2521389138387962, "reward_std": 1.4972104830260586, "num_goal": 5.0199999999999996, "num_goals_std": 0.13999999999999999, "goal_after_found": 222.93550003051757, "goal_first_found": 220.66999999999999, "prob_shortest_per_episode_std": 0.0, "goal_first_found_std": 17.707091799615203, "reward_per_dist": 0.0041759048859513169}}