{"0": {"prob_shortest_per_episode": 0.0, "reward": 65.359926528930657, "dist_ratio_per_episode_std": 0.063588148477915676, "goal_after_found_std": 6.2742113620720614, "num_ep": 100, "reward_per_dist_std": 0.00029760986331631004, "dist_ratio_per_episode": 1.5681350054597738, "reward_std": 4.6806339539436213, "num_goal": 7.4299999999999997, "num_goals_std": 0.49507575177946256, "goal_after_found": 151.36142807006837, "goal_first_found": 150.53, "prob_shortest_per_episode_std": 0.0, "goal_first_found_std": 9.6140054087773432, "reward_per_dist": 0.0066095657973633259}}