{"0": {"prob_shortest_per_episode": 0.36555158730158732, "reward": 77.130860862731936, "dist_ratio_per_episode_std": 0.14584320299288375, "goal_after_found_std": 14.596486575972644, "num_ep": 100, "reward_per_dist_std": 0.00070555325532934614, "dist_ratio_per_episode": 1.4534598424370815, "reward_std": 7.7909264055308194, "num_goal": 7.7400000000000002, "num_goals_std": 0.78255990186055413, "goal_after_found": 141.88022613525391, "goal_first_found": 157.78999999999999, "prob_shortest_per_episode_std": 0.13044749586712859, "goal_first_found_std": 57.186238729260729, "reward_per_dist": 0.0081354233188381496}}