{"0": {"prob_shortest_per_episode": 0.0, "reward": 61.491231020689014, "dist_ratio_per_episode_std": 0.30518035177230002, "goal_after_found_std": 36.13770746281935, "num_ep": 100, "reward_per_dist_std": 0.0021008275373376266, "dist_ratio_per_episode": 1.2725575437697514, "reward_std": 18.519889954328619, "num_goal": 7.46, "num_goals_std": 1.8943072612435394, "goal_after_found": 150.2806036592734, "goal_first_found": 153.71717171717171, "prob_shortest_per_episode_std": 0.0, "goal_first_found_std": 64.07761083391479, "reward_per_dist": 0.0079506397130270027}}