{"0": {"prob_shortest_per_episode": 0.26659523809523811, "reward": 60.723231086730955, "dist_ratio_per_episode_std": 0.34095041319894975, "goal_after_found_std": 47.484444170701607, "num_ep": 100, "reward_per_dist_std": 0.0012856589460136117, "dist_ratio_per_episode": 1.5444557418539697, "reward_std": 11.083403124721032, "num_goal": 6.0999999999999996, "num_goals_std": 1.1090536506409419, "goal_after_found": 180.99723854064942, "goal_first_found": 213.68000000000001, "prob_shortest_per_episode_std": 0.21014395643535372, "goal_first_found_std": 98.137034803380928, "reward_per_dist": 0.0094397421420851727}}