{"0": {"goal_first_found": 200.09574468085106, "goal_after_found_std": 41.860585294346137, "num_ep": 100, "reward_std": 35.6930878143068, "num_goal": 8.4900000000000002, "num_goals_std": 3.5707002114431283, "goal_after_found": 127.12997022588202, "reward": 84.39223436713219, "goal_first_found_std": 171.97390135671662}}