{"0": {"prob_shortest_per_episode": 0.29469696969696968, "reward": 8.5859508422389634, "dist_ratio_per_episode_std": 1.1355710398476526, "goal_after_found_std": 248.01571627922999, "num_ep": 100, "reward_per_dist_std": 0.023261095715214269, "dist_ratio_per_episode": 2.2660830458187786, "reward_std": 13.009670583997014, "num_goal": 0.93999999999999995, "num_goals_std": 1.2870120434556935, "goal_after_found": 292.20227154818446, "goal_first_found": 271.95454545454544, "prob_shortest_per_episode_std": 0.37977220590066302, "goal_first_found_std": 253.00062473381854, "reward_per_dist": 0.028515942072818344}}