{"0": {"prob_shortest_per_episode": 0.3301587301587301, "reward": 62.76533739089966, "dist_ratio_per_episode_std": 0.25633431283186336, "goal_after_found_std": 35.204669808559018, "num_ep": 100, "reward_per_dist_std": 0.0014021922634294948, "dist_ratio_per_episode": 1.4680425742118595, "reward_std": 12.642177777928492, "num_goal": 6.3099999999999996, "num_goals_std": 1.2624975247500487, "goal_after_found": 172.31583366394042, "goal_first_found": 214.52000000000001, "prob_shortest_per_episode_std": 0.21771601812972913, "goal_first_found_std": 72.476269219655606, "reward_per_dist": 0.0098070153444104417}}