{"0": {"goal_first_found": 293.78571428571428, "goal_after_found_std": 124.52762274503843, "num_ep": 100, "reward_std": 10.101813953999081, "num_goal": 0.57999999999999996, "num_goals_std": 1.0117311895953389, "goal_after_found": 196.67857142857142, "reward": 5.1850637346506119, "goal_first_found_std": 285.53838335212828}}