{"0": {"prob_shortest_per_episode": 0.21323015873015871, "reward": 59.111216869354251, "dist_ratio_per_episode_std": 0.26995780968640887, "goal_after_found_std": 35.943687298900485, "num_ep": 100, "reward_per_dist_std": 0.0011373949434789104, "dist_ratio_per_episode": 1.6077644080047608, "reward_std": 10.923058601430137, "num_goal": 5.9400000000000004, "num_goals_std": 1.0938007131100254, "goal_after_found": 183.95186912536622, "goal_first_found": 205.53, "prob_shortest_per_episode_std": 0.16191566664957396, "goal_first_found_std": 79.647279300676672, "reward_per_dist": 0.0074665116331206101}}