{"0": {"prob_shortest_per_episode": NaN, "reward": 8.9573021733760836, "dist_ratio_per_episode_std": NaN, "goal_after_found_std": 270.56834771460706, "num_ep": 100, "reward_per_dist_std": NaN, "dist_ratio_per_episode": NaN, "reward_std": 14.315300791917458, "num_goal": 0.98999999999999999, "num_goals_std": 1.4035312607847392, "goal_after_found": 310.49637670102328, "goal_first_found": 308.26086956521738, "prob_shortest_per_episode_std": NaN, "goal_first_found_std": 273.84956476317973, "reward_per_dist": NaN}}