{"0": {"prob_shortest_per_episode": NaN, "reward": 23.934225753610953, "dist_ratio_per_episode_std": NaN, "goal_after_found_std": 184.58821875756527, "num_ep": 100, "reward_per_dist_std": NaN, "dist_ratio_per_episode": NaN, "reward_std": 23.197205735764232, "num_goal": 2.4300000000000002, "num_goals_std": 2.3205818235951088, "goal_after_found": 256.65822456622948, "goal_first_found": 255.01724137931035, "prob_shortest_per_episode_std": NaN, "goal_first_found_std": 250.15440000261012, "reward_per_dist": NaN}}