{"0": {"goal_first_found": 0, "goal_after_found_std": 0, "num_ep": 100, "reward_std": 7.8570878813189031, "num_goal": 0.02, "num_goals_std": 0.13999999999999999, "goal_after_found": 0, "reward": -19.566182649135591, "goal_first_found_std": 0}}