{"0": {"prob_shortest_per_episode": 0.12577519379844962, "reward": 35.270196399539707, "dist_ratio_per_episode_std": 1.0632109242403112, "goal_after_found_std": 145.51916965582043, "num_ep": 100, "reward_per_dist_std": 0.0024984954319927756, "dist_ratio_per_episode": 2.100064401663531, "reward_std": 17.089597283726455, "num_goal": 3.5699999999999998, "num_goals_std": 1.7161293657530601, "goal_after_found": 275.6684105451717, "goal_first_found": 314.54651162790697, "prob_shortest_per_episode_std": 0.18002040109667836, "goal_first_found_std": 193.19285803260951, "reward_per_dist": 0.008891136919466398}}