{"0": {"goal_first_found": 213.55913978494624, "goal_after_found_std": 63.472063078916236, "num_ep": 100, "reward_std": 40.075186022977583, "num_goal": 8.2400000000000002, "num_goals_std": 4.0102867727882012, "goal_after_found": 133.43442354920089, "reward": 81.946471071839326, "goal_first_found_std": 163.0030319901127}}