{"0": {"prob_shortest_per_episode": 0.17563095238095236, "reward": 64.920141944885259, "dist_ratio_per_episode_std": 0.20981833232817079, "goal_after_found_std": 25.853115408156768, "num_ep": 100, "reward_per_dist_std": 0.0010211496453149886, "dist_ratio_per_episode": 1.5601173617952679, "reward_std": 9.6355824084739794, "num_goal": 6.5199999999999996, "num_goals_std": 0.96415766345551601, "goal_after_found": 175.32551223754882, "goal_first_found": 151.66999999999999, "prob_shortest_per_episode_std": 0.15735658760682789, "goal_first_found_std": 65.088870784489728, "reward_per_dist": 0.0090447018942605099}}