{"0": {"prob_shortest_per_episode": 0.12592592592592591, "reward": 24.803255138397216, "dist_ratio_per_episode_std": 1.4580503235796987, "goal_after_found_std": 208.12411654054105, "num_ep": 100, "reward_per_dist_std": 0.0048735782285650375, "dist_ratio_per_episode": 2.937294520227316, "reward_std": 8.2834170600687145, "num_goal": 2.52, "num_goals_std": 0.83042157968106767, "goal_after_found": 396.63703698052302, "goal_first_found": 157.02222222222221, "prob_shortest_per_episode_std": 0.25976141844591083, "goal_first_found_std": 57.720779577737247, "reward_per_dist": 0.008405562649002829}}