{"0": {"prob_shortest_per_episode": 0.26985714285714285, "reward": 63.841868591308597, "dist_ratio_per_episode_std": 0.18840794784521916, "goal_after_found_std": 23.065187237669317, "num_ep": 100, "reward_per_dist_std": 0.001059881327951368, "dist_ratio_per_episode": 1.4769916860280554, "reward_std": 8.7123292443533522, "num_goal": 6.4100000000000001, "num_goals_std": 0.87286883321607955, "goal_after_found": 170.92223823547363, "goal_first_found": 185.88, "prob_shortest_per_episode_std": 0.18892619946301098, "goal_first_found_std": 71.123312633763064, "reward_per_dist": 0.0095690932426034953}}