{"0": {"prob_shortest_per_episode": 0.17958333333333332, "reward": 63.103473930358888, "dist_ratio_per_episode_std": 0.21749868371297015, "goal_after_found_std": 26.030556959016291, "num_ep": 100, "reward_per_dist_std": 0.0010137388387120771, "dist_ratio_per_episode": 1.5706543350386242, "reward_std": 9.3121299628764795, "num_goal": 6.3399999999999999, "num_goals_std": 0.92973114393355671, "goal_after_found": 176.81907073974608, "goal_first_found": 152.34, "prob_shortest_per_episode_std": 0.14896700000952137, "goal_first_found_std": 64.962330623215792, "reward_per_dist": 0.0090295630320715164}}