{"0": {"prob_shortest_per_episode": NaN, "reward": 7.8563028148561713, "dist_ratio_per_episode_std": NaN, "goal_after_found_std": 290.45694065558149, "num_ep": 100, "reward_per_dist_std": NaN, "dist_ratio_per_episode": NaN, "reward_std": 7.1115002084246219, "num_goal": 0.81999999999999995, "num_goals_std": 0.7124605252222751, "goal_after_found": 474.375, "goal_first_found": 308.3125, "prob_shortest_per_episode_std": NaN, "goal_first_found_std": 169.43019165352436, "reward_per_dist": -Infinity}}