{"0": {"prob_shortest_per_episode": 0.52376171533780214, "reward": 79.755149652063849, "dist_ratio_per_episode_std": 0.88116178725320571, "goal_after_found_std": 89.701471269088898, "num_ep": 100, "reward_per_dist_std": 0.047913793023703466, "dist_ratio_per_episode": 1.2302566436231455, "reward_std": 42.761769976627036, "num_goal": 8.0199999999999996, "num_goals_std": 4.2778031745277856, "goal_after_found": 133.7628002166748, "goal_first_found": 244.19565217391303, "prob_shortest_per_episode_std": 0.30451314671417301, "goal_first_found_std": 178.31093013941509, "reward_per_dist": 0.023222183122591368}}