{"0": {"prob_shortest_per_episode": NaN, "reward": 29.321647381633522, "dist_ratio_per_episode_std": NaN, "goal_after_found_std": 155.92353075241573, "num_ep": 100, "reward_per_dist_std": NaN, "dist_ratio_per_episode": NaN, "reward_std": 13.515052386077338, "num_goal": 2.9700000000000002, "num_goals_std": 1.3524422353653409, "goal_after_found": 316.97107319448185, "goal_first_found": 242.35632183908046, "prob_shortest_per_episode_std": NaN, "goal_first_found_std": 170.56282605670015, "reward_per_dist": -Infinity}}