{"0": {"prob_shortest_per_episode": 0.088235294117647065, "reward": 5.638223759829998, "dist_ratio_per_episode_std": 13.81607389974946, "goal_after_found_std": 290.51790175924043, "num_ep": 100, "reward_per_dist_std": 0.059102694016450907, "dist_ratio_per_episode": 6.3334990637533757, "reward_std": 9.8337767294835778, "num_goal": 0.63, "num_goals_std": 0.98645831133403716, "goal_after_found": 350.6372541539809, "goal_first_found": 227.1764705882353, "prob_shortest_per_episode_std": 0.19061002054140763, "goal_first_found_std": 236.99323278849809, "reward_per_dist": 0.031917734090494851}}