{"0": {"prob_shortest_per_episode": 0.14285714285714285, "reward": 4.4839066895842556, "dist_ratio_per_episode_std": 0.27595969137509968, "goal_after_found_std": 94.060553661468745, "num_ep": 100, "reward_per_dist_std": 0.0023699391303941496, "dist_ratio_per_episode": 1.1945286341928625, "reward_std": 6.2154657466800733, "num_goal": 0.46999999999999997, "num_goals_std": 0.62377880695002774, "goal_after_found": 296.42857142857144, "goal_first_found": 446.85714285714283, "prob_shortest_per_episode_std": 0.3499271061118826, "goal_first_found_std": 325.11818887089947, "reward_per_dist": 0.011194425256669253}}