{"0": {"goal_first_found": 253.98360655737704, "goal_after_found_std": 135.21803005963315, "num_ep": 100, "reward_std": 23.130241355782321, "num_goal": 2.6699999999999999, "num_goals_std": 2.3110819976798744, "goal_after_found": 219.02737451772219, "reward": 26.335829762667416, "goal_first_found_std": 220.40428514795923}}