{"0": {"prob_shortest_per_episode": 0.53994977543364642, "reward": 86.439887244254351, "dist_ratio_per_episode_std": 0.34498758316306893, "goal_after_found_std": 84.941289469448023, "num_ep": 100, "reward_per_dist_std": 0.0041042307494313871, "dist_ratio_per_episode": 1.1273985933897417, "reward_std": 41.282944716573454, "num_goal": 8.6899999999999995, "num_goals_std": 4.1296367879027818, "goal_after_found": 131.7453390141969, "goal_first_found": 215.49462365591398, "prob_shortest_per_episode_std": 0.27038241517983558, "goal_first_found_std": 146.9236231732792, "reward_per_dist": 0.014810806384601053}}