{"0": {"prob_shortest_per_episode": NaN, "reward": 8.2460447756946085, "dist_ratio_per_episode_std": NaN, "goal_after_found_std": 307.66852698968086, "num_ep": 100, "reward_per_dist_std": NaN, "dist_ratio_per_episode": NaN, "reward_std": 9.3917039575087475, "num_goal": 0.85999999999999999, "num_goals_std": 0.93829632845919198, "goal_after_found": 461.94999999999999, "goal_first_found": 247.69999999999999, "prob_shortest_per_episode_std": NaN, "goal_first_found_std": 114.21344054006954, "reward_per_dist": NaN}}