{"0": {"goal_first_found": 242.42307692307693, "goal_after_found_std": 178.65209984650275, "num_ep": 84, "reward_std": 15.853486547548506, "num_goal": 1.1785714285714286, "num_goals_std": 1.5672292375377628, "goal_after_found": 234.61730839655951, "reward": 10.942416068521284, "goal_first_found_std": 241.79905406014041}}