{"0": {"prob_shortest_per_episode": NaN, "reward": 11.812650793247808, "dist_ratio_per_episode_std": NaN, "goal_after_found_std": 190.02957531946188, "num_ep": 59, "reward_per_dist_std": NaN, "dist_ratio_per_episode": NaN, "reward_std": 14.003550032923508, "num_goal": 1.2542372881355932, "num_goals_std": 1.4093299326093156, "goal_after_found": 271.68518469068738, "goal_first_found": 247.05555555555554, "prob_shortest_per_episode_std": NaN, "goal_first_found_std": 197.18138074772742, "reward_per_dist": -Infinity}}