{"0": {"prob_shortest_per_episode": 0.31439393939393939, "reward": 8.7761548091471191, "dist_ratio_per_episode_std": 1.243827742743117, "goal_after_found_std": 248.85352224957967, "num_ep": 100, "reward_per_dist_std": 0.08859762965419625, "dist_ratio_per_episode": 2.3578516484144156, "reward_std": 13.745936751520855, "num_goal": 0.93999999999999995, "num_goals_std": 1.3770983988081609, "goal_after_found": 251.93181818181819, "goal_first_found": 177.72727272727272, "prob_shortest_per_episode_std": 0.36836025729601751, "goal_first_found_std": 158.32853697244445, "reward_per_dist": 0.055635872763252332}}