{"0": {"prob_shortest_per_episode": NaN, "reward": 24.032504576817153, "dist_ratio_per_episode_std": NaN, "goal_after_found_std": 174.20466329239096, "num_ep": 100, "reward_per_dist_std": NaN, "dist_ratio_per_episode": NaN, "reward_std": 23.006593654845787, "num_goal": 2.4399999999999999, "num_goals_std": 2.3035624584542957, "goal_after_found": 244.15216854640417, "goal_first_found": 247.60714285714286, "prob_shortest_per_episode_std": NaN, "goal_first_found_std": 229.71315020597106, "reward_per_dist": NaN}}