{"0": {"goal_first_found": 219.83000000000001, "goal_after_found_std": 129.30995111805979, "num_ep": 100, "reward_std": 23.847346902602503, "num_goal": 5.7800000000000002, "num_goals_std": 2.3857074422485249, "goal_after_found": 215.17736572265625, "reward": 57.460688400268552, "goal_first_found_std": 157.7170919716693}}