{"0": {"prob_shortest_per_episode": 0.12652200120554552, "reward": 28.41449730247259, "dist_ratio_per_episode_std": 1.4297306568092036, "goal_after_found_std": 209.72867562594169, "num_ep": 100, "reward_per_dist_std": 0.0043891216825828862, "dist_ratio_per_episode": 2.5333378333497771, "reward_std": 16.192421424878258, "num_goal": 2.8799999999999999, "num_goals_std": 1.6203703280423274, "goal_after_found": 335.54758887954904, "goal_first_found": 258.92405063291142, "prob_shortest_per_episode_std": 0.23803728474238217, "goal_first_found_std": 208.06849968413664, "reward_per_dist": 0.0089052682921764419}}