{"100": {"goal_first_found": 106.0, "goal_after_found_std": 0.0, "num_ep": 3, "reward_std": 9.4973368996616383, "num_goal": 1.6666666666666667, "num_goals_std": 0.94280904158206336, "goal_after_found": 55.0, "reward": 15.977637926737467, "goal_first_found_std": 0.0}}