{"0": {"goal_first_found": 214.50980392156862, "goal_after_found_std": 170.47090464805029, "num_ep": 100, "reward_std": 23.20764986184896, "num_goal": 2.23, "num_goals_std": 2.3231659432765452, "goal_after_found": 257.89150305355298, "reward": 21.922345542670811, "goal_first_found_std": 211.13255501280722}}