{"0": {"prob_shortest_per_episode": 0.20075757575757572, "reward": 8.2476478548906744, "dist_ratio_per_episode_std": 2.4929981365579112, "goal_after_found_std": 145.03288535964455, "num_ep": 100, "reward_per_dist_std": 0.057909617318241492, "dist_ratio_per_episode": 2.9654045140192249, "reward_std": 13.571517822732522, "num_goal": 0.93000000000000005, "num_goals_std": 1.2981140165640306, "goal_after_found": 212.39772727272728, "goal_first_found": 288.77272727272725, "prob_shortest_per_episode_std": 0.27369881665909279, "goal_first_found_std": 245.31703639801989, "reward_per_dist": 0.03409997566722231}}