{"0": {"goal_first_found": 209.05263157894737, "goal_after_found_std": 214.88327524065559, "num_ep": 100, "reward_std": 12.81259602143623, "num_goal": 1.3, "num_goals_std": 1.2845232578665129, "goal_after_found": 270.72587746068052, "reward": 12.362267919406294, "goal_first_found_std": 161.27517304422031}}