{"0": {"prob_shortest_per_episode": 0.33041526374859714, "reward": 54.961957721710206, "dist_ratio_per_episode_std": 1.3187888314135405, "goal_after_found_std": 105.38315377828528, "num_ep": 100, "reward_per_dist_std": 0.0033735610446104644, "dist_ratio_per_episode": 2.293632273928274, "reward_std": 21.945905501032922, "num_goal": 5.5300000000000002, "num_goals_std": 2.1975213309544914, "goal_after_found": 223.0174884988804, "goal_first_found": 197.74747474747474, "prob_shortest_per_episode_std": 0.25853308073468995, "goal_first_found_std": 137.36343767092688, "reward_per_dist": 0.0086881545626170988}}