{"0": {"prob_shortest_per_episode": NaN, "reward": 34.746233904361723, "dist_ratio_per_episode_std": NaN, "goal_after_found_std": 134.06492348802635, "num_ep": 100, "reward_per_dist_std": NaN, "dist_ratio_per_episode": NaN, "reward_std": 16.384342686589537, "num_goal": 3.5099999999999998, "num_goals_std": 1.6400914608643022, "goal_after_found": 265.82809002479809, "goal_first_found": 347.82022471910113, "prob_shortest_per_episode_std": NaN, "goal_first_found_std": 218.80700858677054, "reward_per_dist": NaN}}