{"0": {"prob_shortest_per_episode": NaN, "reward": 30.329349323809147, "dist_ratio_per_episode_std": NaN, "goal_after_found_std": 213.7168980227485, "num_ep": 100, "reward_per_dist_std": NaN, "dist_ratio_per_episode": NaN, "reward_std": 14.222936532017801, "num_goal": 3.0699999999999998, "num_goals_std": 1.4230600830604447, "goal_after_found": 354.29796261257593, "goal_first_found": 242.5, "prob_shortest_per_episode_std": NaN, "goal_first_found_std": 155.21291827679809, "reward_per_dist": NaN}}