{"0": {"goal_first_found": 230.83000000000001, "goal_after_found_std": 103.59717938983739, "num_ep": 100, "reward_std": 23.086012179247394, "num_goal": 5.4699999999999998, "num_goals_std": 2.3128121410957703, "goal_after_found": 217.16049194335938, "reward": 54.358148727416989, "goal_first_found_std": 170.61688398279932}}