{"0": {"goal_first_found": 221.59999999999999, "goal_after_found_std": 58.874967269490213, "num_ep": 100, "reward_std": 40.1968625713207, "num_goal": 8.1999999999999993, "num_goals_std": 4.0249223594996222, "goal_after_found": 134.76687774658203, "reward": 81.495997262150055, "goal_first_found_std": 190.30470857354828}}