{"0": {"prob_shortest_per_episode": 0.16872127872127873, "reward": 31.141213323380796, "dist_ratio_per_episode_std": 3.4578784862639012, "goal_after_found_std": 210.46073744074437, "num_ep": 100, "reward_per_dist_std": 0.041384219329257087, "dist_ratio_per_episode": 3.4544215774900882, "reward_std": 27.058688979046238, "num_goal": 3.1499999999999999, "num_goals_std": 2.7069355367278325, "goal_after_found": 270.97725818340592, "goal_first_found": 219.06153846153848, "prob_shortest_per_episode_std": 0.22927642620205269, "goal_first_found_std": 199.67449487935468, "reward_per_dist": 0.021408091283828638}}