{"0": {"prob_shortest_per_episode": 0.024444444444444446, "reward": 12.238743631467223, "dist_ratio_per_episode_std": 2.1529884417726168, "goal_after_found_std": 302.00036809326724, "num_ep": 100, "reward_per_dist_std": 0.0035276326838214497, "dist_ratio_per_episode": 4.389042929848368, "reward_std": 10.660876035709729, "num_goal": 1.26, "num_goals_std": 1.0641428475538421, "goal_after_found": 569.1844441731771, "goal_first_found": 211.40000000000001, "prob_shortest_per_episode_std": 0.091866784927086151, "goal_first_found_std": 136.87819402666008, "reward_per_dist": 0.006323380567934014}}