{"0": {"prob_shortest_per_episode": NaN, "reward": -10.969832845032215, "dist_ratio_per_episode_std": NaN, "goal_after_found_std": 137.21208775029038, "num_ep": 100, "reward_per_dist_std": NaN, "dist_ratio_per_episode": NaN, "reward_std": 9.7510566279363893, "num_goal": 0.68000000000000005, "num_goals_std": 0.69108610172683982, "goal_after_found": 308.54545454545456, "goal_first_found": 636.5454545454545, "prob_shortest_per_episode_std": NaN, "goal_first_found_std": 200.51268997989928, "reward_per_dist": -Infinity}}