{"0": {"prob_shortest_per_episode": 0.2164469954648526, "reward": 22.525217605046929, "dist_ratio_per_episode_std": 3.950654843251725, "goal_after_found_std": 210.41225172498363, "num_ep": 100, "reward_per_dist_std": 0.031756748259979824, "dist_ratio_per_episode": 3.3335678713837456, "reward_std": 23.330893285837409, "num_goal": 2.29, "num_goals_std": 2.3379264316911259, "goal_after_found": 254.50875159672327, "goal_first_found": 238.69642857142858, "prob_shortest_per_episode_std": 0.27873482603467598, "goal_first_found_std": 223.72670825640131, "reward_per_dist": 0.020086286207460242}}