{"0": {"goal_first_found": 278.80000000000001, "goal_after_found_std": 193.95233168451338, "num_ep": 100, "reward_std": 10.039278938187971, "num_goal": 0.62, "num_goals_std": 1.0077698149875296, "goal_after_found": 253.42222188313801, "reward": 5.5704121304303404, "goal_first_found_std": 296.71921631962658}}