{"0": {"prob_shortest_per_episode": 0.43781746031746033, "reward": 94.244428100585935, "dist_ratio_per_episode_std": 0.071413204669902378, "goal_after_found_std": 8.3031642469594829, "num_ep": 100, "reward_per_dist_std": 0.00047206039616320186, "dist_ratio_per_episode": 1.2842528507612203, "reward_std": 6.3966651805738293, "num_goal": 9.4499999999999993, "num_goals_std": 0.63835726674018534, "goal_after_found": 123.42551559448242, "goal_first_found": 93.980000000000004, "prob_shortest_per_episode_std": 0.13742431321250967, "goal_first_found_std": 1.5936122489489091, "reward_per_dist": 0.010249569839294282}}