{"0": {"prob_shortest_per_episode": 0.2976785714285714, "reward": 88.973120880126956, "dist_ratio_per_episode_std": 0.047149895555543428, "goal_after_found_std": 4.9852253293665729, "num_ep": 100, "reward_per_dist_std": 0.00029274507756804451, "dist_ratio_per_episode": 1.4086113498569861, "reward_std": 3.7182816949826387, "num_goal": 8.9399999999999995, "num_goals_std": 0.36932370625238775, "goal_after_found": 133.8982341003418, "goal_first_found": 94.129999999999995, "prob_shortest_per_episode_std": 0.11631603414975744, "goal_first_found_std": 1.8796542235209115, "reward_per_dist": 0.0093707947257412952}}