{"0": {"prob_shortest_per_episode": 0.41089285714285717, "reward": 94.879481506347659, "dist_ratio_per_episode_std": 0.048992017965863999, "goal_after_found_std": 4.8621966866529478, "num_ep": 100, "reward_per_dist_std": 0.00034120395260325322, "dist_ratio_per_episode": 1.2498875489901933, "reward_std": 5.3816711803879436, "num_goal": 9.5099999999999998, "num_goals_std": 0.5384236250388722, "goal_after_found": 121.20884925842284, "goal_first_found": 96.569999999999993, "prob_shortest_per_episode_std": 0.12833915398202675, "goal_first_found_std": 2.7322335185704749, "reward_per_dist": 0.010511963790217838}}