{"0": {"prob_shortest_per_episode": 0.57493253968253966, "reward": 81.802422409057613, "dist_ratio_per_episode_std": 0.20667723258896026, "goal_after_found_std": 24.091175388954543, "num_ep": 100, "reward_per_dist_std": 0.0013214710237842802, "dist_ratio_per_episode": 1.3295375465499217, "reward_std": 12.611656086463947, "num_goal": 8.2200000000000006, "num_goals_std": 1.2536347155371854, "goal_after_found": 136.03303184509278, "goal_first_found": 96.230000000000004, "prob_shortest_per_episode_std": 0.14479664516963422, "goal_first_found_std": 14.983894687296756, "reward_per_dist": 0.010264972972307839}}