{"0": {"prob_shortest_per_episode": 0.36487698412698405, "reward": 78.278574867248537, "dist_ratio_per_episode_std": 0.11924638178504639, "goal_after_found_std": 11.807041546837018, "num_ep": 100, "reward_per_dist_std": 0.00070994759879826157, "dist_ratio_per_episode": 1.3772439608517231, "reward_std": 8.9405633458328904, "num_goal": 7.8700000000000001, "num_goals_std": 0.89056162055188526, "goal_after_found": 134.54641265869139, "goal_first_found": 214.84999999999999, "prob_shortest_per_episode_std": 0.16678865051288499, "goal_first_found_std": 64.95511912082064, "reward_per_dist": 0.0098157023731486413}}