{"0": {"prob_shortest_per_episode": NaN, "reward": 58.293967485427856, "dist_ratio_per_episode_std": NaN, "goal_after_found_std": 72.188503222854379, "num_ep": 100, "reward_per_dist_std": NaN, "dist_ratio_per_episode": NaN, "reward_std": 38.135261946510276, "num_goal": 5.9800000000000004, "num_goals_std": 3.655078658524328, "goal_after_found": 183.00574695104839, "goal_first_found": 194.98850574712642, "prob_shortest_per_episode_std": NaN, "goal_first_found_std": 112.28970068254883, "reward_per_dist": -Infinity}}