{"0": {"prob_shortest_per_episode": 0.523339310105564, "reward": 155.14305229187011, "dist_ratio_per_episode_std": 1.2642098335040843, "goal_after_found_std": 59.792741603719037, "num_ep": 100, "reward_per_dist_std": 0.020380711159818495, "dist_ratio_per_episode": 1.3199569264324618, "reward_std": 102.57690298144985, "num_goal": 15.550000000000001, "num_goals_std": 10.261944260226715, "goal_after_found": 97.855033016204828, "goal_first_found": 125.59999999999999, "prob_shortest_per_episode_std": 0.43093236864167511, "goal_first_found_std": 80.317619486635678, "reward_per_dist": 0.022341223945738422}}