{"0": {"prob_shortest_per_episode": 0.44126500193573359, "reward": 50.562241373062136, "dist_ratio_per_episode_std": 0.65676217398033121, "goal_after_found_std": 80.381728741472486, "num_ep": 100, "reward_per_dist_std": 0.0034168999399726437, "dist_ratio_per_episode": 1.5902409360745668, "reward_std": 37.919298545375241, "num_goal": 5.25, "num_goals_std": 3.6204281514760099, "goal_after_found": 187.34751184975229, "goal_first_found": 192.34146341463415, "prob_shortest_per_episode_std": 0.37795670177921281, "goal_first_found_std": 109.85380745560241, "reward_per_dist": 0.010659815715467825}}