{"0": {"prob_shortest_per_episode": 0.37255952380952384, "reward": 57.187687063217162, "dist_ratio_per_episode_std": 0.2142138881596391, "goal_after_found_std": 63.339744393867221, "num_ep": 100, "reward_per_dist_std": 0.0011360904782946645, "dist_ratio_per_episode": 1.5053844867828019, "reward_std": 15.194904228840855, "num_goal": 5.9199999999999999, "num_goals_std": 1.4400000000000002, "goal_after_found": 193.84391522648357, "goal_first_found": 123.54545454545455, "prob_shortest_per_episode_std": 0.16965746595410489, "goal_first_found_std": 17.496477410127032, "reward_per_dist": 0.007603082282581817}}