{"0": {"prob_shortest_per_episode": NaN, "reward": 0.86910271644592285, "dist_ratio_per_episode_std": NaN, "goal_after_found_std": 181.08047627750733, "num_ep": 100, "reward_per_dist_std": NaN, "dist_ratio_per_episode": NaN, "reward_std": 6.5514409921454702, "num_goal": 0.42999999999999999, "num_goals_std": 0.60423505360083174, "goal_after_found": 373.16666666666669, "goal_first_found": 399.0, "prob_shortest_per_episode_std": NaN, "goal_first_found_std": 168.17748561167951, "reward_per_dist": -Infinity}}