{"0": {"prob_shortest_per_episode": 0.14019607843137252, "reward": 26.60262249469757, "dist_ratio_per_episode_std": 0.36302378357983223, "goal_after_found_std": 87.718918178776605, "num_ep": 100, "reward_per_dist_std": 0.0025605014612972276, "dist_ratio_per_episode": 2.0705966205164237, "reward_std": 20.549637318632065, "num_goal": 2.9100000000000001, "num_goals_std": 1.8444240293381564, "goal_after_found": 251.0046568477855, "goal_first_found": 269.47058823529414, "prob_shortest_per_episode_std": 0.2302888796472736, "goal_first_found_std": 41.233364056534185, "reward_per_dist": 0.0078650912265621348}}