{"0": {"prob_shortest_per_episode": 0.0, "reward": 1.3565665733814241, "dist_ratio_per_episode_std": 0.31147628503282376, "goal_after_found_std": 96.372364571287889, "num_ep": 100, "reward_per_dist_std": 0.0015142317461202873, "dist_ratio_per_episode": 1.5464326830189796, "reward_std": 6.6634160505219544, "num_goal": 0.46000000000000002, "num_goals_std": 0.62321745803531525, "goal_after_found": 391.28571428571428, "goal_first_found": 479.14285714285717, "prob_shortest_per_episode_std": 0.0, "goal_first_found_std": 143.22353016120198, "reward_per_dist": 0.0076456395194745355}}