{"0": {"prob_shortest_per_episode": NaN, "reward": 61.016949286460878, "dist_ratio_per_episode_std": NaN, "goal_after_found_std": 60.540180939031195, "num_ep": 100, "reward_per_dist_std": NaN, "dist_ratio_per_episode": NaN, "reward_std": 19.371803697574265, "num_goal": 6.3499999999999996, "num_goals_std": 1.8567444627627143, "goal_after_found": 174.36207424864477, "goal_first_found": 129.32653061224491, "prob_shortest_per_episode_std": NaN, "goal_first_found_std": 28.637700109387016, "reward_per_dist": NaN}}