{"0": {"prob_shortest_per_episode": 0.625, "reward": -3.3763483428955077, "dist_ratio_per_episode_std": 1.3819782551187041, "goal_after_found_std": 133.84036407435374, "num_ep": 100, "reward_per_dist_std": 0.0255562982938809, "dist_ratio_per_episode": 1.9319658432944748, "reward_std": 7.0285170531579277, "num_goal": 0.29999999999999999, "num_goals_std": 0.70000000000000007, "goal_after_found": 152.91666666666666, "goal_first_found": 83.166666666666671, "prob_shortest_per_episode_std": 0.46210568776705901, "goal_first_found_std": 89.482617803062112, "reward_per_dist": 0.05374301449695066}}