{"0": {"prob_shortest_per_episode": NaN, "reward": 17.836191648840906, "dist_ratio_per_episode_std": NaN, "goal_after_found_std": 144.37950558401425, "num_ep": 100, "reward_per_dist_std": NaN, "dist_ratio_per_episode": NaN, "reward_std": 26.464853829770867, "num_goal": 2.1299999999999999, "num_goals_std": 2.5909650711655687, "goal_after_found": 169.50814385847613, "goal_first_found": 114.31818181818181, "prob_shortest_per_episode_std": NaN, "goal_first_found_std": 62.94000488462035, "reward_per_dist": NaN}}