{"0": {"prob_shortest_per_episode": NaN, "reward": 62.18647379398346, "dist_ratio_per_episode_std": NaN, "goal_after_found_std": 74.548080606233697, "num_ep": 100, "reward_per_dist_std": NaN, "dist_ratio_per_episode": NaN, "reward_std": 39.723570390660967, "num_goal": 6.3700000000000001, "num_goals_std": 3.8069804307350985, "goal_after_found": 167.03779765537806, "goal_first_found": 187.28571428571428, "prob_shortest_per_episode_std": NaN, "goal_first_found_std": 108.03213492693158, "reward_per_dist": NaN}}