{"0": {"prob_shortest_per_episode": 0.29070339323759187, "reward": 100.35099637985229, "dist_ratio_per_episode_std": 1.2912091168977202, "goal_after_found_std": 87.515511328072506, "num_ep": 100, "reward_per_dist_std": 0.017336400122663468, "dist_ratio_per_episode": 2.179068628483241, "reward_std": 102.0014414569748, "num_goal": 10.09, "num_goals_std": 10.234349026684601, "goal_after_found": 166.96432784109405, "goal_first_found": 158.71717171717171, "prob_shortest_per_episode_std": 0.36272399104985631, "goal_first_found_std": 101.74240004913581, "reward_per_dist": 0.015234759664641866}}