{"0": {"prob_shortest_per_episode": 0.74014396456256926, "reward": 18.922187668681143, "dist_ratio_per_episode_std": 0.081794226977294993, "goal_after_found_std": 43.13425067282413, "num_ep": 100, "reward_per_dist_std": 0.0013707652943546432, "dist_ratio_per_episode": 1.0517905336056672, "reward_std": 26.705544009195219, "num_goal": 2.1800000000000002, "num_goals_std": 2.6471871864301546, "goal_after_found": 155.55764096282249, "goal_first_found": 106.3953488372093, "prob_shortest_per_episode_std": 0.25168240599024072, "goal_first_found_std": 6.9118689118831522, "reward_per_dist": 0.013677868751756235}}