{"0": {"prob_shortest_per_episode": 0.76682299182299174, "reward": 96.072636351585388, "dist_ratio_per_episode_std": 0.11661914404214371, "goal_after_found_std": 15.235462840619155, "num_ep": 100, "reward_per_dist_std": 0.00094961873587895288, "dist_ratio_per_episode": 1.0156931310237067, "reward_std": 12.045762499130499, "num_goal": 9.6400000000000006, "num_goals_std": 1.1534296684236973, "goal_after_found": 117.54817207413491, "goal_first_found": 105.15151515151516, "prob_shortest_per_episode_std": 0.14698364972912792, "goal_first_found_std": 11.020975076811935, "reward_per_dist": 0.012991578696685411}}