{"0": {"prob_shortest_per_episode": 0.56206090077096671, "reward": 161.63184085845947, "dist_ratio_per_episode_std": 0.86831504830342643, "goal_after_found_std": 48.151714149351257, "num_ep": 100, "reward_per_dist_std": 0.018863022793514903, "dist_ratio_per_episode": 1.1287899297185215, "reward_std": 91.385697906676285, "num_goal": 16.190000000000001, "num_goals_std": 9.1495300425759574, "goal_after_found": 88.57367942810059, "goal_first_found": 138.28999999999999, "prob_shortest_per_episode_std": 0.44382859851568063, "goal_first_found_std": 93.448734073822521, "reward_per_dist": 0.026206001784193564}}