{"0": {"prob_shortest_per_episode": 0.70215686274509803, "reward": 27.241932692527772, "dist_ratio_per_episode_std": 0.10365783340491895, "goal_after_found_std": 42.042790756379226, "num_ep": 100, "reward_per_dist_std": 0.0020251254669892333, "dist_ratio_per_episode": 1.0580371945979705, "reward_std": 18.495269834233408, "num_goal": 3.1299999999999999, "num_goals_std": 1.7530259553126986, "goal_after_found": 148.03504198859719, "goal_first_found": 169.27058823529413, "prob_shortest_per_episode_std": 0.35476944769102398, "goal_first_found_std": 130.68807841892254, "reward_per_dist": 0.014586571308677609}}