{"0": {"prob_shortest_per_episode": 0.4375, "reward": -3.5995099663734438, "dist_ratio_per_episode_std": 0.68556446827982997, "goal_after_found_std": 101.97837929556441, "num_ep": 100, "reward_per_dist_std": 0.023046465511195102, "dist_ratio_per_episode": 1.4814561189522046, "reward_std": 7.5800253218800906, "num_goal": 0.28000000000000003, "num_goals_std": 0.74939975980780782, "goal_after_found": 99.5625, "goal_first_found": 323.375, "prob_shortest_per_episode_std": 0.46351240544347894, "goal_first_found_std": 179.07745356409333, "reward_per_dist": 0.049592704583848235}}