{"0": {"prob_shortest_per_episode": 0.0, "reward": -1.4820562350749968, "dist_ratio_per_episode_std": 0.0, "goal_after_found_std": 0.0, "num_ep": 100, "reward_per_dist_std": 0.0, "dist_ratio_per_episode": 2.1441450215260871, "reward_std": 4.626996719492019, "num_goal": 0.17999999999999999, "num_goals_std": 0.4093897898091744, "goal_after_found": 383.0, "goal_first_found": 293.0, "prob_shortest_per_episode_std": 0.0, "goal_first_found_std": 0.0, "reward_per_dist": 0.0093154332907020646}}