{"0": {"prob_shortest_per_episode": 0.30265095729013253, "reward": 53.402910265922543, "dist_ratio_per_episode_std": 0.68229077801201354, "goal_after_found_std": 123.51381293464817, "num_ep": 100, "reward_per_dist_std": 0.0017065093632184435, "dist_ratio_per_episode": 1.7078905387649064, "reward_std": 17.114153816685636, "num_goal": 5.5700000000000003, "num_goals_std": 1.6325133996387289, "goal_after_found": 219.5850029384967, "goal_first_found": 125.9381443298969, "prob_shortest_per_episode_std": 0.19235264847682806, "goal_first_found_std": 25.57818595124542, "reward_per_dist": 0.0087295974137550237}}