{"0": {"prob_shortest_per_episode": NaN, "reward": 16.724825038909913, "dist_ratio_per_episode_std": NaN, "goal_after_found_std": 151.92848510374449, "num_ep": 100, "reward_per_dist_std": NaN, "dist_ratio_per_episode": NaN, "reward_std": 21.248040005220513, "num_goal": 2.0099999999999998, "num_goals_std": 2.1047327621339482, "goal_after_found": 179.59452392578126, "goal_first_found": 186.75999999999999, "prob_shortest_per_episode_std": NaN, "goal_first_found_std": 162.86332429371569, "reward_per_dist": -Infinity}}