{"0": {"prob_shortest_per_episode": NaN, "reward": 0.56920674681663508, "dist_ratio_per_episode_std": NaN, "goal_after_found_std": 109.288608738514, "num_ep": 100, "reward_per_dist_std": NaN, "dist_ratio_per_episode": NaN, "reward_std": 6.5445466267460901, "num_goal": 0.40000000000000002, "num_goals_std": 0.59999999999999998, "goal_after_found": 400.0, "goal_first_found": 425.83333333333331, "prob_shortest_per_episode_std": NaN, "goal_first_found_std": 86.891535196985032, "reward_per_dist": NaN}}