{"0": {"prob_shortest_per_episode": NaN, "reward": 23.970478749275209, "dist_ratio_per_episode_std": NaN, "goal_after_found_std": 32.403200576845521, "num_ep": 100, "reward_per_dist_std": NaN, "dist_ratio_per_episode": NaN, "reward_std": 20.039813676257552, "num_goal": 2.6600000000000001, "num_goals_std": 1.7844887222955488, "goal_after_found": 262.49798029119319, "goal_first_found": 261.63636363636363, "prob_shortest_per_episode_std": NaN, "goal_first_found_std": 46.073602632137764, "reward_per_dist": NaN}}