{"0": {"prob_shortest_per_episode": 0.0, "reward": 2.3968791728967336, "dist_ratio_per_episode_std": 0.69680845400176172, "goal_after_found_std": 136.44616357947027, "num_ep": 100, "reward_per_dist_std": 0.0060830660064209313, "dist_ratio_per_episode": 1.5276012989656744, "reward_std": 4.9360468212445223, "num_goal": 0.26000000000000001, "num_goals_std": 0.5023942674832188, "goal_after_found": 243.66666666666666, "goal_first_found": 534.66666666666663, "prob_shortest_per_episode_std": 0.0, "goal_first_found_std": 209.70190482894733, "reward_per_dist": 0.017821326966004598}}