{"61": {"reward": 157.4826312637329, "goal_after_found_std": 11.668674979839174, "num_ep": 1000, "reward_std": 18.78989218937335, "num_goal": 13.822, "num_goals_std": 1.848327892988687, "goal_after_found": 84.6577505569458, "goal_first_found": 81.835, "goal_first_found_std": 42.76147536042226}, "87": {"goal_first_found": 81.861138861138855, "goal_after_found_std": 11.665894888128753, "num_ep": 1001, "reward_std": 19.040130422711393, "num_goal": 13.823176823176823, "num_goals_std": 1.8477792102122494, "goal_after_found": 84.649315528221777, "reward": 159.21591522216798, "goal_first_found_std": 42.748102858532732}}