{"0": {"prob_shortest_per_episode": 0.0, "reward": 1.8101998934801669, "dist_ratio_per_episode_std": 0.94427343793372365, "goal_after_found_std": 264.63937726649829, "num_ep": 100, "reward_per_dist_std": 0.0038117513547008246, "dist_ratio_per_episode": 2.5810699822090739, "reward_std": 4.5630700350169349, "num_goal": 0.19, "num_goals_std": 0.46249324319388713, "goal_after_found": 526.0, "goal_first_found": 302.0, "prob_shortest_per_episode_std": 0.0, "goal_first_found_std": 105.03650159190693, "reward_per_dist": 0.010320227091108492}}