{"0": {"prob_shortest_per_episode": 0.78956799572976055, "reward": 150.3450749206543, "dist_ratio_per_episode_std": 0.061455958656630193, "goal_after_found_std": 9.5160431523237943, "num_ep": 100, "reward_per_dist_std": 0.0023767981083784623, "dist_ratio_per_episode": 0.99244585855137613, "reward_std": 17.053673481295039, "num_goal": 15.050000000000001, "num_goals_std": 1.7051392904979932, "goal_after_found": 77.867988128662105, "goal_first_found": 79.790000000000006, "prob_shortest_per_episode_std": 0.11027318620991727, "goal_first_found_std": 31.365680289131305, "reward_per_dist": 0.021326836624176497}}