{"0": {"goal_first_found": 0, "goal_after_found_std": 0, "num_ep": 100, "reward_std": 2.1754025478574364, "num_goal": 0.050000000000000003, "num_goals_std": 0.21794494717703367, "goal_after_found": 0, "reward": 0.45346926663652992, "goal_first_found_std": 0}}