{"0": {"goal_first_found": 242.5, "goal_after_found_std": 0.0, "num_ep": 100, "reward_std": 4.817741393473038, "num_goal": 0.26000000000000001, "num_goals_std": 0.48207883172775795, "goal_after_found": 502.0, "reward": 2.3462824888410978, "goal_first_found_std": 102.5}}