{"0": {"goal_first_found": 191.91208791208791, "goal_after_found_std": 157.86497279337232, "num_ep": 100, "reward_std": 17.571142023332293, "num_goal": 4.0, "num_goals_std": 1.7606816861659009, "goal_after_found": 277.01117245181575, "reward": 39.758662341833116, "goal_first_found_std": 173.23468477106002}}