{"0": {"prob_shortest_per_episode": 0.82068487476575724, "reward": 152.14715446472167, "dist_ratio_per_episode_std": 0.04871171577505231, "goal_after_found_std": 9.7495897118942345, "num_ep": 100, "reward_per_dist_std": 0.0026144986656994771, "dist_ratio_per_episode": 0.98119771949225509, "reward_std": 18.817679300746853, "num_goal": 15.23, "num_goals_std": 1.8807179480187881, "goal_after_found": 76.544155158996588, "goal_first_found": 83.370000000000005, "prob_shortest_per_episode_std": 0.1079349421169946, "goal_first_found_std": 40.909816670329874, "reward_per_dist": 0.018939028258707719}}