{"0": {"goal_first_found": 75.659999999999997, "goal_after_found_std": 10.131076414718441, "num_ep": 100, "reward_std": 18.237265375975113, "num_goal": 15.140000000000001, "num_goals_std": 1.8221964767828962, "goal_after_found": 77.825846405029296, "reward": 151.24019226074219, "goal_first_found_std": 32.430917347494194}}