{"0": {"prob_shortest_per_episode": NaN, "reward": 2.5944233130058274, "dist_ratio_per_episode_std": NaN, "goal_after_found_std": 184.39970173511671, "num_ep": 100, "reward_per_dist_std": NaN, "dist_ratio_per_episode": NaN, "reward_std": 5.2317130383139956, "num_goal": 0.28000000000000003, "num_goals_std": 0.53065996645686397, "goal_after_found": 451.5, "goal_first_found": 434.5, "prob_shortest_per_episode_std": NaN, "goal_first_found_std": 107.1505949586842, "reward_per_dist": NaN}}