{"0": {"prob_shortest_per_episode": 0.11666666666666665, "reward": 35.66741415679455, "dist_ratio_per_episode_std": 3.3949472167721244, "goal_after_found_std": 169.52834290539738, "num_ep": 100, "reward_per_dist_std": 0.0050814772257857105, "dist_ratio_per_episode": 4.5798519809836655, "reward_std": 14.329431909833307, "num_goal": 3.5899999999999999, "num_goals_std": 1.4359317532529183, "goal_after_found": 297.58645796775818, "goal_first_found": 216.64583333333334, "prob_shortest_per_episode_std": 0.17919896349733311, "goal_first_found_std": 193.36504656384741, "reward_per_dist": 0.0081155636991792329}}