{"0": {"goal_first_found": 0, "goal_after_found_std": 0, "num_ep": 100, "reward_std": 2.5401042623940695, "num_goal": 0.070000000000000007, "num_goals_std": 0.25514701644346149, "goal_after_found": 0, "reward": 0.38354242516215892, "goal_first_found_std": 0}}