{"0": {"goal_first_found": 0, "goal_after_found_std": 0, "num_ep": 100, "reward_std": 2.7266619605897615, "num_goal": 0.080000000000000002, "num_goals_std": 0.27129319932501073, "goal_after_found": 0, "reward": 0.64564895238494502, "goal_first_found_std": 0}}