{"88": {"goal_first_found": 0, "goal_after_found_std": 0, "num_ep": 100, "reward_std": 2.2097231928777741, "num_goal": 0.050000000000000003, "num_goals_std": 0.21794494717703369, "goal_after_found": 0, "reward": 0.10322014674544334, "goal_first_found_std": 0}}