{"0": {"goal_first_found": 48.0, "goal_after_found_std": 0.0, "num_ep": 100, "reward_std": 3.7396942011468486, "num_goal": 0.13, "num_goals_std": 0.36482872693909396, "goal_after_found": 20.0, "reward": 0.7876544447741799, "goal_first_found_std": 0.0}}