{"0": {"goal_first_found": 460.0, "goal_after_found_std": 0.0, "num_ep": 100, "reward_std": 2.5848370290765597, "num_goal": 0.050000000000000003, "num_goals_std": 0.25980762113533168, "goal_after_found": 169.0, "reward": 0.442008294503903, "goal_first_found_std": 0.0}}