{"0": {"prob_shortest_per_episode": 0.0, "reward": 0.93592627971433107, "dist_ratio_per_episode_std": 0.0, "goal_after_found_std": 0.0, "num_ep": 100, "reward_per_dist_std": 0.0, "dist_ratio_per_episode": 2.0898003349275776, "reward_std": 3.2479389662904881, "num_goal": 0.10000000000000001, "num_goals_std": 0.33166247903553997, "goal_after_found": 358.0, "goal_first_found": 345.0, "prob_shortest_per_episode_std": 0.0, "goal_first_found_std": 0.0, "reward_per_dist": 0.011017664998074477}}