{"0": {"prob_shortest_per_episode": NaN, "reward": 9.3065832845866687, "dist_ratio_per_episode_std": NaN, "goal_after_found_std": 134.91957590342253, "num_ep": 100, "reward_per_dist_std": NaN, "dist_ratio_per_episode": NaN, "reward_std": 10.54188797338777, "num_goal": 2.2799999999999998, "num_goals_std": 0.8953211714239756, "goal_after_found": 360.66666691477707, "goal_first_found": 375.26829268292681, "prob_shortest_per_episode_std": NaN, "goal_first_found_std": 145.05071012180935, "reward_per_dist": -Infinity}}