{"0": {"goal_first_found": 0, "goal_after_found_std": 0, "num_ep": 100, "reward_std": 2.839634063878234, "num_goal": 0.089999999999999997, "num_goals_std": 0.28618176042508375, "goal_after_found": 0, "reward": 0.8501484144257847, "goal_first_found_std": 0}}