{"0": {"goal_first_found": 794.0, "goal_after_found_std": 0.0, "num_ep": 100, "reward_std": 3.9995851961006021, "num_goal": 0.17000000000000001, "num_goals_std": 0.40137264480778956, "goal_after_found": 281.0, "reward": 1.5553312546382949, "goal_first_found_std": 0.0}}