{"0": {"goal_first_found": 0, "goal_after_found_std": 0, "num_ep": 100, "reward_std": 2.9718767755268423, "num_goal": 0.080000000000000002, "num_goals_std": 0.27129319932501073, "goal_after_found": 0, "reward": 0.24288239677436649, "goal_first_found_std": 0}}