{"0": {"goal_first_found": 0, "goal_after_found_std": 0, "num_ep": 100, "reward_std": 1.7544159666157761, "num_goal": 0.029999999999999999, "num_goals_std": 0.1705872210923198, "goal_after_found": 0, "reward": -0.042403094589244572, "goal_first_found_std": 0}}