{"0": {"goal_first_found": 0, "goal_after_found_std": 0, "num_ep": 100, "reward_std": 1.964603607017432, "num_goal": 0.040000000000000001, "num_goals_std": 0.19595917942265428, "goal_after_found": 0, "reward": 0.34088590264786034, "goal_first_found_std": 0}}