{"0": {"goal_first_found": 77.870000000000005, "goal_after_found_std": 10.470935098807638, "num_ep": 100, "reward_std": 18.527458883731139, "num_goal": 14.640000000000001, "num_goals_std": 1.8521339044464358, "goal_after_found": 79.952905921936036, "reward": 146.24238304138183, "goal_first_found_std": 31.498779341428456}}