{"0": {"prob_shortest_per_episode": 0.0, "reward": 0.54403227476926985, "dist_ratio_per_episode_std": 0.0, "goal_after_found_std": 0.0, "num_ep": 100, "reward_per_dist_std": 0.0, "dist_ratio_per_episode": 3.3449535394260228, "reward_std": 2.7586406256469687, "num_goal": 0.059999999999999998, "num_goals_std": 0.27640549922170504, "goal_after_found": 253.0, "goal_first_found": 104.0, "prob_shortest_per_episode_std": 0.0, "goal_first_found_std": 0.0, "reward_per_dist": 0.010810009034849567}}