{"0": {"prob_shortest_per_episode": 0.32157287157287162, "reward": 54.385009368658068, "dist_ratio_per_episode_std": 1.0862639900342281, "goal_after_found_std": 126.92427021814808, "num_ep": 100, "reward_per_dist_std": 0.0023288666477753531, "dist_ratio_per_episode": 1.7963335388180244, "reward_std": 15.498754004191925, "num_goal": 5.5099999999999998, "num_goals_std": 1.539447953001335, "goal_after_found": 200.61639042093296, "goal_first_found": 266.67676767676767, "prob_shortest_per_episode_std": 0.24114308685795302, "goal_first_found_std": 152.8143938089886, "reward_per_dist": 0.0091370473030688276}}