{"0": {"prob_shortest_per_episode": NaN, "reward": 12.033781405091286, "dist_ratio_per_episode_std": NaN, "goal_after_found_std": 137.95315678944684, "num_ep": 100, "reward_per_dist_std": NaN, "dist_ratio_per_episode": NaN, "reward_std": 8.187359808183297, "num_goal": 1.3300000000000001, "num_goals_std": 0.78809897855535893, "goal_after_found": 410.86585365853659, "goal_first_found": 409.60975609756099, "prob_shortest_per_episode_std": NaN, "goal_first_found_std": 156.14844064086793, "reward_per_dist": -Infinity}}