{"0": {"goal_first_found": 166.33673469387756, "goal_after_found_std": 98.025669125061285, "num_ep": 100, "reward_std": 50.126492524530207, "num_goal": 7.9500000000000002, "num_goals_std": 5.0207071215118688, "goal_after_found": 175.56520072781311, "reward": 79.239237508773797, "goal_first_found_std": 117.59042928200208}}