{"0": {"prob_shortest_per_episode": 0.36006144393241174, "reward": 25.442694939821958, "dist_ratio_per_episode_std": 1.2072926071805439, "goal_after_found_std": 152.94995461257651, "num_ep": 100, "reward_per_dist_std": 0.0040283168697817524, "dist_ratio_per_episode": 2.2435164685882141, "reward_std": 21.430012691349425, "num_goal": 2.6000000000000001, "num_goals_std": 2.1260291625469296, "goal_after_found": 274.28694288192258, "goal_first_found": 360.61290322580646, "prob_shortest_per_episode_std": 0.32658699126274271, "goal_first_found_std": 228.10957715173964, "reward_per_dist": 0.0091092355096827771}}