{"0": {"prob_shortest_per_episode": 0.56591269841269842, "reward": 89.294777526855469, "dist_ratio_per_episode_std": 0.068363849270121985, "goal_after_found_std": 7.8522766368484591, "num_ep": 100, "reward_per_dist_std": 0.00057186051962726601, "dist_ratio_per_episode": 1.1932421159719082, "reward_std": 5.2301703617618571, "num_goal": 9.0099999999999998, "num_goals_std": 0.51951900831442155, "goal_after_found": 120.11105133056641, "goal_first_found": 160.12, "prob_shortest_per_episode_std": 0.13821707702179375, "goal_first_found_std": 39.884653690360658, "reward_per_dist": 0.011028200113740162}}