{"0": {"prob_shortest_per_episode": NaN, "reward": 4.1822074856609106, "dist_ratio_per_episode_std": NaN, "goal_after_found_std": 113.27231472849233, "num_ep": 100, "reward_per_dist_std": NaN, "dist_ratio_per_episode": NaN, "reward_std": 7.1549975331253783, "num_goal": 0.48999999999999999, "num_goals_std": 0.71407282541768802, "goal_after_found": 182.77777777777777, "goal_first_found": 625.44444444444446, "prob_shortest_per_episode_std": NaN, "goal_first_found_std": 160.18261183974516, "reward_per_dist": NaN}}