{"0": {"prob_shortest_per_episode": 0.0, "reward": 9.1610617446899418, "dist_ratio_per_episode_std": 0.58999998711256552, "goal_after_found_std": 161.08645380664385, "num_ep": 100, "reward_per_dist_std": 0.0031733572220336982, "dist_ratio_per_episode": 1.5940352699083642, "reward_std": 8.1133178735730453, "num_goal": 1.05, "num_goals_std": 0.77942286340599476, "goal_after_found": 369.88, "goal_first_found": 452.27999999999997, "prob_shortest_per_episode_std": 0.0, "goal_first_found_std": 145.0921141895727, "reward_per_dist": 0.0084588470008932562}}