{"0": {"prob_shortest_per_episode": 0.0, "reward": 29.070198602676392, "dist_ratio_per_episode_std": 0.4087411872462588, "goal_after_found_std": 119.86172096126593, "num_ep": 100, "reward_per_dist_std": 0.0015292109679981179, "dist_ratio_per_episode": 1.731905746619181, "reward_std": 11.062853002654007, "num_goal": 4.1699999999999999, "num_goals_std": 1.1050339361304702, "goal_after_found": 271.76016708374021, "goal_first_found": 226.49000000000001, "prob_shortest_per_episode_std": 0.0, "goal_first_found_std": 76.010196026585817, "reward_per_dist": 0.0048799882070580756}}