{"0": {"prob_shortest_per_episode": NaN, "reward": 10.85858821630478, "dist_ratio_per_episode_std": NaN, "goal_after_found_std": 163.9513845027864, "num_ep": 100, "reward_per_dist_std": NaN, "dist_ratio_per_episode": NaN, "reward_std": 6.8795012095057455, "num_goal": 1.21, "num_goals_std": 0.66775744099186196, "goal_after_found": 442.67241379310343, "goal_first_found": 386.89655172413791, "prob_shortest_per_episode_std": NaN, "goal_first_found_std": 160.1631376995486, "reward_per_dist": NaN}}