{"0": {"prob_shortest_per_episode": 0.21845238095238093, "reward": 45.352819700241092, "dist_ratio_per_episode_std": 0.68783393311724406, "goal_after_found_std": 86.327381275555609, "num_ep": 100, "reward_per_dist_std": 0.0015704862135997679, "dist_ratio_per_episode": 2.0256198658928937, "reward_std": 14.199115128033828, "num_goal": 4.6100000000000003, "num_goals_std": 1.4134709052541548, "goal_after_found": 230.95817689221315, "goal_first_found": 267.22222222222223, "prob_shortest_per_episode_std": 0.18240127171404941, "goal_first_found_std": 137.41925493679904, "reward_per_dist": 0.0061771523062400351}}