{"0": {"prob_shortest_per_episode": 0.27554112554112553, "reward": 49.287619495391844, "dist_ratio_per_episode_std": 0.51111601071140855, "goal_after_found_std": 65.41958579146565, "num_ep": 100, "reward_per_dist_std": 0.0025984160326404824, "dist_ratio_per_episode": 1.8258925828476178, "reward_std": 14.969471140610501, "num_goal": 5.0099999999999998, "num_goals_std": 1.4798310714402507, "goal_after_found": 207.02662319607205, "goal_first_found": 245.95959595959596, "prob_shortest_per_episode_std": 0.22007356884710844, "goal_first_found_std": 159.35126811651611, "reward_per_dist": 0.0087459707454976502}}