{"0": {"prob_shortest_per_episode": 0.28493312021058015, "reward": 96.22184419631958, "dist_ratio_per_episode_std": 6.4638451906269889, "goal_after_found_std": 127.40218953420853, "num_ep": 100, "reward_per_dist_std": 0.017505844845457221, "dist_ratio_per_episode": 3.6737190665777342, "reward_std": 67.604731436048624, "num_goal": 9.6600000000000001, "num_goals_std": 6.7752785920580409, "goal_after_found": 175.64487049102783, "goal_first_found": 174.71000000000001, "prob_shortest_per_episode_std": 0.29081493718615642, "goal_first_found_std": 114.70634638066022, "reward_per_dist": 0.01442388141156415}}