{"0": {"prob_shortest_per_episode": 0.29470238095238099, "reward": 51.134335842132572, "dist_ratio_per_episode_std": 0.8064310514663281, "goal_after_found_std": 99.533916850205784, "num_ep": 100, "reward_per_dist_std": 0.0025469372679313334, "dist_ratio_per_episode": 1.7096145969402499, "reward_std": 14.538859728374312, "num_goal": 5.1900000000000004, "num_goals_std": 1.4470314440260101, "goal_after_found": 194.70188095092774, "goal_first_found": 285.42000000000002, "prob_shortest_per_episode_std": 0.2579420107776868, "goal_first_found_std": 168.45516792310053, "reward_per_dist": 0.0095049930580162114}}