{"0": {"prob_shortest_per_episode": 0.5882624172840476, "reward": 161.99007453918458, "dist_ratio_per_episode_std": 4.990191485844683, "goal_after_found_std": 39.217940288403554, "num_ep": 100, "reward_per_dist_std": 0.034838336602706764, "dist_ratio_per_episode": 1.6886191442737604, "reward_std": 70.955863040996647, "num_goal": 16.23, "num_goals_std": 7.1033161269930822, "goal_after_found": 78.169710865020747, "goal_first_found": 151.38, "prob_shortest_per_episode_std": 0.36938877219680516, "goal_first_found_std": 97.712719745179541, "reward_per_dist": 0.029017156767506411}}