{"0": {"prob_shortest_per_episode": NaN, "reward": 24.744534326791765, "dist_ratio_per_episode_std": NaN, "goal_after_found_std": 112.44974541925471, "num_ep": 100, "reward_per_dist_std": NaN, "dist_ratio_per_episode": NaN, "reward_std": 23.997305509034451, "num_goal": 2.5299999999999998, "num_goals_std": 2.3809871902217363, "goal_after_found": 243.9231036150897, "goal_first_found": 330.31481481481484, "prob_shortest_per_episode_std": NaN, "goal_first_found_std": 225.20598176994702, "reward_per_dist": -Infinity}}