{"0": {"prob_shortest_per_episode": 0.57408597945720075, "reward": 173.95116329193115, "dist_ratio_per_episode_std": 0.84116290703757546, "goal_after_found_std": 32.041838076506515, "num_ep": 100, "reward_per_dist_std": 0.014531679469453345, "dist_ratio_per_episode": 1.1824330830904337, "reward_std": 75.045913238754622, "num_goal": 17.43, "num_goals_std": 7.5090012651483828, "goal_after_found": 75.432774333953859, "goal_first_found": 110.48999999999999, "prob_shortest_per_episode_std": 0.3836549975591218, "goal_first_found_std": 74.10445263275345, "reward_per_dist": 0.023959227247398237}}