{"0": {"prob_shortest_per_episode": NaN, "reward": 44.122940816879272, "dist_ratio_per_episode_std": NaN, "goal_after_found_std": 133.02154500402327, "num_ep": 100, "reward_per_dist_std": NaN, "dist_ratio_per_episode": NaN, "reward_std": 13.831001049463733, "num_goal": 4.4900000000000002, "num_goals_std": 1.3819913169047047, "goal_after_found": 262.0167650045808, "goal_first_found": 204.53608247422682, "prob_shortest_per_episode_std": NaN, "goal_first_found_std": 130.27386394012461, "reward_per_dist": Infinity}}