{"0": {"prob_shortest_per_episode": 0.36683333333333334, "reward": 77.683146362304683, "dist_ratio_per_episode_std": 0.06443009391018524, "goal_after_found_std": 9.8778396660416838, "num_ep": 100, "reward_per_dist_std": 0.00045794118305170282, "dist_ratio_per_episode": 1.3490429000912822, "reward_std": 4.6117436601687425, "num_goal": 7.8399999999999999, "num_goals_std": 0.44090815370097208, "goal_after_found": 138.21802375793456, "goal_first_found": 169.59999999999999, "prob_shortest_per_episode_std": 0.1314649082791432, "goal_first_found_std": 16.117071694324625, "reward_per_dist": 0.0099294619935388663}}