{"0": {"prob_shortest_per_episode": 0.28551791850760921, "reward": 37.113980655670169, "dist_ratio_per_episode_std": 1.1592777655152717, "goal_after_found_std": 140.62698532384721, "num_ep": 100, "reward_per_dist_std": 0.0044520918268193231, "dist_ratio_per_episode": 2.4368678704721858, "reward_std": 13.141756847395051, "num_goal": 3.75, "num_goals_std": 1.3143439428094916, "goal_after_found": 290.90208655288541, "goal_first_found": 307.22680412371136, "prob_shortest_per_episode_std": 0.29255888202776986, "goal_first_found_std": 215.06860593987304, "reward_per_dist": 0.0082614963861103972}}