{"0": {"prob_shortest_per_episode": 0.28513544536271807, "reward": 36.696122344732288, "dist_ratio_per_episode_std": 4.7247161681186238, "goal_after_found_std": 176.7137553017246, "num_ep": 100, "reward_per_dist_std": 0.0089671609894086488, "dist_ratio_per_episode": 4.2364088063597078, "reward_std": 26.152547061271846, "num_goal": 3.8599999999999999, "num_goals_std": 2.6000769219390416, "goal_after_found": 254.63891792297363, "goal_first_found": 192.60227272727272, "prob_shortest_per_episode_std": 0.33575162189203989, "goal_first_found_std": 191.04024681706633, "reward_per_dist": 0.016653250418482996}}