{"0": {"prob_shortest_per_episode": 0.5625, "reward": 3.6799103534221649, "dist_ratio_per_episode_std": 1.7190576427230129, "goal_after_found_std": 210.01092791507304, "num_ep": 100, "reward_per_dist_std": 0.0074507374636438879, "dist_ratio_per_episode": 1.6837148281295826, "reward_std": 6.6906145585596528, "num_goal": 0.44, "num_goals_std": 0.66813172353960271, "goal_after_found": 200.4375, "goal_first_found": 468.0, "prob_shortest_per_episode_std": 0.46351240544347894, "goal_first_found_std": 203.11819219360927, "reward_per_dist": 0.019730393276233514}}