{"0": {"prob_shortest_per_episode": NaN, "reward": 46.169494495391845, "dist_ratio_per_episode_std": NaN, "goal_after_found_std": 76.381219076808705, "num_ep": 100, "reward_per_dist_std": NaN, "dist_ratio_per_episode": NaN, "reward_std": 14.659436806601787, "num_goal": 4.6900000000000004, "num_goals_std": 1.4607874588727823, "goal_after_found": 219.88746448438994, "goal_first_found": 269.94897959183675, "prob_shortest_per_episode_std": NaN, "goal_first_found_std": 138.49102029749221, "reward_per_dist": Infinity}}