{"0": {"prob_shortest_per_episode": 0.25117012617012613, "reward": 30.386436021327974, "dist_ratio_per_episode_std": 7.2374675713305425, "goal_after_found_std": 157.24748332400861, "num_ep": 100, "reward_per_dist_std": 0.021417813975847272, "dist_ratio_per_episode": 4.3941563127837941, "reward_std": 22.616211537899911, "num_goal": 3.23, "num_goals_std": 2.2398883900766124, "goal_after_found": 244.8560433999086, "goal_first_found": 281.65384615384613, "prob_shortest_per_episode_std": 0.30739341577642854, "goal_first_found_std": 215.72137935505634, "reward_per_dist": 0.015523891239005142}}