{"0": {"prob_shortest_per_episode": NaN, "reward": 21.077568878829478, "dist_ratio_per_episode_std": NaN, "goal_after_found_std": 127.40943935912109, "num_ep": 100, "reward_per_dist_std": NaN, "dist_ratio_per_episode": NaN, "reward_std": 21.047254169314648, "num_goal": 2.1699999999999999, "num_goals_std": 2.0883246873989685, "goal_after_found": 272.57495410625751, "goal_first_found": 376.03846153846155, "prob_shortest_per_episode_std": NaN, "goal_first_found_std": 255.46157031014559, "reward_per_dist": NaN}}