{"0": {"prob_shortest_per_episode": 0.36619841269841269, "reward": 83.923588485717772, "dist_ratio_per_episode_std": 0.057493134520306625, "goal_after_found_std": 7.1670453097037132, "num_ep": 100, "reward_per_dist_std": 0.00036212996988000925, "dist_ratio_per_episode": 1.3443619388625243, "reward_std": 5.958679717862557, "num_goal": 8.4700000000000006, "num_goals_std": 0.59084684986889802, "goal_after_found": 130.55851249694825, "goal_first_found": 170.65000000000001, "prob_shortest_per_episode_std": 0.1232937769807417, "goal_first_found_std": 19.426978663703732, "reward_per_dist": 0.0086855735705477204}}