{"0": {"goal_first_found": 72.379999999999995, "goal_after_found_std": 7.9656107959653788, "num_ep": 100, "reward_std": 15.764429232515791, "num_goal": 15.66, "num_goals_std": 1.5761979571107176, "goal_after_found": 74.734848594665522, "reward": 156.33446395874023, "goal_first_found_std": 29.509246008666501}}