{"0": {"goal_first_found": 31.0, "goal_after_found_std": 0.0, "num_ep": 100, "reward_std": 2.8962901756524415, "num_goal": 0.070000000000000007, "num_goals_std": 0.29171904291629641, "goal_after_found": 23.0, "reward": 0.35681393941980788, "goal_first_found_std": 0.0}}