{"0": {"goal_first_found": 330.27272727272725, "goal_after_found_std": 335.8708675509406, "num_ep": 100, "reward_std": 7.0992885773116612, "num_goal": 0.44, "num_goals_std": 0.71161787498628792, "goal_after_found": 304.18181818181819, "reward": 4.2695812670141455, "goal_first_found_std": 314.53315793095095}}