{"0": {"prob_shortest_per_episode": NaN, "reward": 4.5618140636011955, "dist_ratio_per_episode_std": NaN, "goal_after_found_std": 162.55536882516154, "num_ep": 100, "reward_per_dist_std": NaN, "dist_ratio_per_episode": NaN, "reward_std": 7.423226298068859, "num_goal": 0.5, "num_goals_std": 0.74161984870956632, "goal_after_found": 403.54545454545456, "goal_first_found": 422.36363636363637, "prob_shortest_per_episode_std": NaN, "goal_first_found_std": 157.49359163140156, "reward_per_dist": NaN}}