{"0": {"goal_first_found": 72.689999999999998, "goal_after_found_std": 7.8357133446720315, "num_ep": 100, "reward_std": 14.896011746622339, "num_goal": 14.800000000000001, "num_goals_std": 1.489966442575134, "goal_after_found": 78.914011154174801, "reward": 147.72353858947753, "goal_first_found_std": 27.19952021635676}}