{"0": {"prob_shortest_per_episode": 0.37439063387592797, "reward": 140.41319381713868, "dist_ratio_per_episode_std": 0.090293313082413326, "goal_after_found_std": 8.0188438741983958, "num_ep": 100, "reward_per_dist_std": 0.0019149672113473999, "dist_ratio_per_episode": 1.0765261117480396, "reward_std": 15.043464644340855, "num_goal": 14.07, "num_goals_std": 1.5050249167372609, "goal_after_found": 83.548669319152836, "goal_first_found": 76.849999999999994, "prob_shortest_per_episode_std": 0.12569774669197778, "goal_first_found_std": 30.261981098401339, "reward_per_dist": 0.017628897288685361}}