{"0": {"prob_shortest_per_episode": 0.40294737615325849, "reward": 144.91937973022462, "dist_ratio_per_episode_std": 0.080815258761201741, "goal_after_found_std": 8.1975876836691839, "num_ep": 100, "reward_per_dist_std": 0.0022158156731784612, "dist_ratio_per_episode": 1.045563107710989, "reward_std": 14.677321170185529, "num_goal": 14.52, "num_goals_std": 1.4661514246489002, "goal_after_found": 80.754295196533207, "goal_first_found": 73.909999999999997, "prob_shortest_per_episode_std": 0.12266467817072046, "goal_first_found_std": 25.853082988301413, "reward_per_dist": 0.020964156632638811}}