{"0": {"prob_shortest_per_episode": 0.26666666666666666, "reward": 7.1582479326799513, "dist_ratio_per_episode_std": 4.9034329195372415, "goal_after_found_std": 303.22597741378922, "num_ep": 100, "reward_per_dist_std": 0.049083783620650689, "dist_ratio_per_episode": 5.999996424164598, "reward_std": 9.4570224519907278, "num_goal": 0.72999999999999998, "num_goals_std": 0.94715363062176983, "goal_after_found": 419.76904732840404, "goal_first_found": 148.21428571428572, "prob_shortest_per_episode_std": 0.40316210454317575, "goal_first_found_std": 210.93945596220888, "reward_per_dist": 0.031033147771391455}}