{"77": {"goal_first_found": 352.5, "goal_after_found_std": 41.0, "num_ep": 100, "reward_std": 4.6270435262818372, "num_goal": 0.23999999999999999, "num_goals_std": 0.47159304490206383, "goal_after_found": 451.0, "reward": 2.2159240518871228, "goal_first_found_std": 117.5}}