{"0": {"goal_first_found": 92.079999999999998, "goal_after_found_std": 8.8010134875027948, "num_ep": 100, "reward_std": 14.692831462966344, "num_goal": 14.09, "num_goals_std": 1.4703400967123217, "goal_after_found": 81.90863933563233, "reward": 140.63115585327148, "goal_first_found_std": 29.871618637094304}}