{"0": {"goal_first_found": 67.650000000000006, "goal_after_found_std": 8.6169053790497188, "num_ep": 100, "reward_std": 15.594249002895989, "num_goal": 14.23, "num_goals_std": 1.5611213918206361, "goal_after_found": 82.920724716186527, "reward": 142.01250984191896, "goal_first_found_std": 24.015151467354936}}