{"0": {"goal_first_found": 433.33333333333331, "goal_after_found_std": 291.03188065151136, "num_ep": 100, "reward_std": 4.905020302760426, "num_goal": 0.23999999999999999, "num_goals_std": 0.49234134500364685, "goal_after_found": 401.66666666666669, "reward": 2.1753575915982948, "goal_first_found_std": 227.27565250642715}}