{"0": {"goal_first_found": 496.46153846153845, "goal_after_found_std": 203.31160681932454, "num_ep": 100, "reward_std": 7.3664285214541954, "num_goal": 0.56999999999999995, "num_goals_std": 0.7383088784512889, "goal_after_found": 245.07692307692307, "reward": 5.5677888385578989, "goal_first_found_std": 323.64691477563474}}