{"77": {"goal_first_found": 692.60000000000002, "goal_after_found_std": 305.64268353749281, "num_ep": 100, "reward_std": 6.704574434973356, "num_goal": 0.51000000000000001, "num_goals_std": 0.67074585350936011, "goal_after_found": 252.5, "reward": 4.9892319465801123, "goal_first_found_std": 339.86238391443089}}