{"0": {"prob_shortest_per_episode": 0.33333333333333331, "reward": 4.1824034792557363, "dist_ratio_per_episode_std": 2.6026541200803233, "goal_after_found_std": 234.30837942051213, "num_ep": 100, "reward_per_dist_std": 0.023110791820950983, "dist_ratio_per_episode": 2.3852587863570553, "reward_std": 6.6627051319204478, "num_goal": 0.42999999999999999, "num_goals_std": 0.66715815216483709, "goal_after_found": 175.0, "goal_first_found": 504.33333333333331, "prob_shortest_per_episode_std": 0.372677996249965, "goal_first_found_std": 201.56030252893441, "reward_per_dist": 0.035025514302893586}}