{"0": {"prob_shortest_per_episode": 0.0, "reward": 6.32130657158792, "dist_ratio_per_episode_std": 1.2513452018560693, "goal_after_found_std": 175.03820120786824, "num_ep": 100, "reward_per_dist_std": 0.0026129602106591487, "dist_ratio_per_episode": 3.2188644582056298, "reward_std": 8.5137000644962555, "num_goal": 0.67000000000000004, "num_goals_std": 0.84917607125966521, "goal_after_found": 430.90476190476193, "goal_first_found": 429.52380952380952, "prob_shortest_per_episode_std": 0.0, "goal_first_found_std": 218.61830600116923, "reward_per_dist": 0.0079050318414685111}}