{"0": {"prob_shortest_per_episode": 0.08112968591691995, "reward": 41.406562317907813, "dist_ratio_per_episode_std": 1.6297584389741919, "goal_after_found_std": 93.971605117476514, "num_ep": 100, "reward_per_dist_std": 0.0025915892465014764, "dist_ratio_per_episode": 3.6031783695730133, "reward_std": 15.589573210149233, "num_goal": 4.1600000000000001, "num_goals_std": 1.5602563891873671, "goal_after_found": 243.40124114016268, "goal_first_found": 257.0, "prob_shortest_per_episode_std": 0.14688563412216596, "goal_first_found_std": 201.45375901500719, "reward_per_dist": 0.007834077234039314}}