{"0": {"prob_shortest_per_episode": NaN, "reward": 5.3200588643923403, "dist_ratio_per_episode_std": NaN, "goal_after_found_std": 133.48501788590357, "num_ep": 100, "reward_per_dist_std": NaN, "dist_ratio_per_episode": NaN, "reward_std": 7.5323058792576116, "num_goal": 0.56999999999999995, "num_goals_std": 0.75173133498611056, "goal_after_found": 430.0, "goal_first_found": 455.875, "prob_shortest_per_episode_std": NaN, "goal_first_found_std": 128.46929351016141, "reward_per_dist": -Infinity}}