{"0": {"goal_first_found": 475.0, "goal_after_found_std": 337.74678220360431, "num_ep": 100, "reward_std": 6.6948842941645177, "num_goal": 0.46000000000000002, "num_goals_std": 0.66962676171132818, "goal_after_found": 447.33333333333331, "reward": 4.4857102607563135, "goal_first_found_std": 288.61508392089746}}