{"0": {"prob_shortest_per_episode": NaN, "reward": 10.988107880689205, "dist_ratio_per_episode_std": NaN, "goal_after_found_std": 212.65601135793617, "num_ep": 100, "reward_per_dist_std": NaN, "dist_ratio_per_episode": NaN, "reward_std": 7.530043091856113, "num_goal": 1.1299999999999999, "num_goals_std": 0.75703368485160538, "goal_after_found": 455.25, "goal_first_found": 453.86666666666667, "prob_shortest_per_episode_std": NaN, "goal_first_found_std": 183.80872908784525, "reward_per_dist": NaN}}