{"77": {"goal_first_found": 655.0, "goal_after_found_std": 0.0, "num_ep": 100, "reward_std": 3.1954104191482373, "num_goal": 0.089999999999999997, "num_goals_std": 0.31921779399024741, "goal_after_found": 21.0, "reward": 0.71238003060221677, "goal_first_found_std": 0.0}}