{"0": {"goal_first_found": 235.82828282828282, "goal_after_found_std": 115.89327053714659, "num_ep": 100, "reward_std": 14.463916165928644, "num_goal": 4.2300000000000004, "num_goals_std": 1.4481367338756379, "goal_after_found": 250.92623778063842, "reward": 42.117481927871701, "goal_first_found_std": 182.5991381707145}}