{"77": {"goal_first_found": 274.0, "goal_after_found_std": 221.52367188967935, "num_ep": 100, "reward_std": 11.319095626183538, "num_goal": 0.81999999999999995, "num_goals_std": 1.1347246362003427, "goal_after_found": 256.38194465637207, "reward": 7.9204501188546423, "goal_first_found_std": 265.58300648447619}}