{"0": {"goal_first_found": 76.0, "goal_after_found_std": 0.0, "num_ep": 100, "reward_std": 3.8152849773295761, "num_goal": 0.14999999999999999, "num_goals_std": 0.38405728739343042, "goal_after_found": 48.0, "reward": 1.1471312148310244, "goal_first_found_std": 0.0}}