{"0": {"reward": 155.0160897898674, "goal_after_found_std": 10.551197416015556, "num_ep": 1000, "reward_std": 22.033824296693982, "num_goal": 13.295, "num_goals_std": 1.7452721850760127, "goal_after_found": 85.48798413936026, "goal_first_found": 95.60521042084169, "goal_first_found_std": 48.43377037906584}, "76": {"goal_first_found": 95.587587587587592, "goal_after_found_std": 10.546805792930074, "num_ep": 1001, "reward_std": 20.819836972763262, "num_goal": 13.295704295704295, "num_goals_std": 1.7445423756306859, "goal_after_found": 85.483645663485746, "reward": 153.42774555921554, "goal_first_found_std": 48.4127243394136}}