{"0": {"prob_shortest_per_episode": 0.0, "reward": 39.747068786621092, "dist_ratio_per_episode_std": 0.1173376086845085, "goal_after_found_std": 13.665578185860635, "num_ep": 100, "reward_per_dist_std": 0.00021809700123112295, "dist_ratio_per_episode": 2.2750563818826763, "reward_std": 1.1488683141902645, "num_goal": 5.0099999999999998, "num_goals_std": 0.099498743710661988, "goal_after_found": 225.44350006103517, "goal_first_found": 218.90000000000001, "prob_shortest_per_episode_std": 0.0, "goal_first_found_std": 17.833956375409244, "reward_per_dist": 0.0041129784800163702}}