{"0": {"goal_first_found": 184.41666666666666, "goal_after_found_std": 199.33821576454423, "num_ep": 100, "reward_std": 8.6045264542070914, "num_goal": 0.76000000000000001, "num_goals_std": 0.86162636914152069, "goal_after_found": 286.5138880411784, "reward": 7.4655070317909118, "goal_first_found_std": 245.78969951747143}}