{"0": {"prob_shortest_per_episode": 0.0, "reward": 9.0970830955356359, "dist_ratio_per_episode_std": 0.98806411536955907, "goal_after_found_std": 149.23679980941486, "num_ep": 100, "reward_per_dist_std": 0.0027161423768243269, "dist_ratio_per_episode": 3.2486525433119535, "reward_std": 7.7861883396724645, "num_goal": 0.93999999999999995, "num_goals_std": 0.78511145705562091, "goal_after_found": 425.15909090909093, "goal_first_found": 506.0, "prob_shortest_per_episode_std": 0.0, "goal_first_found_std": 163.54482288017891, "reward_per_dist": 0.0075911022676436396}}