{"0": {"goal_first_found": 0, "goal_after_found_std": 0, "num_ep": 100, "reward_std": 4.6515347930438722, "num_goal": 0.28000000000000003, "num_goals_std": 0.44899888641287289, "goal_after_found": 0, "reward": 1.0905422481894493, "goal_first_found_std": 0}}