{"0": {"reward": 42.61431154251099, "goal_after_found_std": 39.986912483099935, "num_ep": 1000, "reward_std": 7.871848047155098, "num_goal": 3.294, "num_goals_std": 0.5362499417249386, "goal_after_found": 186.5655333251953, "goal_first_found": 160.444, "goal_first_found_std": 5.984886298000991}, "52": {"goal_first_found": 160.44855144855146, "goal_after_found_std": 40.238632365052609, "num_ep": 1001, "reward_std": 8.1234420021346914, "num_goal": 3.2947052947052948, "num_goals_std": 0.53644586297038399, "goal_after_found": 186.71315351518598, "reward": 43.121028881072995, "goal_first_found_std": 5.9836273783548224}}