{"0": {"goal_first_found": 185.90000000000001, "goal_after_found_std": 44.15188057841516, "num_ep": 100, "reward_std": 7.2189820053863274, "num_goal": 5.1699999999999999, "num_goals_std": 0.72187256493095797, "goal_after_found": 216.20583328247071, "reward": 51.575137405395509, "goal_first_found_std": 19.624219729711548}}