{"0": {"goal_first_found": 156.75, "goal_after_found_std": 1.7407976154753384, "num_ep": 100, "reward_std": 0.10584096901907847, "num_goal": 7.0, "num_goals_std": 0.0, "goal_after_found": 168.01333328247071, "reward": 69.655039901733403, "goal_first_found_std": 1.9410048943781673}}