{"0": {"prob_shortest_per_episode": 0.35214285714285715, "reward": 71.012668418884275, "dist_ratio_per_episode_std": 0.34971774085456353, "goal_after_found_std": 33.563116072300332, "num_ep": 100, "reward_per_dist_std": 0.0020453351811520232, "dist_ratio_per_episode": 1.4770559503753282, "reward_std": 15.325833559212898, "num_goal": 7.21, "num_goals_std": 1.5381482373295494, "goal_after_found": 162.22828552246094, "goal_first_found": 172.56999999999999, "prob_shortest_per_episode_std": 0.380839566629052, "goal_first_found_std": 37.458311494246509, "reward_per_dist": 0.009668004479935979}}