{"0": {"prob_shortest_per_episode": 0.39808333333333329, "reward": 50.43406162261963, "dist_ratio_per_episode_std": 0.71766452446324536, "goal_after_found_std": 89.224792006995898, "num_ep": 100, "reward_per_dist_std": 0.0028552462407397672, "dist_ratio_per_episode": 1.7744754667771374, "reward_std": 19.760196730944163, "num_goal": 5.2699999999999996, "num_goals_std": 1.9892460883460346, "goal_after_found": 223.96928527832031, "goal_first_found": 279.60000000000002, "prob_shortest_per_episode_std": 0.39574418598714806, "goal_first_found_std": 127.80328634272281, "reward_per_dist": 0.0093784486492773517}}