{"0": {"goal_first_found": 233.41, "goal_after_found_std": 11.135259905831344, "num_ep": 100, "reward_std": 2.7326561665663882, "num_goal": 4.9900000000000002, "num_goals_std": 0.2643860813280457, "goal_after_found": 216.91550003051759, "reward": 48.112670707702634, "goal_first_found_std": 24.153299981576016}}