{"0": {"prob_shortest_per_episode": 0.0, "reward": 34.795861835479734, "dist_ratio_per_episode_std": 0.057526604487309382, "goal_after_found_std": 42.538134812958035, "num_ep": 100, "reward_per_dist_std": 0.00022597483032145866, "dist_ratio_per_episode": 2.5140040890876136, "reward_std": 5.3247944588285154, "num_goal": 3.6400000000000001, "num_goals_std": 0.5003998401278722, "goal_after_found": 295.09333374023436, "goal_first_found": 308.04000000000002, "prob_shortest_per_episode_std": 0.0, "goal_first_found_std": 50.052156796685594, "reward_per_dist": 0.0062223071171872424}}