{"0": {"prob_shortest_per_episode": 0.002, "reward": 58.768565673828128, "dist_ratio_per_episode_std": 0.063751183693892932, "goal_after_found_std": 5.8937891095480497, "num_ep": 100, "reward_per_dist_std": 0.00027844789124882325, "dist_ratio_per_episode": 1.8088133168782079, "reward_std": 1.4272062744641487, "num_goal": 5.9800000000000004, "num_goals_std": 0.13999999999999999, "goal_after_found": 195.88049957275391, "goal_first_found": 184.27000000000001, "prob_shortest_per_episode_std": 0.019899748742132396, "goal_first_found_std": 12.930471762468686, "reward_per_dist": 0.0076861895526548606}}