{"0": {"prob_shortest_per_episode": 0.99833333333333341, "reward": 69.763194656372065, "dist_ratio_per_episode_std": 0.0053808642282803954, "goal_after_found_std": 1.3752762030791938, "num_ep": 100, "reward_per_dist_std": 5.0768570489194709e-05, "dist_ratio_per_episode": 0.93453706224334798, "reward_std": 0.070116107803978575, "num_goal": 7.0, "num_goals_std": 0.0, "goal_after_found": 162.41833374023437, "goal_first_found": 160.28999999999999, "prob_shortest_per_episode_std": 0.016583123951776996, "goal_first_found_std": 2.1321116293477691, "reward_per_dist": 0.0080271716305771595}}