{"0": {"prob_shortest_per_episode": 0.0, "reward": 55.797542343139646, "dist_ratio_per_episode_std": 0.061426082441369288, "goal_after_found_std": 5.6616366140252792, "num_ep": 100, "reward_per_dist_std": 0.0002593758933418096, "dist_ratio_per_episode": 1.8112792815593404, "reward_std": 4.6856215602069549, "num_goal": 5.6799999999999997, "num_goals_std": 0.46647615158762401, "goal_after_found": 195.26849990844727, "goal_first_found": 209.52000000000001, "prob_shortest_per_episode_std": 0.0, "goal_first_found_std": 8.7160541531130935, "reward_per_dist": 0.0077649983135483326}}