{"54": {"goal_first_found": 550.5, "goal_after_found_std": 28.5, "num_ep": 100, "reward_std": 4.9703672595323658, "num_goal": 0.20999999999999999, "num_goals_std": 0.49588305072869754, "goal_after_found": 390.5, "reward": 0.69600364863872533, "goal_first_found_std": 287.5}}