{"0": {"prob_shortest_per_episode": 0.44391666666666668, "reward": 87.697611618041989, "dist_ratio_per_episode_std": 0.047362624909452332, "goal_after_found_std": 5.3771365459261871, "num_ep": 100, "reward_per_dist_std": 0.0003374443937904646, "dist_ratio_per_episode": 1.2940026645440594, "reward_std": 4.9265292531897114, "num_goal": 8.8300000000000001, "num_goals_std": 0.49101934788763668, "goal_after_found": 129.79682525634766, "goal_first_found": 124.16, "prob_shortest_per_episode_std": 0.12371792825457811, "goal_first_found_std": 28.586262434952911, "reward_per_dist": 0.0090417326232986421}}