{"0": {"prob_shortest_per_episode": 0.66335714285714276, "reward": 63.613824386596683, "dist_ratio_per_episode_std": 0.057086754727808497, "goal_after_found_std": 29.683652474156297, "num_ep": 100, "reward_per_dist_std": 0.0004064590866918448, "dist_ratio_per_episode": 1.1477794260840088, "reward_std": 10.676480443905147, "num_goal": 6.6100000000000003, "num_goals_std": 1.0187737727287645, "goal_after_found": 170.27311889648436, "goal_first_found": 173.56, "prob_shortest_per_episode_std": 0.19499168393221566, "goal_first_found_std": 95.308794977168816, "reward_per_dist": 0.011676622660747125}}