{"0": {"prob_shortest_per_episode": 0.34691666666666671, "reward": 73.171679306030271, "dist_ratio_per_episode_std": 0.3553422870911907, "goal_after_found_std": 35.239034015596431, "num_ep": 100, "reward_per_dist_std": 0.0020871874523455645, "dist_ratio_per_episode": 1.4729155412539054, "reward_std": 15.059093041558603, "num_goal": 7.4199999999999999, "num_goals_std": 1.5111584959890874, "goal_after_found": 160.76880157470703, "goal_first_found": 160.96000000000001, "prob_shortest_per_episode_std": 0.37228956583999684, "goal_first_found_std": 37.588806844591382, "reward_per_dist": 0.0083760238835259362}}