{"0": {"prob_shortest_per_episode": 0.33750000000000002, "reward": 44.947663192749026, "dist_ratio_per_episode_std": 0.70076302982630978, "goal_after_found_std": 89.98972000512336, "num_ep": 100, "reward_per_dist_std": 0.0027778156388998929, "dist_ratio_per_episode": 1.94054742431811, "reward_std": 18.36163435239537, "num_goal": 4.7199999999999998, "num_goals_std": 1.8443427013437603, "goal_after_found": 254.76715515136718, "goal_first_found": 278.41000000000003, "prob_shortest_per_episode_std": 0.41220583202956224, "goal_first_found_std": 120.22488053643471, "reward_per_dist": 0.0087082589367482605}}