{"0": {"goal_first_found": 0, "goal_after_found_std": 0, "num_ep": 100, "reward_std": 3.3573835054776593, "num_goal": 0.13, "num_goals_std": 0.33630343441600474, "goal_after_found": 0, "reward": -0.30389409184455873, "goal_first_found_std": 0}}