{"0": {"prob_shortest_per_episode": 0.0, "reward": 70.100777091979978, "dist_ratio_per_episode_std": 0.013458258286258505, "goal_after_found_std": 4.7257251566691822, "num_ep": 100, "reward_per_dist_std": 0.00013633593812015658, "dist_ratio_per_episode": 1.132395932032318, "reward_std": 3.058543970421848, "num_goal": 8.0600000000000005, "num_goals_std": 0.31048349392520047, "goal_after_found": 141.91333328247072, "goal_first_found": 132.31, "prob_shortest_per_episode_std": 0.0, "goal_first_found_std": 12.751231313092866, "reward_per_dist": 0.0090357276730429203}}