{"0": {"prob_shortest_per_episode": 0.43220238095238095, "reward": 83.744710540771479, "dist_ratio_per_episode_std": 0.073003978061028679, "goal_after_found_std": 7.2366322322760555, "num_ep": 100, "reward_per_dist_std": 0.00048592994628685699, "dist_ratio_per_episode": 1.3154029490980634, "reward_std": 6.0392875686714289, "num_goal": 8.4399999999999995, "num_goals_std": 0.60530983801686222, "goal_after_found": 132.57964279174806, "goal_first_found": 154.71000000000001, "prob_shortest_per_episode_std": 0.15224216951210523, "goal_first_found_std": 27.071496079825366, "reward_per_dist": 0.010101435754568865}}