{"0": {"prob_shortest_per_episode": 0.99833333333333341, "reward": 69.592534790039068, "dist_ratio_per_episode_std": 0.0064828778720153772, "goal_after_found_std": 1.8482504885022875, "num_ep": 100, "reward_per_dist_std": 0.00043034603239490047, "dist_ratio_per_episode": 0.93337763568309884, "reward_std": 1.0099084336248696, "num_goal": 6.9900000000000002, "num_goals_std": 0.099498743710661988, "goal_after_found": 166.62833343505861, "goal_first_found": 171.59999999999999, "prob_shortest_per_episode_std": 0.016583123951776996, "goal_first_found_std": 2.7202941017470885, "reward_per_dist": 0.011184659418968748}}