{"0": {"goal_first_found": 505.0, "goal_after_found_std": 0.0, "num_ep": 100, "reward_std": 3.7167839761648138, "num_goal": 0.14000000000000001, "num_goals_std": 0.37469987990390391, "goal_after_found": 555.0, "reward": 0.55047071695327754, "goal_first_found_std": 0.0}}