{"0": {"prob_shortest_per_episode": 0.72428571428571431, "reward": 88.416480941772463, "dist_ratio_per_episode_std": 0.034326967006988493, "goal_after_found_std": 3.9623736296636918, "num_ep": 100, "reward_per_dist_std": 0.00034571689492218739, "dist_ratio_per_episode": 1.1039236863672011, "reward_std": 2.2152868021470629, "num_goal": 8.9499999999999993, "num_goals_std": 0.21794494717703367, "goal_after_found": 126.02553573608398, "goal_first_found": 115.17, "prob_shortest_per_episode_std": 0.14293123078842457, "goal_first_found_std": 15.927997363133885, "reward_per_dist": 0.011864012203182426}}