{"0": {"goal_first_found": 0, "goal_after_found_std": 0, "num_ep": 100, "reward_std": 1.4495295344318115, "num_goal": 0.02, "num_goals_std": 0.13999999999999999, "goal_after_found": 0, "reward": -1.8882190048694611, "goal_first_found_std": 0}}