{"0": {"prob_shortest_per_episode": 0.35999603174603173, "reward": 74.85898830413818, "dist_ratio_per_episode_std": 0.35268764684932125, "goal_after_found_std": 34.398478206984841, "num_ep": 100, "reward_per_dist_std": 0.0020841472491624673, "dist_ratio_per_episode": 1.452236292516907, "reward_std": 15.791626261424724, "num_goal": 7.5899999999999999, "num_goals_std": 1.5817395487247574, "goal_after_found": 158.42993225097655, "goal_first_found": 147.59, "prob_shortest_per_episode_std": 0.36589705570834991, "goal_first_found_std": 37.697505222494506, "reward_per_dist": 0.0097747054178364389}}