{"0": {"goal_first_found": 162.55000000000001, "goal_after_found_std": 3.642941957322448, "num_ep": 100, "reward_std": 3.7939215954381975, "num_goal": 6.8300000000000001, "num_goals_std": 0.375632799419859, "goal_after_found": 170.89433364868165, "reward": 67.824467048645019, "goal_first_found_std": 2.2152877916875719}}