{"0": {"prob_shortest_per_episode": 0.79099999999999993, "reward": 58.692139816284183, "dist_ratio_per_episode_std": 0.13232404136996131, "goal_after_found_std": 25.044864125860773, "num_ep": 100, "reward_per_dist_std": 0.00060983905767392807, "dist_ratio_per_episode": 1.0617397030797651, "reward_std": 4.0673165675526946, "num_goal": 5.8799999999999999, "num_goals_std": 0.40693979898751603, "goal_after_found": 189.03700042724608, "goal_first_found": 169.75, "prob_shortest_per_episode_std": 0.042453896562427984, "goal_first_found_std": 22.114870562587519, "reward_per_dist": 0.0073935353646044167}}