{"0": {"prob_shortest_per_episode": 0.40696428571428567, "reward": 87.674423217773438, "dist_ratio_per_episode_std": 0.051715449216757317, "goal_after_found_std": 5.0854994427997156, "num_ep": 100, "reward_per_dist_std": 0.00035920502042804134, "dist_ratio_per_episode": 1.3218432804486113, "reward_std": 3.9458842398970768, "num_goal": 8.8100000000000005, "num_goals_std": 0.3923009049186606, "goal_after_found": 130.79642837524415, "goal_first_found": 102.87, "prob_shortest_per_episode_std": 0.14840338625186561, "goal_first_found_std": 6.8405482236440669, "reward_per_dist": 0.010008090634219981}}