{"0": {"prob_shortest_per_episode": 0.9893333333333334, "reward": 68.706668815612787, "dist_ratio_per_episode_std": 0.046950727344714407, "goal_after_found_std": 9.2429486105339915, "num_ep": 100, "reward_per_dist_std": 0.00046777984160986696, "dist_ratio_per_episode": 0.97457239304141108, "reward_std": 3.5322606366322873, "num_goal": 6.9100000000000001, "num_goals_std": 0.34914180500192182, "goal_after_found": 169.82866638183594, "goal_first_found": 160.69, "prob_shortest_per_episode_std": 0.047053161424074362, "goal_first_found_std": 2.0673412877413342, "reward_per_dist": 0.01077562612818977}}