{"0": {"prob_shortest_per_episode": 0.35805952380952383, "reward": 46.334252338409421, "dist_ratio_per_episode_std": 0.70426440964327719, "goal_after_found_std": 60.785188030322949, "num_ep": 100, "reward_per_dist_std": 0.0028937221182951853, "dist_ratio_per_episode": 1.8347306765709599, "reward_std": 16.801671033007587, "num_goal": 4.8600000000000003, "num_goals_std": 1.7030560765870277, "goal_after_found": 231.01730918884277, "goal_first_found": 237.86000000000001, "prob_shortest_per_episode_std": 0.39186888161707689, "goal_first_found_std": 107.7326338673663, "reward_per_dist": 0.0071932553503126851}}