{"0": {"goal_first_found": 0, "goal_after_found_std": 0, "num_ep": 100, "reward_std": 3.417086891134701, "num_goal": 0.14999999999999999, "num_goals_std": 0.35707142142714249, "goal_after_found": 0, "reward": 1.1963241373002529, "goal_first_found_std": 0}}