{"0": {"prob_shortest_per_episode": 0.99833333333333341, "reward": 69.293963203430181, "dist_ratio_per_episode_std": 0.0041620186429196975, "goal_after_found_std": 1.5256733500940944, "num_ep": 100, "reward_per_dist_std": 5.4321800083679556e-05, "dist_ratio_per_episode": 0.96435209689838564, "reward_std": 1.7066277355976187, "num_goal": 6.9699999999999998, "num_goals_std": 0.1705872210923198, "goal_after_found": 167.62133331298827, "goal_first_found": 164.08000000000001, "prob_shortest_per_episode_std": 0.016583123951776996, "goal_first_found_std": 3.6212704952820083, "reward_per_dist": 0.0077664374446912701}}