{"0": {"prob_shortest_per_episode": 0.0, "reward": 37.229192142486575, "dist_ratio_per_episode_std": 0.025149982786464346, "goal_after_found_std": 28.890991040653958, "num_ep": 100, "reward_per_dist_std": 0.00018119886133747512, "dist_ratio_per_episode": 2.4871002035074965, "reward_std": 3.7018702784153863, "num_goal": 3.8599999999999999, "num_goals_std": 0.34698703145794946, "goal_after_found": 280.61333312988279, "goal_first_found": 279.76999999999998, "prob_shortest_per_episode_std": 0.0, "goal_first_found_std": 39.271835964212322, "reward_per_dist": 0.0061800812878437597}}