{"0": {"goal_first_found": 162.40000000000001, "goal_after_found_std": 4.4652160173216053, "num_ep": 100, "reward_std": 4.5483883654110384, "num_goal": 6.2699999999999996, "num_goals_std": 0.44395945760846228, "goal_after_found": 174.48933334350585, "reward": 62.101781539916992, "goal_first_found_std": 4.991993589739474}}