{"0": {"prob_shortest_per_episode": 0.59227020202020197, "reward": 107.41820838928223, "dist_ratio_per_episode_std": 0.054877042952683232, "goal_after_found_std": 5.9100107257460657, "num_ep": 100, "reward_per_dist_std": 0.00065875016877836568, "dist_ratio_per_episode": 0.98621310694281206, "reward_std": 5.3374524136731418, "num_goal": 10.76, "num_goals_std": 0.53141321022345689, "goal_after_found": 107.04166175842285, "goal_first_found": 105.04000000000001, "prob_shortest_per_episode_std": 0.13720007170664505, "goal_first_found_std": 13.068986188683498, "reward_per_dist": 0.013169267329764233}}