{"0": {"prob_shortest_per_episode": 0.35783333333333334, "reward": 72.792439384460451, "dist_ratio_per_episode_std": 0.52302565097171794, "goal_after_found_std": 59.321278509834542, "num_ep": 100, "reward_per_dist_std": 0.0028965450625945571, "dist_ratio_per_episode": 1.5720769197370086, "reward_std": 27.4836577257648, "num_goal": 7.3200000000000003, "num_goals_std": 2.7527440854536405, "goal_after_found": 176.25274971008301, "goal_first_found": 179.43000000000001, "prob_shortest_per_episode_std": 0.36774155998237618, "goal_first_found_std": 68.891836236233388, "reward_per_dist": 0.0098221729253643881}}