{"0": {"prob_shortest_per_episode": 0.74399999999999988, "reward": 102.29392105102539, "dist_ratio_per_episode_std": 0.10493674403269392, "goal_after_found_std": 12.773005763857475, "num_ep": 100, "reward_per_dist_std": 0.0010501592685574501, "dist_ratio_per_episode": 1.0117894312463727, "reward_std": 9.8816723645320739, "num_goal": 10.27, "num_goals_std": 0.98848368727055891, "goal_after_found": 112.79871803283692, "goal_first_found": 120.81999999999999, "prob_shortest_per_episode_std": 0.14387288015376276, "goal_first_found_std": 27.884540519793401, "reward_per_dist": 0.01295478850027479}}