{"0": {"prob_shortest_per_episode": 0.2524642857142857, "reward": 60.563449440002444, "dist_ratio_per_episode_std": 1.6393048960793171, "goal_after_found_std": 99.729418387968039, "num_ep": 100, "reward_per_dist_std": 0.0053025781041136817, "dist_ratio_per_episode": 2.4641045242767858, "reward_std": 21.773129107549547, "num_goal": 6.0999999999999996, "num_goals_std": 2.1656407827707715, "goal_after_found": 193.32214263916015, "goal_first_found": 195.00999999999999, "prob_shortest_per_episode_std": 0.24053334549844477, "goal_first_found_std": 142.94093150668914, "reward_per_dist": 0.013207481049216463}}