{"0": {"prob_shortest_per_episode": 0.36541666666666667, "reward": 84.98345378875733, "dist_ratio_per_episode_std": 0.30016960592041297, "goal_after_found_std": 26.074146100794948, "num_ep": 100, "reward_per_dist_std": 0.0023940639872915568, "dist_ratio_per_episode": 1.2444429321265651, "reward_std": 15.563273728767884, "num_goal": 8.5199999999999996, "num_goals_std": 1.5587174214718971, "goal_after_found": 138.39758308410646, "goal_first_found": 135.65000000000001, "prob_shortest_per_episode_std": 0.32675626487613435, "goal_first_found_std": 28.972184936590473, "reward_per_dist": 0.011317649339157689}}