{"0": {"prob_shortest_per_episode": 0.75561507936507932, "reward": 103.69243545532227, "dist_ratio_per_episode_std": 0.081951923636591081, "goal_after_found_std": 9.3233392665034103, "num_ep": 100, "reward_per_dist_std": 0.00086213605243261955, "dist_ratio_per_episode": 0.9919149383400534, "reward_std": 9.1390724725395245, "num_goal": 10.41, "num_goals_std": 0.91755108849589406, "goal_after_found": 110.65783752441406, "goal_first_found": 117.53, "prob_shortest_per_episode_std": 0.13583125673699825, "goal_first_found_std": 47.299144812565054, "reward_per_dist": 0.013154384873477023}}