{"0": {"prob_shortest_per_episode": 0.026166666666666661, "reward": 36.518283920288084, "dist_ratio_per_episode_std": 0.31258605351878194, "goal_after_found_std": 63.116161320832383, "num_ep": 100, "reward_per_dist_std": 0.0010108777346886037, "dist_ratio_per_episode": 1.4490775289130611, "reward_std": 8.7940905438574593, "num_goal": 3.6800000000000002, "num_goals_std": 0.88181630740194417, "goal_after_found": 287.88816619873046, "goal_first_found": 301.70999999999998, "prob_shortest_per_episode_std": 0.0869627953654767, "goal_first_found_std": 77.510940518097172, "reward_per_dist": 0.006459569609993273}}