{"0": {"prob_shortest_per_episode": 0.24748124098124097, "reward": 58.576679868698122, "dist_ratio_per_episode_std": 1.3693681934080975, "goal_after_found_std": 117.17313905168568, "num_ep": 100, "reward_per_dist_std": 0.0026889012853329318, "dist_ratio_per_episode": 2.623875639136886, "reward_std": 24.211149115362989, "num_goal": 5.9199999999999999, "num_goals_std": 2.4235511135521777, "goal_after_found": 211.73185822457978, "goal_first_found": 183.47474747474749, "prob_shortest_per_episode_std": 0.22158166557706277, "goal_first_found_std": 116.89573558805986, "reward_per_dist": 0.007423289295687252}}