{"0": {"prob_shortest_per_episode": 0.017500000000000002, "reward": 47.124023323059085, "dist_ratio_per_episode_std": 0.085838426496624431, "goal_after_found_std": 11.208656343565551, "num_ep": 100, "reward_per_dist_std": 0.00031277623453854648, "dist_ratio_per_episode": 2.0906016779722942, "reward_std": 4.382606770987592, "num_goal": 4.75, "num_goals_std": 0.4330127018922193, "goal_after_found": 238.97416641235353, "goal_first_found": 223.87, "prob_shortest_per_episode_std": 0.06378675411086536, "goal_first_found_std": 24.238669517941776, "reward_per_dist": 0.0071036781429081545}}