{"0": {"prob_shortest_per_episode": 0.23474639249639251, "reward": 59.601449203491214, "dist_ratio_per_episode_std": 1.139282634470713, "goal_after_found_std": 117.36222515846877, "num_ep": 100, "reward_per_dist_std": 0.0030611528401960496, "dist_ratio_per_episode": 2.420920111132185, "reward_std": 26.546932790309636, "num_goal": 5.9900000000000002, "num_goals_std": 2.6589283555598104, "goal_after_found": 216.08355239868163, "goal_first_found": 209.91, "prob_shortest_per_episode_std": 0.20986892005165089, "goal_first_found_std": 139.25775346457374, "reward_per_dist": 0.0074656927842666979}}