{"0": {"prob_shortest_per_episode": 0.24662321012321012, "reward": 59.857671952247621, "dist_ratio_per_episode_std": 16.45391842095605, "goal_after_found_std": 98.620902021436379, "num_ep": 100, "reward_per_dist_std": 0.0055634115285268324, "dist_ratio_per_episode": 4.1704858587900082, "reward_std": 27.825274944043805, "num_goal": 6.0300000000000002, "num_goals_std": 2.7765266071118426, "goal_after_found": 196.57520731290182, "goal_first_found": 200.25, "prob_shortest_per_episode_std": 0.21794009346200219, "goal_first_found_std": 147.60610590351607, "reward_per_dist": 0.010656490344945051}}