{"0": {"prob_shortest_per_episode": 0.56919444444444456, "reward": 105.77577674865722, "dist_ratio_per_episode_std": 0.056860634898786622, "goal_after_found_std": 6.0180977435891503, "num_ep": 100, "reward_per_dist_std": 0.00066406430897905861, "dist_ratio_per_episode": 0.99320074494234378, "reward_std": 5.498497009319042, "num_goal": 10.6, "num_goals_std": 0.54772255750516607, "goal_after_found": 110.01016632080078, "goal_first_found": 103.04000000000001, "prob_shortest_per_episode_std": 0.14822878910573711, "goal_first_found_std": 18.660075026644456, "reward_per_dist": 0.013093291547601013}}