{"0": {"prob_shortest_per_episode": 0.29108405483405486, "reward": 62.445025658607484, "dist_ratio_per_episode_std": 1.48459812597536, "goal_after_found_std": 73.564195516397518, "num_ep": 100, "reward_per_dist_std": 0.0047630302632555056, "dist_ratio_per_episode": 2.3006358631414856, "reward_std": 26.383533686943199, "num_goal": 6.29, "num_goals_std": 2.6126423406199328, "goal_after_found": 178.52687255859374, "goal_first_found": 223.47, "prob_shortest_per_episode_std": 0.24860929878739974, "goal_first_found_std": 171.86840634625085, "reward_per_dist": 0.01050321477418519}}