{"0": {"prob_shortest_per_episode": 0.0, "reward": 63.18132915496826, "dist_ratio_per_episode_std": 0.072524193658641531, "goal_after_found_std": 7.6877878258482788, "num_ep": 100, "reward_per_dist_std": 0.00036336893889691571, "dist_ratio_per_episode": 1.5089728663528925, "reward_std": 4.196901669085797, "num_goal": 7.2400000000000002, "num_goals_std": 0.42708313008125254, "goal_after_found": 158.06404647827148, "goal_first_found": 152.88999999999999, "prob_shortest_per_episode_std": 0.0, "goal_first_found_std": 17.299072229457856, "reward_per_dist": 0.0068182459301949373}}