{"0": {"prob_shortest_per_episode": 0.29543253968253969, "reward": 86.009278793334957, "dist_ratio_per_episode_std": 0.28123932698607879, "goal_after_found_std": 26.867755121266743, "num_ep": 100, "reward_per_dist_std": 0.0022031675578974481, "dist_ratio_per_episode": 1.2791051722105229, "reward_std": 17.400444144885821, "num_goal": 8.6199999999999992, "num_goals_std": 1.7422973339817747, "goal_after_found": 137.73588447570802, "goal_first_found": 130.58000000000001, "prob_shortest_per_episode_std": 0.286098135534534, "goal_first_found_std": 30.640228458678305, "reward_per_dist": 0.010927013025857097}}