{"0": {"prob_shortest_per_episode": 0.4130833333333333, "reward": 79.095057411193849, "dist_ratio_per_episode_std": 0.55250967684698726, "goal_after_found_std": 60.041030401945108, "num_ep": 100, "reward_per_dist_std": 0.003177924265249737, "dist_ratio_per_episode": 1.4695061261672198, "reward_std": 26.892496967788574, "num_goal": 7.9500000000000002, "num_goals_std": 2.6921181251943609, "goal_after_found": 164.54716644287109, "goal_first_found": 156.21000000000001, "prob_shortest_per_episode_std": 0.37401894200893288, "goal_first_found_std": 68.776056153286362, "reward_per_dist": 0.010512413995569047}}