{"0": {"reward": 75.0609262251854, "goal_after_found_std": 109.28369851136132, "num_ep": 1000, "reward_std": 31.435772992465807, "num_goal": 5.739, "num_goals_std": 3.0461252436497093, "goal_after_found": 199.68622449389335, "goal_first_found": 209.49087003222343, "goal_first_found_std": 174.22514870365657}, "78": {"goal_first_found": 222.67269736842104, "goal_after_found_std": 111.07397917183862, "num_ep": 693, "reward_std": 31.921778356961582, "num_goal": 5.8398268398268396, "num_goals_std": 2.9250425877736763, "goal_after_found": 198.73391680270663, "reward": 73.509168221950532, "goal_first_found_std": 180.67381131938177}}