{"0": {"prob_shortest_per_episode": 0.32509668109668111, "reward": 86.491953582763671, "dist_ratio_per_episode_std": 0.27781503358614085, "goal_after_found_std": 24.142564114457411, "num_ep": 100, "reward_per_dist_std": 0.0021763019834032289, "dist_ratio_per_episode": 1.2562511473859277, "reward_std": 16.486865737180675, "num_goal": 8.6699999999999999, "num_goals_std": 1.6495757030218405, "goal_after_found": 137.52401977539063, "goal_first_found": 128.31, "prob_shortest_per_episode_std": 0.29048799884637028, "goal_first_found_std": 29.682215213827959, "reward_per_dist": 0.0098214537763801815}}