{"0": {"goal_first_found": 205.90721649484536, "goal_after_found_std": 105.50065979795946, "num_ep": 100, "reward_std": 25.557594859974472, "num_goal": 5.9299999999999997, "num_goals_std": 2.5583393050961791, "goal_after_found": 200.19764599357683, "reward": 59.027113037109373, "goal_first_found_std": 166.70679752090129}}