{"0": {"prob_shortest_per_episode": 0.20738492063492064, "reward": 59.431863651275634, "dist_ratio_per_episode_std": 1.753981547986333, "goal_after_found_std": 83.66002824869058, "num_ep": 100, "reward_per_dist_std": 0.0024522922664643558, "dist_ratio_per_episode": 2.5730787520248488, "reward_std": 20.9923582420051, "num_goal": 5.9699999999999998, "num_goals_std": 2.1045427056726598, "goal_after_found": 205.08328552246093, "goal_first_found": 186.84999999999999, "prob_shortest_per_episode_std": 0.21728948433343398, "goal_first_found_std": 128.20697133931523, "reward_per_dist": 0.0085933846652816379}}