{"0": {"prob_shortest_per_episode": 0.24517857142857136, "reward": 80.911839294433591, "dist_ratio_per_episode_std": 0.051597749235944013, "goal_after_found_std": 4.9562568916430765, "num_ep": 100, "reward_per_dist_std": 0.00033365655853257695, "dist_ratio_per_episode": 1.3870623063067158, "reward_std": 2.9977357706881023, "num_goal": 8.0999999999999996, "num_goals_std": 0.29999999999999999, "goal_after_found": 134.54017883300781, "goal_first_found": 156.84999999999999, "prob_shortest_per_episode_std": 0.12155599931466876, "goal_first_found_std": 3.6148997219840004, "reward_per_dist": 0.0096800898116280471}}