{"0": {"prob_shortest_per_episode": 0.38, "reward": 89.263270721435546, "dist_ratio_per_episode_std": 0.047276570679524857, "goal_after_found_std": 4.3200001491121487, "num_ep": 100, "reward_per_dist_std": 0.00034066354406424082, "dist_ratio_per_episode": 1.2814090758184187, "reward_std": 2.3705977624580288, "num_goal": 8.9399999999999995, "num_goals_std": 0.23748684174075835, "goal_after_found": 123.17624992370605, "goal_first_found": 157.86000000000001, "prob_shortest_per_episode_std": 0.12527007860056844, "goal_first_found_std": 3.4843076787218439, "reward_per_dist": 0.0091795882954555947}}