{"0": {"goal_first_found": 187.18181818181819, "goal_after_found_std": 133.66251221302309, "num_ep": 100, "reward_std": 26.320465537145836, "num_goal": 6.4299999999999997, "num_goals_std": 2.6353557634596507, "goal_after_found": 202.14557508988813, "reward": 64.000187044143672, "goal_first_found_std": 127.93751344382602}}