{"0": {"prob_shortest_per_episode": 0.32178571428571429, "reward": 88.985727691650396, "dist_ratio_per_episode_std": 0.024966974285797739, "goal_after_found_std": 2.8696442591852986, "num_ep": 100, "reward_per_dist_std": 0.00017748888013560698, "dist_ratio_per_episode": 1.3103869280451335, "reward_std": 2.8796471047628658, "num_goal": 8.9100000000000001, "num_goals_std": 0.28618176042508375, "goal_after_found": 128.53767852783204, "goal_first_found": 157.44999999999999, "prob_shortest_per_episode_std": 0.11389385946788264, "goal_first_found_std": 3.5982634700644147, "reward_per_dist": 0.01010493934240235}}