{"0": {"prob_shortest_per_episode": 0.0, "reward": 64.164802551269531, "dist_ratio_per_episode_std": 0.0, "goal_after_found_std": 77.392601648837726, "num_ep": 27, "reward_per_dist_std": 0.0, "dist_ratio_per_episode": 0.0, "reward_std": 23.441054570612994, "num_goal": 6.4444444444444446, "num_goals_std": 2.3465235646603193, "goal_after_found": 178.15712342438874, "goal_first_found": 212.4814814814815, "prob_shortest_per_episode_std": 0.0, "goal_first_found_std": 168.68760747702757, "reward_per_dist": 0.0}}