{"0": {"prob_shortest_per_episode": 0.25877617280678505, "reward": 57.423960599750281, "dist_ratio_per_episode_std": 2.6162849030393365, "goal_after_found_std": 97.859240949897483, "num_ep": 100, "reward_per_dist_std": 0.010414245886369276, "dist_ratio_per_episode": 2.954221000610171, "reward_std": 22.028741613084307, "num_goal": 5.7699999999999996, "num_goals_std": 2.2038829370000577, "goal_after_found": 212.00580199883908, "goal_first_found": 184.84693877551021, "prob_shortest_per_episode_std": 0.23286170508779475, "goal_first_found_std": 143.18101516218482, "reward_per_dist": 0.012938961445956618}}