{"0": {"prob_shortest_per_episode": 0.26252208675678057, "reward": 60.594983175694942, "dist_ratio_per_episode_std": 5.0785053268051268, "goal_after_found_std": 144.81909243488752, "num_ep": 100, "reward_per_dist_std": 0.004046131522000577, "dist_ratio_per_episode": 3.0790685133198097, "reward_std": 32.298076312742737, "num_goal": 6.0899999999999999, "num_goals_std": 3.2375762539282378, "goal_after_found": 218.13887911426778, "goal_first_found": 176.79591836734693, "prob_shortest_per_episode_std": 0.23240213164360268, "goal_first_found_std": 139.34167075153817, "reward_per_dist": 0.0097602032628848687}}