{"99": {"prob_shortest_per_episode": 0.25, "reward": 64.809970855712891, "dist_ratio_per_episode_std": 1.476603517203106, "goal_after_found_std": 17.849998474121094, "num_ep": 2, "reward_per_dist_std": 0.0011425211432748309, "dist_ratio_per_episode": 3.1132080067048742, "reward_std": 4.9034919738769531, "num_goal": 6.5, "num_goals_std": 0.5, "goal_after_found": 167.34999847412109, "goal_first_found": 286.5, "prob_shortest_per_episode_std": 0.083333333333333329, "goal_first_found_std": 14.5, "reward_per_dist": 0.011864991684530281}}