{"0": {"goal_first_found": 208.09756097560975, "goal_after_found_std": 73.423071193270417, "num_ep": 87, "reward_std": 24.083885965010463, "num_goal": 5.6206896551724137, "num_goals_std": 2.4128076806256415, "goal_after_found": 195.15062797360304, "reward": 55.940332049268413, "goal_first_found_std": 153.39289659485041}}