{"0": {"prob_shortest_per_episode": 0.41674891774891781, "reward": 72.717376518249509, "dist_ratio_per_episode_std": 0.52733289245569748, "goal_after_found_std": 64.316920852242603, "num_ep": 100, "reward_per_dist_std": 0.0030313325701828179, "dist_ratio_per_episode": 1.5100310478815016, "reward_std": 29.074330582999611, "num_goal": 7.3200000000000003, "num_goals_std": 2.9116318448595111, "goal_after_found": 176.29730895996093, "goal_first_found": 162.80000000000001, "prob_shortest_per_episode_std": 0.37663817947058376, "goal_first_found_std": 69.848979949602708, "reward_per_dist": 0.0087828622635506507}}