{"0": {"prob_shortest_per_episode": 0.014166666666666666, "reward": 37.332803840637204, "dist_ratio_per_episode_std": 0.30217252077576506, "goal_after_found_std": 63.57640798467385, "num_ep": 100, "reward_per_dist_std": 0.001007602107498308, "dist_ratio_per_episode": 1.4549618999586522, "reward_std": 9.3509194943307001, "num_goal": 3.7599999999999998, "num_goals_std": 0.93936148526539032, "goal_after_found": 291.06483367919924, "goal_first_found": 305.87, "prob_shortest_per_episode_std": 0.062422173766841678, "goal_first_found_std": 81.826848283433222, "reward_per_dist": 0.0063632710314745888}}