{"0": {"goal_first_found": 176.32291666666666, "goal_after_found_std": 126.54452055181808, "num_ep": 100, "reward_std": 35.444367242579339, "num_goal": 6.0, "num_goals_std": 3.5552777669262356, "goal_after_found": 216.54910401503244, "reward": 59.686934342533348, "goal_first_found_std": 145.6118910259726}}