{"0": {"prob_shortest_per_episode": 0.044999999999999998, "reward": 69.380032920837408, "dist_ratio_per_episode_std": 0.060604031074076831, "goal_after_found_std": 5.98063610390422, "num_ep": 100, "reward_per_dist_std": 0.00035190385527142777, "dist_ratio_per_episode": 1.5573763326910715, "reward_std": 1.9697566721332647, "num_goal": 6.96, "num_goals_std": 0.19595917942265428, "goal_after_found": 166.42099975585938, "goal_first_found": 154.08000000000001, "prob_shortest_per_episode_std": 0.07765665171481162, "goal_first_found_std": 17.326673079388321, "reward_per_dist": 0.0088088876206954148}}