{"0": {"prob_shortest_per_episode": 0.022666666666666665, "reward": 38.851034336090088, "dist_ratio_per_episode_std": 0.31296706487110693, "goal_after_found_std": 68.596579205421591, "num_ep": 100, "reward_per_dist_std": 0.0010442566505981059, "dist_ratio_per_episode": 1.4462319349561961, "reward_std": 10.068009644811696, "num_goal": 3.9100000000000001, "num_goals_std": 1.0108906963663284, "goal_after_found": 279.34299957275391, "goal_first_found": 310.62, "prob_shortest_per_episode_std": 0.064915329468469937, "goal_first_found_std": 78.119367636969514, "reward_per_dist": 0.0046529309894930045}}