{"0": {"prob_shortest_per_episode": 0.26202873090628193, "reward": 60.306028163731099, "dist_ratio_per_episode_std": 10.065266310716654, "goal_after_found_std": 132.42944642899343, "num_ep": 100, "reward_per_dist_std": 0.0048765931984529765, "dist_ratio_per_episode": 4.0347128991878627, "reward_std": 28.715851683813067, "num_goal": 6.0599999999999996, "num_goals_std": 2.8768733027368447, "goal_after_found": 209.22202573503768, "goal_first_found": 220.0612244897959, "prob_shortest_per_episode_std": 0.24345832262865685, "goal_first_found_std": 147.33107354239189, "reward_per_dist": 0.010272318412531357}}