{"0": {"goal_first_found": 208.9591836734694, "goal_after_found_std": 99.566367876784042, "num_ep": 100, "reward_std": 26.818151085591193, "num_goal": 5.9000000000000004, "num_goals_std": 2.6851443164195103, "goal_after_found": 202.34814710033183, "reward": 58.748588535636664, "goal_first_found_std": 171.83469265353145}}