{"0": {"goal_first_found": 173.43478260869566, "goal_after_found_std": 71.961413700839486, "num_ep": 23, "reward_std": 26.961430777265942, "num_goal": 6.2173913043478262, "num_goals_std": 2.701956163180756, "goal_after_found": 198.68070917544156, "reward": 61.932846069335938, "goal_first_found_std": 140.04217566177405}}