{"0": {"prob_shortest_per_episode": 0.23491732190711781, "reward": 57.807015205621717, "dist_ratio_per_episode_std": 1.2550498562485417, "goal_after_found_std": 91.734997852987505, "num_ep": 100, "reward_per_dist_std": 0.0035985021110335733, "dist_ratio_per_episode": 2.4558362728033258, "reward_std": 22.768621970977254, "num_goal": 5.8099999999999996, "num_goals_std": 2.2790129442370444, "goal_after_found": 206.09659809968909, "goal_first_found": 201.51020408163265, "prob_shortest_per_episode_std": 0.20831442175473197, "goal_first_found_std": 148.70943074948511, "reward_per_dist": 0.012525696676595468}}