{"0": {"prob_shortest_per_episode": NaN, "reward": 60.686299155205489, "dist_ratio_per_episode_std": NaN, "goal_after_found_std": 106.62031611325061, "num_ep": 100, "reward_per_dist_std": NaN, "dist_ratio_per_episode": NaN, "reward_std": 32.106710273236459, "num_goal": 6.0999999999999996, "num_goals_std": 3.2171415884290826, "goal_after_found": 196.75703166686384, "goal_first_found": 214.21649484536081, "prob_shortest_per_episode_std": NaN, "goal_first_found_std": 160.91197739816673, "reward_per_dist": Infinity}}