{"0": {"prob_shortest_per_episode": 0.26164641809803102, "reward": 70.727119928896428, "dist_ratio_per_episode_std": 4.3640445536032422, "goal_after_found_std": 84.996068198352219, "num_ep": 100, "reward_per_dist_std": 0.0032671269161423807, "dist_ratio_per_episode": 3.0455046158125536, "reward_std": 33.675428094543328, "num_goal": 7.0999999999999996, "num_goals_std": 3.3719430600174736, "goal_after_found": 166.78395605600008, "goal_first_found": 182.41935483870967, "prob_shortest_per_episode_std": 0.27413058652715044, "goal_first_found_std": 137.4853519142371, "reward_per_dist": 0.01036616169271991}}