{"0": {"prob_shortest_per_episode": NaN, "reward": 2.4925509263575076, "dist_ratio_per_episode_std": NaN, "goal_after_found_std": 95.3321678250433, "num_ep": 100, "reward_per_dist_std": NaN, "dist_ratio_per_episode": NaN, "reward_std": 5.2096060312364134, "num_goal": 0.29999999999999999, "num_goals_std": 0.51961524227066314, "goal_after_found": 627.66666666666663, "goal_first_found": 386.33333333333331, "prob_shortest_per_episode_std": NaN, "goal_first_found_std": 65.270377831158768, "reward_per_dist": NaN}}