{"0": {"prob_shortest_per_episode": 0.12066798941798942, "reward": 22.831842200988902, "dist_ratio_per_episode_std": 1.397619196608298, "goal_after_found_std": 122.87824205714305, "num_ep": 100, "reward_per_dist_std": 0.01478683355133048, "dist_ratio_per_episode": 2.8357989809499085, "reward_std": 47.161955529851028, "num_goal": 2.3900000000000001, "num_goals_std": 4.7262987633030553, "goal_after_found": 171.89327059851752, "goal_first_found": 197.27777777777777, "prob_shortest_per_episode_std": 0.20014780079362215, "goal_first_found_std": 157.62800990361086, "reward_per_dist": 0.027137380733453061}}