{"0": {"prob_shortest_per_episode": 0.47286821705426363, "reward": 24.012473213598131, "dist_ratio_per_episode_std": 1.4949081503521371, "goal_after_found_std": 157.24897502688248, "num_ep": 100, "reward_per_dist_std": 0.0078231536305789027, "dist_ratio_per_episode": 2.1523889091287618, "reward_std": 10.208518859501311, "num_goal": 2.4199999999999999, "num_goals_std": 1.0215674231297707, "goal_after_found": 211.81976761928826, "goal_first_found": 479.33720930232556, "prob_shortest_per_episode_std": 0.39913542312406747, "goal_first_found_std": 249.83029637648201, "reward_per_dist": 0.013439059681822194}}