{"0": {"prob_shortest_per_episode": 0.37086471861471865, "reward": 80.105371875762941, "dist_ratio_per_episode_std": 0.46486904104402788, "goal_after_found_std": 50.104531174460725, "num_ep": 100, "reward_per_dist_std": 0.0020186877287924412, "dist_ratio_per_episode": 1.4486001434587763, "reward_std": 19.129477927624315, "num_goal": 8.0600000000000005, "num_goals_std": 1.912171540422041, "goal_after_found": 151.58326042175293, "goal_first_found": 129.06999999999999, "prob_shortest_per_episode_std": 0.2419744103140998, "goal_first_found_std": 41.679792465894067, "reward_per_dist": 0.009898960791517343}}