{"0": {"prob_shortest_per_episode": 0.36141666666666672, "reward": 48.709154567718507, "dist_ratio_per_episode_std": 0.81629541234778924, "goal_after_found_std": 95.695915540794303, "num_ep": 100, "reward_per_dist_std": 0.0023183979811291721, "dist_ratio_per_episode": 2.1575183800600954, "reward_std": 15.733566303624526, "num_goal": 4.9199999999999999, "num_goals_std": 1.5727682601069999, "goal_after_found": 236.41825073242188, "goal_first_found": 189.74000000000001, "prob_shortest_per_episode_std": 0.27245706848358087, "goal_first_found_std": 97.680972558630884, "reward_per_dist": 0.0077783042841373575}}