{"0": {"prob_shortest_per_episode": 0.40925872606166602, "reward": 147.33862793505193, "dist_ratio_per_episode_std": 1.6934526395564258, "goal_after_found_std": 50.755606692685134, "num_ep": 100, "reward_per_dist_std": 0.014361933692107174, "dist_ratio_per_episode": 1.8181405639469363, "reward_std": 102.66569778082582, "num_goal": 14.789999999999999, "num_goals_std": 10.296887879354616, "goal_after_found": 94.506045158463294, "goal_first_found": 145.17171717171718, "prob_shortest_per_episode_std": 0.29689494800462446, "goal_first_found_std": 125.11958242878022, "reward_per_dist": 0.023017128679847679}}