{"0": {"prob_shortest_per_episode": 0.31022222222222223, "reward": 76.455142288208009, "dist_ratio_per_episode_std": 0.32535145285754719, "goal_after_found_std": 32.376329536767351, "num_ep": 100, "reward_per_dist_std": 0.001709378999250681, "dist_ratio_per_episode": 1.4797518833302581, "reward_std": 16.454823992523693, "num_goal": 7.7000000000000002, "num_goals_std": 1.6462077633154328, "goal_after_found": 152.53617019653319, "goal_first_found": 147.72, "prob_shortest_per_episode_std": 0.21314145636942719, "goal_first_found_std": 41.057783671308904, "reward_per_dist": 0.0095114426883016849}}