{"0": {"prob_shortest_per_episode": 0.22727380952380952, "reward": 51.697107257843015, "dist_ratio_per_episode_std": 0.28749456591348477, "goal_after_found_std": 53.154025631747473, "num_ep": 100, "reward_per_dist_std": 0.0009086895635094153, "dist_ratio_per_episode": 1.8780878873246118, "reward_std": 10.255039533374836, "num_goal": 5.2300000000000004, "num_goals_std": 1.0183810681665288, "goal_after_found": 212.62200035095213, "goal_first_found": 176.0, "prob_shortest_per_episode_std": 0.21282991563106993, "goal_first_found_std": 95.653855123565194, "reward_per_dist": 0.0063210045649246096}}