{"0": {"prob_shortest_per_episode": 0.3401401137964678, "reward": 135.88576349258423, "dist_ratio_per_episode_std": 3.8444017904439027, "goal_after_found_std": 89.377995610273459, "num_ep": 100, "reward_per_dist_std": 0.015851852513571581, "dist_ratio_per_episode": 2.2780229076149308, "reward_std": 102.06872236642977, "num_goal": 13.65, "num_goals_std": 10.245364805608437, "goal_after_found": 117.87131973266601, "goal_first_found": 163.03999999999999, "prob_shortest_per_episode_std": 0.32808694184479081, "goal_first_found_std": 130.95540615033806, "reward_per_dist": 0.01755680653487305}}