{"0": {"prob_shortest_per_episode": NaN, "reward": 51.475698928833005, "dist_ratio_per_episode_std": NaN, "goal_after_found_std": 77.283085223944624, "num_ep": 100, "reward_per_dist_std": NaN, "dist_ratio_per_episode": NaN, "reward_std": 13.8649681385718, "num_goal": 5.2199999999999998, "num_goals_std": 1.3607350954539239, "goal_after_found": 228.10277773153902, "goal_first_found": 161.18181818181819, "prob_shortest_per_episode_std": NaN, "goal_first_found_std": 68.620956194281106, "reward_per_dist": -Infinity}}