{"0": {"prob_shortest_per_episode": 0.054166666666666669, "reward": 58.416351394653319, "dist_ratio_per_episode_std": 0.15597735990093659, "goal_after_found_std": 16.861573751219652, "num_ep": 100, "reward_per_dist_std": 0.00060115880556768436, "dist_ratio_per_episode": 1.791153143520829, "reward_std": 5.3448103747603311, "num_goal": 5.8799999999999999, "num_goals_std": 0.53441556863549555, "goal_after_found": 192.56300033569335, "goal_first_found": 171.00999999999999, "prob_shortest_per_episode_std": 0.090503990090063005, "goal_first_found_std": 55.410918599135314, "reward_per_dist": 0.007929671420797306}}