{"0": {"prob_shortest_per_episode": 0.22864285714285715, "reward": 60.785548553466796, "dist_ratio_per_episode_std": 0.31412813290512109, "goal_after_found_std": 32.022098260806814, "num_ep": 100, "reward_per_dist_std": 0.0010871584363974312, "dist_ratio_per_episode": 1.7242703318338812, "reward_std": 8.3504093479995305, "num_goal": 6.1500000000000004, "num_goals_std": 0.84113019206303608, "goal_after_found": 181.51149993896485, "goal_first_found": 184.31, "prob_shortest_per_episode_std": 0.19442351993017928, "goal_first_found_std": 33.678983060656684, "reward_per_dist": 0.0082836820424639756}}