{"0": {"prob_shortest_per_episode": 0.4014202741702742, "reward": 79.553058433532712, "dist_ratio_per_episode_std": 0.36951137272904683, "goal_after_found_std": 38.732642118581978, "num_ep": 100, "reward_per_dist_std": 0.0020604137027974991, "dist_ratio_per_episode": 1.4075540515392848, "reward_std": 20.347802847076107, "num_goal": 8.0099999999999998, "num_goals_std": 2.0322155397496595, "goal_after_found": 149.50386116027832, "goal_first_found": 133.06, "prob_shortest_per_episode_std": 0.25296664936389751, "goal_first_found_std": 51.336501633827758, "reward_per_dist": 0.0088142575349141987}}