{"0": {"prob_shortest_per_episode": 0.13518748932227193, "reward": 27.737504360973833, "dist_ratio_per_episode_std": 1.6322951204676091, "goal_after_found_std": 208.82328415235474, "num_ep": 100, "reward_per_dist_std": 0.020527819869861665, "dist_ratio_per_episode": 3.2673423971191538, "reward_std": 46.46878803772794, "num_goal": 2.8900000000000001, "num_goals_std": 4.6538048949220032, "goal_after_found": 229.86818260192871, "goal_first_found": 182.5, "prob_shortest_per_episode_std": 0.24118600726639788, "goal_first_found_std": 164.12108335006809, "reward_per_dist": 0.028698427781363191}}