{"0": {"prob_shortest_per_episode": 0.033500000000000002, "reward": 54.933646926879881, "dist_ratio_per_episode_std": 0.18652861521251377, "goal_after_found_std": 21.771066934505686, "num_ep": 100, "reward_per_dist_std": 0.00061223389364666611, "dist_ratio_per_episode": 1.8732019681956189, "reward_std": 6.1971293423764768, "num_goal": 5.5499999999999998, "num_goals_std": 0.6224949798994367, "goal_after_found": 204.44333343505861, "goal_first_found": 183.41999999999999, "prob_shortest_per_episode_std": 0.078048951875658704, "goal_first_found_std": 55.029297651342048, "reward_per_dist": 0.0076676599446453362}}