{"0": {"prob_shortest_per_episode": 0.35664285714285726, "reward": 29.797913389205931, "dist_ratio_per_episode_std": 0.72204359830605014, "goal_after_found_std": 110.82205396266311, "num_ep": 100, "reward_per_dist_std": 0.0025541106246511399, "dist_ratio_per_episode": 1.9343840549400244, "reward_std": 16.404657411596542, "num_goal": 3.0099999999999998, "num_goals_std": 1.6522409025320732, "goal_after_found": 262.49761925674068, "goal_first_found": 93.609756097560975, "prob_shortest_per_episode_std": 0.29651343115044165, "goal_first_found_std": 1.7161790909514418, "reward_per_dist": 0.006886635009623077}}