{"0": {"prob_shortest_per_episode": 0.20420875420875423, "reward": 51.603595867156983, "dist_ratio_per_episode_std": 0.80687475235454142, "goal_after_found_std": 91.366042754626633, "num_ep": 100, "reward_per_dist_std": 0.0015884540642702256, "dist_ratio_per_episode": 2.1006233340244695, "reward_std": 13.938617509111079, "num_goal": 5.21, "num_goals_std": 1.4021055595068439, "goal_after_found": 229.86624561656606, "goal_first_found": 178.81818181818181, "prob_shortest_per_episode_std": 0.2386798566470073, "goal_first_found_std": 77.530881906627798, "reward_per_dist": 0.0075834426149250823}}