{"0": {"prob_shortest_per_episode": NaN, "reward": 27.59821947749704, "dist_ratio_per_episode_std": NaN, "goal_after_found_std": 145.61538102069105, "num_ep": 100, "reward_per_dist_std": NaN, "dist_ratio_per_episode": NaN, "reward_std": 21.542233326136987, "num_goal": 2.79, "num_goals_std": 2.1693086456288322, "goal_after_found": 212.44682594581886, "goal_first_found": 342.51851851851853, "prob_shortest_per_episode_std": NaN, "goal_first_found_std": 200.20635102413161, "reward_per_dist": NaN}}