{"0": {"prob_shortest_per_episode": 0.49778174603174608, "reward": 91.453224716186526, "dist_ratio_per_episode_std": 0.15996838316208459, "goal_after_found_std": 15.809188699812408, "num_ep": 100, "reward_per_dist_std": 0.0012517662602019434, "dist_ratio_per_episode": 1.2022745233308132, "reward_std": 10.188406575019169, "num_goal": 9.1999999999999993, "num_goals_std": 1.019803902718557, "goal_after_found": 127.82787284851074, "goal_first_found": 112.43000000000001, "prob_shortest_per_episode_std": 0.2084716403719705, "goal_first_found_std": 6.4563999256551625, "reward_per_dist": 0.011096610670287579}}