{"0": {"prob_shortest_per_episode": 0.0, "reward": 1.891454208791256, "dist_ratio_per_episode_std": 0.0, "goal_after_found_std": 0.0, "num_ep": 100, "reward_per_dist_std": 0.0, "dist_ratio_per_episode": 4.0875371124972979, "reward_std": 4.5124876723190104, "num_goal": 0.23999999999999999, "num_goals_std": 0.44988887516807974, "goal_after_found": 900.0, "goal_first_found": 238.0, "prob_shortest_per_episode_std": 0.0, "goal_first_found_std": 0.0, "reward_per_dist": 0.0031220151535386324}}