{"0": {"prob_shortest_per_episode": 0.49717857142857136, "reward": 91.544486312866212, "dist_ratio_per_episode_std": 0.13461179037647758, "goal_after_found_std": 14.27097798706632, "num_ep": 100, "reward_per_dist_std": 0.0010990763547265741, "dist_ratio_per_episode": 1.1743468433578819, "reward_std": 9.5186393969109524, "num_goal": 9.2100000000000009, "num_goals_std": 0.95178779147454917, "goal_after_found": 126.44484100341796, "goal_first_found": 117.3, "prob_shortest_per_episode_std": 0.18975961354196225, "goal_first_found_std": 2.4392621835300936, "reward_per_dist": 0.011311287721191075}}