{"0": {"goal_first_found": 380.81, "goal_after_found_std": 12.034612582048497, "num_ep": 100, "reward_std": 0.99877925372180643, "num_goal": 2.9900000000000002, "num_goals_std": 0.099498743710661988, "goal_after_found": 380.58999999999997, "reward": 29.656686153411865, "goal_first_found_std": 22.954605202442494}}