{"0": {"goal_first_found": 423.23000000000002, "goal_after_found_std": 110.02332101729971, "num_ep": 100, "reward_std": 10.266615874660431, "num_goal": 3.4900000000000002, "num_goals_std": 1.0246462804304712, "goal_after_found": 257.42633316040042, "reward": 34.291809635162352, "goal_first_found_std": 154.13434756730894}}