{"0": {"goal_first_found": 229.5, "goal_after_found_std": 40.817830453537333, "num_ep": 100, "reward_std": 8.129561423188651, "num_goal": 4.3399999999999999, "num_goals_std": 0.81510735489259323, "goal_after_found": 242.12783340454101, "reward": 43.117497425079343, "goal_first_found_std": 66.849008967971997}}