{"0": {"goal_first_found": 160.86000000000001, "goal_after_found_std": 23.799192990881746, "num_ep": 100, "reward_std": 12.556740908969163, "num_goal": 8.4000000000000004, "num_goals_std": 1.2489995996796799, "goal_after_found": 133.75186882019042, "reward": 82.87843311309814, "goal_first_found_std": 82.305895293107653}}