{"0": {"prob_shortest_per_episode": NaN, "reward": 35.165436013899743, "dist_ratio_per_episode_std": NaN, "goal_after_found_std": 145.41502941521586, "num_ep": 100, "reward_per_dist_std": NaN, "dist_ratio_per_episode": NaN, "reward_std": 27.63009578033849, "num_goal": 3.5800000000000001, "num_goals_std": 2.7574626017409556, "goal_after_found": 225.52869068492544, "goal_first_found": 242.54545454545453, "prob_shortest_per_episode_std": NaN, "goal_first_found_std": 242.23577360044567, "reward_per_dist": NaN}}