{"0": {"prob_shortest_per_episode": 0.20654761904761904, "reward": 33.759602281782364, "dist_ratio_per_episode_std": 1.5614559109440149, "goal_after_found_std": 141.47058588363254, "num_ep": 36, "reward_per_dist_std": 0.010081668127531682, "dist_ratio_per_episode": 3.2447349823319631, "reward_std": 18.872253994691665, "num_goal": 3.4444444444444446, "num_goals_std": 1.8774161387462001, "goal_after_found": 252.86607027053833, "goal_first_found": 188.78125, "prob_shortest_per_episode_std": 0.3275648833963542, "goal_first_found_std": 230.77461060185433, "reward_per_dist": 0.011747905957825589}}