{"0": {"prob_shortest_per_episode": 0.24488795518207282, "reward": 31.926636250577868, "dist_ratio_per_episode_std": 4.1206146526431828, "goal_after_found_std": 157.85717832363605, "num_ep": 100, "reward_per_dist_std": 0.0063022295717724275, "dist_ratio_per_episode": 3.6403692167811315, "reward_std": 26.809385386449733, "num_goal": 3.2599999999999998, "num_goals_std": 2.6669083223838048, "goal_after_found": 244.44269292494829, "goal_first_found": 218.30882352941177, "prob_shortest_per_episode_std": 0.26329091570636798, "goal_first_found_std": 224.25755003048334, "reward_per_dist": 0.013223175117277022}}