{"0": {"prob_shortest_per_episode": NaN, "reward": 37.99427859917283, "dist_ratio_per_episode_std": NaN, "goal_after_found_std": 179.56131562971657, "num_ep": 100, "reward_per_dist_std": NaN, "dist_ratio_per_episode": NaN, "reward_std": 28.156411602791227, "num_goal": 3.8500000000000001, "num_goals_std": 2.8191310718020897, "goal_after_found": 223.50324403917466, "goal_first_found": 216.08108108108109, "prob_shortest_per_episode_std": NaN, "goal_first_found_std": 199.25399767136531, "reward_per_dist": -Infinity}}