{"0": {"goal_first_found": 251.57499999999999, "goal_after_found_std": 182.92650431471026, "num_ep": 51, "reward_std": 22.534551592174942, "num_goal": 3.4313725490196076, "num_goals_std": 2.2074286519305875, "goal_after_found": 250.12138919830323, "reward": 33.158952989998987, "goal_first_found_std": 267.68301099434757}}