{"0": {"prob_shortest_per_episode": 0.42704365079365081, "reward": 67.431538543701166, "dist_ratio_per_episode_std": 0.46061619149952104, "goal_after_found_std": 50.465092645575389, "num_ep": 100, "reward_per_dist_std": 0.002482549296590344, "dist_ratio_per_episode": 1.4989207270359992, "reward_std": 15.905036444758329, "num_goal": 6.7699999999999996, "num_goals_std": 1.5990934932016951, "goal_after_found": 160.84990058898927, "goal_first_found": 179.71000000000001, "prob_shortest_per_episode_std": 0.29824884884034858, "goal_first_found_std": 55.884397643707317, "reward_per_dist": 0.010005188678934719}}