{"0": {"prob_shortest_per_episode": 0.34562301587301592, "reward": 55.989586029052731, "dist_ratio_per_episode_std": 0.46130846515127183, "goal_after_found_std": 54.086052795914092, "num_ep": 100, "reward_per_dist_std": 0.0015758227425378896, "dist_ratio_per_episode": 1.8446152470314059, "reward_std": 13.166339338288619, "num_goal": 5.6399999999999997, "num_goals_std": 1.3230268326832983, "goal_after_found": 198.75029754638672, "goal_first_found": 211.15000000000001, "prob_shortest_per_episode_std": 0.21384154035366096, "goal_first_found_std": 113.40946829960892, "reward_per_dist": 0.0067055142215977108}}