{"0": {"prob_shortest_per_episode": 0.33365476190476195, "reward": 51.988530883789061, "dist_ratio_per_episode_std": 0.47653926630571086, "goal_after_found_std": 50.232435649835736, "num_ep": 100, "reward_per_dist_std": 0.0016693184954220282, "dist_ratio_per_episode": 1.9422241288048618, "reward_std": 12.474143794433202, "num_goal": 5.2300000000000004, "num_goals_std": 1.2478381305281547, "goal_after_found": 210.03672576904296, "goal_first_found": 226.12, "prob_shortest_per_episode_std": 0.2171081879565526, "goal_first_found_std": 140.14851265710956, "reward_per_dist": 0.0079577587995922957}}