{"0": {"prob_shortest_per_episode": 0.21978102081194864, "reward": 65.222558736801147, "dist_ratio_per_episode_std": 3.4780559182187698, "goal_after_found_std": 108.97629868188399, "num_ep": 100, "reward_per_dist_std": 0.0050901285288155592, "dist_ratio_per_episode": 3.3842395331449966, "reward_std": 24.810443715706608, "num_goal": 6.5499999999999998, "num_goals_std": 2.4874685927665499, "goal_after_found": 180.0681868091072, "goal_first_found": 161.29896907216494, "prob_shortest_per_episode_std": 0.22325219276236777, "goal_first_found_std": 125.78988903923955, "reward_per_dist": 0.010000097974742991}}