{"0": {"prob_shortest_per_episode": 0.20945403802546655, "reward": 42.865325916409489, "dist_ratio_per_episode_std": 2.6056088652671581, "goal_after_found_std": 143.78266873782673, "num_ep": 100, "reward_per_dist_std": 0.0098516259693456499, "dist_ratio_per_episode": 3.6012296396799877, "reward_std": 21.469371942206287, "num_goal": 4.3300000000000001, "num_goals_std": 2.1496743939489997, "goal_after_found": 228.01530620029993, "goal_first_found": 214.02197802197801, "prob_shortest_per_episode_std": 0.2432636789708634, "goal_first_found_std": 165.19518778226288, "reward_per_dist": 0.01474639069991694}}