{"0": {"prob_shortest_per_episode": NaN, "reward": 37.747311305105683, "dist_ratio_per_episode_std": NaN, "goal_after_found_std": 130.10809043827805, "num_ep": 100, "reward_per_dist_std": NaN, "dist_ratio_per_episode": NaN, "reward_std": 22.175709001804741, "num_goal": 3.8300000000000001, "num_goals_std": 2.2093211627103924, "goal_after_found": 211.9248451051258, "goal_first_found": 239.26190476190476, "prob_shortest_per_episode_std": NaN, "goal_first_found_std": 209.52071832135286, "reward_per_dist": -Infinity}}