{"0": {"prob_shortest_per_episode": NaN, "reward": 39.677285975366829, "dist_ratio_per_episode_std": NaN, "goal_after_found_std": 160.14140217711412, "num_ep": 100, "reward_per_dist_std": NaN, "dist_ratio_per_episode": NaN, "reward_std": 29.975281916507324, "num_goal": 4.0199999999999996, "num_goals_std": 2.9999333325925761, "goal_after_found": 219.62545954716671, "goal_first_found": 235.51948051948051, "prob_shortest_per_episode_std": NaN, "goal_first_found_std": 236.33025595604474, "reward_per_dist": Infinity}}