{"0": {"goal_first_found": 238.43055555555554, "goal_after_found_std": 125.7475242143335, "num_ep": 100, "reward_std": 32.848552421771586, "num_goal": 3.8900000000000001, "num_goals_std": 3.2799237796022029, "goal_after_found": 215.34966776106091, "reward": 38.283749191164972, "goal_first_found_std": 190.82822601527221}}