{"0": {"prob_shortest_per_episode": 0.37749999999999995, "reward": 57.802571258544923, "dist_ratio_per_episode_std": 0.36079443668433669, "goal_after_found_std": 39.794030751075347, "num_ep": 100, "reward_per_dist_std": 0.0014618002550802127, "dist_ratio_per_episode": 1.7129209537294616, "reward_std": 12.493909825394603, "num_goal": 5.8200000000000003, "num_goals_std": 1.252038338071163, "goal_after_found": 188.42769050598145, "goal_first_found": 212.19, "prob_shortest_per_episode_std": 0.20360258046246626, "goal_first_found_std": 102.39948193228322, "reward_per_dist": 0.0086394608258932599}}