{"0": {"prob_shortest_per_episode": 0.22177177177177176, "reward": 33.456830077022317, "dist_ratio_per_episode_std": 2.8439567690076322, "goal_after_found_std": 151.30354558208489, "num_ep": 100, "reward_per_dist_std": 0.031941584165814246, "dist_ratio_per_episode": 3.2429175645510098, "reward_std": 26.976560690728657, "num_goal": 3.4100000000000001, "num_goals_std": 2.6799067147943791, "goal_after_found": 254.36869378992029, "goal_first_found": 241.21621621621622, "prob_shortest_per_episode_std": 0.27983810527850661, "goal_first_found_std": 234.54160411611124, "reward_per_dist": 0.014817171072392818}}