{"0": {"prob_shortest_per_episode": 0.4050555555555555, "reward": 62.82256795883179, "dist_ratio_per_episode_std": 0.46071582236309172, "goal_after_found_std": 50.648304317533217, "num_ep": 100, "reward_per_dist_std": 0.002364303075603601, "dist_ratio_per_episode": 1.5461953362345906, "reward_std": 16.864209885993922, "num_goal": 6.3099999999999996, "num_goals_std": 1.6952580924449232, "goal_after_found": 169.38080947875977, "goal_first_found": 187.34, "prob_shortest_per_episode_std": 0.28915085813096514, "goal_first_found_std": 64.697947417209448, "reward_per_dist": 0.0098051803208921567}}