{"0": {"prob_shortest_per_episode": 0.41664935064935071, "reward": 67.615126724243169, "dist_ratio_per_episode_std": 0.32619241370670882, "goal_after_found_std": 39.29944943557846, "num_ep": 100, "reward_per_dist_std": 0.0017240901540120262, "dist_ratio_per_episode": 1.452137608012551, "reward_std": 15.439216727484068, "num_goal": 6.79, "num_goals_std": 1.5510963864312237, "goal_after_found": 152.96567405700682, "goal_first_found": 173.88, "prob_shortest_per_episode_std": 0.23020175785791278, "goal_first_found_std": 51.547896174334795, "reward_per_dist": 0.0084431668971790379}}