{"0": {"goal_first_found": 273.05263157894734, "goal_after_found_std": 154.89686224516325, "num_ep": 100, "reward_std": 33.055202872174199, "num_goal": 4.0300000000000002, "num_goals_std": 3.2968318125133407, "goal_after_found": 212.79982195402445, "reward": 39.736285117045043, "goal_first_found_std": 243.34396788003829}}