{"0": {"prob_shortest_per_episode": 0.34407142857142858, "reward": 59.868722190856936, "dist_ratio_per_episode_std": 0.22706672564671487, "goal_after_found_std": 23.279501127095312, "num_ep": 100, "reward_per_dist_std": 0.0010778210678411011, "dist_ratio_per_episode": 1.6296732521766422, "reward_std": 7.6791222175264142, "num_goal": 6.0300000000000002, "num_goals_std": 0.76752850109947057, "goal_after_found": 179.39752388000488, "goal_first_found": 200.28999999999999, "prob_shortest_per_episode_std": 0.20008487286450805, "goal_first_found_std": 31.357070972908168, "reward_per_dist": 0.0087699202761915302}}