{"0": {"prob_shortest_per_episode": 0.29317724594016931, "reward": 109.44208353996277, "dist_ratio_per_episode_std": 0.50507979261248603, "goal_after_found_std": 33.405347456541485, "num_ep": 100, "reward_per_dist_std": 0.0034608390849187967, "dist_ratio_per_episode": 1.6881042253081677, "reward_std": 34.034892980842002, "num_goal": 10.98, "num_goals_std": 3.408753437842051, "goal_after_found": 103.7636210123698, "goal_first_found": 172.58585858585857, "prob_shortest_per_episode_std": 0.18439155149455919, "goal_first_found_std": 142.89397143598353, "reward_per_dist": 0.017848946478571045}}