{"0": {"prob_shortest_per_episode": 0.23889440035273368, "reward": 36.965221267417071, "dist_ratio_per_episode_std": 17.230433921495191, "goal_after_found_std": 168.93319723181233, "num_ep": 100, "reward_per_dist_std": 0.020346774614338852, "dist_ratio_per_episode": 5.2582502477768402, "reward_std": 29.187169779244552, "num_goal": 3.7599999999999998, "num_goals_std": 2.9090204536922735, "goal_after_found": 212.57590987947253, "goal_first_found": 214.625, "prob_shortest_per_episode_std": 0.27853892704171368, "goal_first_found_std": 175.25072812497336, "reward_per_dist": 0.019043148467704805}}