{"0": {"prob_shortest_per_episode": 0.36651190476190471, "reward": 62.864017143249512, "dist_ratio_per_episode_std": 0.31618119075076939, "goal_after_found_std": 33.524616547746263, "num_ep": 100, "reward_per_dist_std": 0.0013692067286135347, "dist_ratio_per_episode": 1.6004326975418892, "reward_std": 10.409631923704707, "num_goal": 6.3200000000000003, "num_goals_std": 1.0380751417888783, "goal_after_found": 170.66933372497559, "goal_first_found": 189.24000000000001, "prob_shortest_per_episode_std": 0.21590457646714156, "goal_first_found_std": 31.780220263553868, "reward_per_dist": 0.0090065969204264976}}