{"0": {"prob_shortest_per_episode": 0.46117063492063493, "reward": 88.67072532653809, "dist_ratio_per_episode_std": 0.077440788343040926, "goal_after_found_std": 8.4363763518620836, "num_ep": 100, "reward_per_dist_std": 0.00048332461067165477, "dist_ratio_per_episode": 1.2898872008172058, "reward_std": 6.9386078634254291, "num_goal": 8.8900000000000006, "num_goals_std": 0.69130311730817473, "goal_after_found": 124.68730178833007, "goal_first_found": 146.53, "prob_shortest_per_episode_std": 0.13739252166951443, "goal_first_found_std": 28.130216849501892, "reward_per_dist": 0.010287651171823531}}