{"0": {"prob_shortest_per_episode": 0.0, "reward": 59.180678138732908, "dist_ratio_per_episode_std": 0.22002631745689974, "goal_after_found_std": 26.031960584340489, "num_ep": 100, "reward_per_dist_std": 0.0012730688905049784, "dist_ratio_per_episode": 1.3724322074790196, "reward_std": 11.259927278002705, "num_goal": 7.1299999999999999, "num_goals_std": 1.1194194924156002, "goal_after_found": 150.06484519958497, "goal_first_found": 185.83000000000001, "prob_shortest_per_episode_std": 0.0, "goal_first_found_std": 83.569498622404097, "reward_per_dist": 0.0072744466739071197}}