{"0": {"prob_shortest_per_episode": 0.3321230158730159, "reward": 83.783270111083979, "dist_ratio_per_episode_std": 0.079221568241493429, "goal_after_found_std": 8.5521547400127194, "num_ep": 100, "reward_per_dist_std": 0.00046994304236014595, "dist_ratio_per_episode": 1.3981791965300807, "reward_std": 5.8492843529524396, "num_goal": 8.4000000000000004, "num_goals_std": 0.5830951894845301, "goal_after_found": 139.71315475463868, "goal_first_found": 103.95999999999999, "prob_shortest_per_episode_std": 0.12433208270391669, "goal_first_found_std": 24.808030957736246, "reward_per_dist": 0.0084189338817624373}}