{"0": {"prob_shortest_per_episode": 0.18010714285714285, "reward": 60.029606723785399, "dist_ratio_per_episode_std": 0.34996277817489529, "goal_after_found_std": 39.079899551198039, "num_ep": 100, "reward_per_dist_std": 0.0013885548192957636, "dist_ratio_per_episode": 1.7795639392790603, "reward_std": 14.402899083149528, "num_goal": 6.0199999999999996, "num_goals_std": 1.4420818284688286, "goal_after_found": 184.15709503173829, "goal_first_found": 172.87, "prob_shortest_per_episode_std": 0.18806881181150287, "goal_first_found_std": 59.143495838511278, "reward_per_dist": 0.00829252050141502}}