{"0": {"prob_shortest_per_episode": NaN, "reward": 2.2809133785963058, "dist_ratio_per_episode_std": NaN, "goal_after_found_std": 151.69785759858311, "num_ep": 100, "reward_per_dist_std": NaN, "dist_ratio_per_episode": NaN, "reward_std": 6.3306897486570142, "num_goal": 0.35999999999999999, "num_goals_std": 0.60860496218811766, "goal_after_found": 310.89999999999998, "goal_first_found": 483.39999999999998, "prob_shortest_per_episode_std": NaN, "goal_first_found_std": 144.90907494011546, "reward_per_dist": NaN}}