{"0": {"prob_shortest_per_episode": 0.16143373671782763, "reward": 43.275586896389726, "dist_ratio_per_episode_std": 9.6459438901977492, "goal_after_found_std": 183.5895680009383, "num_ep": 100, "reward_per_dist_std": 0.0061104555042738829, "dist_ratio_per_episode": 5.3239173598747662, "reward_std": 22.854028632586584, "num_goal": 4.3700000000000001, "num_goals_std": 2.2875969924792261, "goal_after_found": 247.43637917258522, "goal_first_found": 213.90909090909091, "prob_shortest_per_episode_std": 0.20575085962811757, "goal_first_found_std": 188.83420074737739, "reward_per_dist": 0.0099427346811027315}}