{"0": {"prob_shortest_per_episode": NaN, "reward": 3.3517368739843367, "dist_ratio_per_episode_std": NaN, "goal_after_found_std": 211.13397537003738, "num_ep": 100, "reward_per_dist_std": NaN, "dist_ratio_per_episode": NaN, "reward_std": 6.8070745118823659, "num_goal": 0.46999999999999997, "num_goals_std": 0.65505724940649279, "goal_after_found": 410.66666666666669, "goal_first_found": 327.88888888888891, "prob_shortest_per_episode_std": NaN, "goal_first_found_std": 169.45693943001464, "reward_per_dist": -Infinity}}