{"0": {"prob_shortest_per_episode": 0.6156031746031746, "reward": 74.300338058471681, "dist_ratio_per_episode_std": 0.35496914403435637, "goal_after_found_std": 39.120217232550203, "num_ep": 100, "reward_per_dist_std": 0.0022121879835395515, "dist_ratio_per_episode": 1.2544255835038789, "reward_std": 18.663283282361672, "num_goal": 7.4699999999999998, "num_goals_std": 1.8732591918898995, "goal_after_found": 138.92072639465331, "goal_first_found": 175.13, "prob_shortest_per_episode_std": 0.22289458148874344, "goal_first_found_std": 65.064069193372774, "reward_per_dist": 0.011496972999039796}}