{"0": {"prob_shortest_per_episode": 0.41270238095238099, "reward": 59.862659473419193, "dist_ratio_per_episode_std": 0.38691454758759264, "goal_after_found_std": 40.578075438530028, "num_ep": 100, "reward_per_dist_std": 0.0015678796510974395, "dist_ratio_per_episode": 1.6577191413467247, "reward_std": 11.46702751694594, "num_goal": 6.0199999999999996, "num_goals_std": 1.1487384384619503, "goal_after_found": 177.85534523010253, "goal_first_found": 210.96000000000001, "prob_shortest_per_episode_std": 0.21214967488109474, "goal_first_found_std": 97.254708883426304, "reward_per_dist": 0.008888698603589644}}