{"0": {"prob_shortest_per_episode": 0.35299257338027401, "reward": 117.42418744370342, "dist_ratio_per_episode_std": 0.33490233126803831, "goal_after_found_std": 21.492123744923592, "num_ep": 100, "reward_per_dist_std": 0.0031655253890237717, "dist_ratio_per_episode": 1.5358369165665249, "reward_std": 32.921222938015092, "num_goal": 11.779999999999999, "num_goals_std": 3.2972109425998211, "goal_after_found": 94.93667170977352, "goal_first_found": 169.1919191919192, "prob_shortest_per_episode_std": 0.2198187232145194, "goal_first_found_std": 134.67879309096114, "reward_per_dist": 0.01522740902729869}}