{"0": {"goal_first_found": 261.43181818181819, "goal_after_found_std": 134.0163585124736, "num_ep": 100, "reward_std": 23.897198067961213, "num_goal": 4.0999999999999996, "num_goals_std": 2.3811761799581315, "goal_after_found": 214.4651403427124, "reward": 40.216299872994426, "goal_first_found_std": 208.70323621301401}}