{"0": {"prob_shortest_per_episode": 0.125, "reward": 4.3806165349483486, "dist_ratio_per_episode_std": 0.75636406009526391, "goal_after_found_std": 160.25190131477379, "num_ep": 100, "reward_per_dist_std": 0.0028590085144163144, "dist_ratio_per_episode": 1.9584410170825031, "reward_std": 7.2516530044032583, "num_goal": 0.56999999999999995, "num_goals_std": 0.69649120597463388, "goal_after_found": 421.875, "goal_first_found": 409.5, "prob_shortest_per_episode_std": 0.33071891388307384, "goal_first_found_std": 167.55372272796566, "reward_per_dist": 0.0068451212505552944}}