{"0": {"goal_first_found": 280.64935064935065, "goal_after_found_std": 147.91367270427517, "num_ep": 100, "reward_std": 29.37955938051126, "num_goal": 3.8599999999999999, "num_goals_std": 2.929231981253789, "goal_after_found": 229.0127430705281, "reward": 38.036562923416497, "goal_first_found_std": 235.85615064754967}}