{"0": {"prob_shortest_per_episode": 0.40166666666666662, "reward": 85.247384643554682, "dist_ratio_per_episode_std": 0.082992142378359515, "goal_after_found_std": 8.3724120241959632, "num_ep": 100, "reward_per_dist_std": 0.00053464879705576046, "dist_ratio_per_episode": 1.3397525072966638, "reward_std": 5.1887166476553563, "num_goal": 8.5500000000000007, "num_goals_std": 0.51720402163943002, "goal_after_found": 130.4130354309082, "goal_first_found": 162.31999999999999, "prob_shortest_per_episode_std": 0.13983530156804416, "goal_first_found_std": 2.9962643408084002, "reward_per_dist": 0.0099533444365598311}}