{"0": {"prob_shortest_per_episode": 0.58148015873015868, "reward": 65.863048286437987, "dist_ratio_per_episode_std": 0.47304024469966727, "goal_after_found_std": 54.435603872544434, "num_ep": 100, "reward_per_dist_std": 0.0022576322920049288, "dist_ratio_per_episode": 1.374891163458372, "reward_std": 15.785899014956591, "num_goal": 6.6200000000000001, "num_goals_std": 1.5860643114325472, "goal_after_found": 154.04080520629884, "goal_first_found": 208.43000000000001, "prob_shortest_per_episode_std": 0.24470359674798584, "goal_first_found_std": 68.133729532442302, "reward_per_dist": 0.010886053604840868}}