{"0": {"prob_shortest_per_episode": 0.0, "reward": 17.65071991838515, "dist_ratio_per_episode_std": 1.2289304265443941, "goal_after_found_std": 174.1650269489048, "num_ep": 100, "reward_per_dist_std": 0.005819641998198846, "dist_ratio_per_episode": 2.2372986329016968, "reward_std": 12.784581236298949, "num_goal": 1.8, "num_goals_std": 1.2884098726725126, "goal_after_found": 323.10277760823567, "goal_first_found": 299.33333333333331, "prob_shortest_per_episode_std": 0.0, "goal_first_found_std": 149.86189939036836, "reward_per_dist": 0.011329200359406688}}