{"0": {"prob_shortest_per_episode": 0.74320995670995671, "reward": 79.668904647827148, "dist_ratio_per_episode_std": 0.19997326682058891, "goal_after_found_std": 22.349231368456479, "num_ep": 100, "reward_per_dist_std": 0.0014917907315945829, "dist_ratio_per_episode": 1.1043698042441379, "reward_std": 12.314815333609779, "num_goal": 8.0, "num_goals_std": 1.2328828005937953, "goal_after_found": 147.3566081237793, "goal_first_found": 117.8, "prob_shortest_per_episode_std": 0.14485840178188425, "goal_first_found_std": 49.903506890798766, "reward_per_dist": 0.012796935200103816}}