{"0": {"prob_shortest_per_episode": NaN, "reward": 12.882716864962131, "dist_ratio_per_episode_std": NaN, "goal_after_found_std": 149.69624350128925, "num_ep": 100, "reward_per_dist_std": NaN, "dist_ratio_per_episode": NaN, "reward_std": 10.651720447085028, "num_goal": 1.3300000000000001, "num_goals_std": 1.0682228231974826, "goal_after_found": 341.48780450588322, "goal_first_found": 379.97560975609758, "prob_shortest_per_episode_std": NaN, "goal_first_found_std": 205.27869073172366, "reward_per_dist": -Infinity}}