{"0": {"prob_shortest_per_episode": 0.75997222222222216, "reward": 83.259509620666506, "dist_ratio_per_episode_std": 0.11633132289976315, "goal_after_found_std": 18.074745149898597, "num_ep": 100, "reward_per_dist_std": 0.0012747443267778229, "dist_ratio_per_episode": 1.0413570391659204, "reward_std": 9.9702861229199513, "num_goal": 8.3599999999999994, "num_goals_std": 0.99518842436997834, "goal_after_found": 139.40448425292968, "goal_first_found": 123.45, "prob_shortest_per_episode_std": 0.13684774123106802, "goal_first_found_std": 38.567181644501844, "reward_per_dist": 0.010316067638209725}}