{"0": {"prob_shortest_per_episode": 0.0, "reward": 47.643311481475827, "dist_ratio_per_episode_std": 0.29202126770113745, "goal_after_found_std": 36.771081954937969, "num_ep": 100, "reward_per_dist_std": 0.0012357308938446159, "dist_ratio_per_episode": 1.7138988663195847, "reward_std": 11.139492466865466, "num_goal": 5.8700000000000001, "num_goals_std": 1.1194194924156002, "goal_after_found": 187.025904006958, "goal_first_found": 227.21000000000001, "prob_shortest_per_episode_std": 0.0, "goal_first_found_std": 67.355073305579594, "reward_per_dist": 0.0057319571326501636}}