{"0": {"prob_shortest_per_episode": NaN, "reward": 33.293391230106351, "dist_ratio_per_episode_std": NaN, "goal_after_found_std": 115.15673445227716, "num_ep": 100, "reward_per_dist_std": NaN, "dist_ratio_per_episode": NaN, "reward_std": 13.239536786099334, "num_goal": 3.3599999999999999, "num_goals_std": 1.3230268326832983, "goal_after_found": 290.73465850136495, "goal_first_found": 317.51136363636363, "prob_shortest_per_episode_std": NaN, "goal_first_found_std": 164.90444852579034, "reward_per_dist": NaN}}