{"0": {"prob_shortest_per_episode": NaN, "reward": 17.948243093378842, "dist_ratio_per_episode_std": NaN, "goal_after_found_std": 222.03427390053935, "num_ep": 100, "reward_per_dist_std": NaN, "dist_ratio_per_episode": NaN, "reward_std": 10.682875574518579, "num_goal": 1.8300000000000001, "num_goals_std": 1.0775435026020992, "goal_after_found": 422.11197924613953, "goal_first_found": 260.296875, "prob_shortest_per_episode_std": NaN, "goal_first_found_std": 145.73517073868743, "reward_per_dist": NaN}}