{"0": {"prob_shortest_per_episode": 0.0, "reward": 13.090784458089621, "dist_ratio_per_episode_std": 1.1478027115423823, "goal_after_found_std": 183.53731952734759, "num_ep": 100, "reward_per_dist_std": 0.0049021530974388923, "dist_ratio_per_episode": 2.8820676505303573, "reward_std": 9.5179085299045258, "num_goal": 1.3500000000000001, "num_goals_std": 0.95262794416288243, "goal_after_found": 435.8293653215681, "goal_first_found": 313.33333333333331, "prob_shortest_per_episode_std": 0.0, "goal_first_found_std": 195.12629202972582, "reward_per_dist": 0.0089838919907807256}}