{"0": {"prob_shortest_per_episode": NaN, "reward": 19.457983766533435, "dist_ratio_per_episode_std": NaN, "goal_after_found_std": 144.48473671978047, "num_ep": 100, "reward_per_dist_std": NaN, "dist_ratio_per_episode": NaN, "reward_std": 21.835996865745003, "num_goal": 1.98, "num_goals_std": 2.1724640388278003, "goal_after_found": 275.57959171217317, "goal_first_found": 301.22448979591837, "prob_shortest_per_episode_std": NaN, "goal_first_found_std": 174.91225383919516, "reward_per_dist": NaN}}