{"0": {"prob_shortest_per_episode": 0.0, "reward": 19.480867551863195, "dist_ratio_per_episode_std": 0.49193079274008916, "goal_after_found_std": 71.251455554571038, "num_ep": 100, "reward_per_dist_std": 0.0025071158330020149, "dist_ratio_per_episode": 1.8936172390163715, "reward_std": 20.97530616605718, "num_goal": 1.98, "num_goals_std": 2.0879655169566376, "goal_after_found": 228.46339835372626, "goal_first_found": 284.8235294117647, "prob_shortest_per_episode_std": 0.0, "goal_first_found_std": 120.19766496090121, "reward_per_dist": 0.0094967776100326282}}