{"0": {"prob_shortest_per_episode": 0.31851851851851848, "reward": 38.756365995407101, "dist_ratio_per_episode_std": 0.76587366043508009, "goal_after_found_std": 106.28880514839905, "num_ep": 100, "reward_per_dist_std": 0.0024558874544813388, "dist_ratio_per_episode": 2.0210150767870525, "reward_std": 12.96398741813992, "num_goal": 3.8900000000000001, "num_goals_std": 1.2953377937819928, "goal_after_found": 261.41262609308416, "goal_first_found": 313.46464646464648, "prob_shortest_per_episode_std": 0.25780617321062044, "goal_first_found_std": 157.26438609540918, "reward_per_dist": 0.0073004739476257652}}