{"0": {"prob_shortest_per_episode": 0.0, "reward": 20.406103866696359, "dist_ratio_per_episode_std": 1.3062790798323334, "goal_after_found_std": 178.19229831715774, "num_ep": 100, "reward_per_dist_std": 0.002858730535567251, "dist_ratio_per_episode": 3.0188731387892691, "reward_std": 11.432744588303429, "num_goal": 2.0699999999999998, "num_goals_std": 1.1424097338520887, "goal_after_found": 388.1545896668365, "goal_first_found": 345.50724637681162, "prob_shortest_per_episode_std": 0.0, "goal_first_found_std": 167.73016832931361, "reward_per_dist": 0.0076691818190990548}}