{"0": {"prob_shortest_per_episode": 0.0, "reward": 16.456122260019182, "dist_ratio_per_episode_std": 0.93175107889284459, "goal_after_found_std": 160.82368987160373, "num_ep": 100, "reward_per_dist_std": 0.0029264102317084553, "dist_ratio_per_episode": 2.660409998011243, "reward_std": 11.716478228589239, "num_goal": 1.6799999999999999, "num_goals_std": 1.1651609330903607, "goal_after_found": 362.71383695782356, "goal_first_found": 435.62264150943395, "prob_shortest_per_episode_std": 0.0, "goal_first_found_std": 210.40134392417244, "reward_per_dist": 0.0084047925146887806}}