{"0": {"prob_shortest_per_episode": 0.20153061224489796, "reward": 36.31453743934631, "dist_ratio_per_episode_std": 1.4915822205456717, "goal_after_found_std": 119.26773556045092, "num_ep": 100, "reward_per_dist_std": 0.0040293638368165529, "dist_ratio_per_episode": 2.1948827909541881, "reward_std": 10.709246665587841, "num_goal": 3.6499999999999999, "num_goals_std": 1.0712142642814275, "goal_after_found": 284.06309493707153, "goal_first_found": 305.4795918367347, "prob_shortest_per_episode_std": 0.23475136089880891, "goal_first_found_std": 160.72693471441102, "reward_per_dist": 0.011259209880360155}}