{"0": {"prob_shortest_per_episode": NaN, "reward": 20.476076571792365, "dist_ratio_per_episode_std": NaN, "goal_after_found_std": 157.46694671475385, "num_ep": 100, "reward_per_dist_std": NaN, "dist_ratio_per_episode": NaN, "reward_std": 22.365078471107964, "num_goal": 2.0800000000000001, "num_goals_std": 2.2256684389189689, "goal_after_found": 275.05034061354036, "goal_first_found": 258.0612244897959, "prob_shortest_per_episode_std": NaN, "goal_first_found_std": 122.32716389695321, "reward_per_dist": -Infinity}}