{"0": {"prob_shortest_per_episode": 0.0, "reward": 31.132654886245728, "dist_ratio_per_episode_std": 0.78454015687164813, "goal_after_found_std": 126.48413509856867, "num_ep": 100, "reward_per_dist_std": 0.0022614172739614902, "dist_ratio_per_episode": 2.2928431079218754, "reward_std": 13.38025153556424, "num_goal": 3.1400000000000001, "num_goals_std": 1.3268006632497586, "goal_after_found": 299.34772647510874, "goal_first_found": 241.55681818181819, "prob_shortest_per_episode_std": 0.0, "goal_first_found_std": 105.79545637633042, "reward_per_dist": 0.0082298548323451234}}