{"0": {"prob_shortest_per_episode": NaN, "reward": 13.978949291370808, "dist_ratio_per_episode_std": NaN, "goal_after_found_std": 179.03879665421871, "num_ep": 100, "reward_per_dist_std": NaN, "dist_ratio_per_episode": NaN, "reward_std": 10.584120152690279, "num_goal": 1.4399999999999999, "num_goals_std": 1.0613199329137277, "goal_after_found": 411.44333312988283, "goal_first_found": 363.75999999999999, "prob_shortest_per_episode_std": NaN, "goal_first_found_std": 179.66408210880661, "reward_per_dist": NaN}}