{"0": {"prob_shortest_per_episode": 0.182312925170068, "reward": 37.055777883529665, "dist_ratio_per_episode_std": 1.9080484508887505, "goal_after_found_std": 121.49571597804884, "num_ep": 100, "reward_per_dist_std": 0.0040122044296232225, "dist_ratio_per_episode": 2.2005290761118701, "reward_std": 10.756699201995982, "num_goal": 3.7200000000000002, "num_goals_std": 1.0777754868245986, "goal_after_found": 280.4404767094826, "goal_first_found": 295.13265306122452, "prob_shortest_per_episode_std": 0.22472982426587848, "goal_first_found_std": 146.40255084171608, "reward_per_dist": 0.0077076716151299619}}