{"0": {"prob_shortest_per_episode": NaN, "reward": 19.582419164925813, "dist_ratio_per_episode_std": NaN, "goal_after_found_std": 177.41301640110092, "num_ep": 100, "reward_per_dist_std": NaN, "dist_ratio_per_episode": NaN, "reward_std": 9.3403432321052531, "num_goal": 1.99, "num_goals_std": 0.93268429814165943, "goal_after_found": 416.32638910081653, "goal_first_found": 308.94444444444446, "prob_shortest_per_episode_std": NaN, "goal_first_found_std": 173.38836377150002, "reward_per_dist": -Infinity}}